#pragma once

// Monroe lips frame bank: v1 (0..26) + muscle-channel v2 (27..43).
// Generated by tools/monroe/build_bank.py. 128x64, Adafruit_GFX MSB-first bitmaps.
#define MONROE_FRAME_COUNT 44

#define MONROE_V1_REST 0
#define MONROE_V1_PRESS 1
#define MONROE_V1_SOFT 2
#define MONROE_V1_PART 3
#define MONROE_V1_WIDE_E 4
#define MONROE_V1_AH 5
#define MONROE_V1_OH 6
#define MONROE_V1_OO 7
#define MONROE_V1_BREATH 8
#define MONROE_V1_ASYM_L 9
#define MONROE_V1_ASYM_R 10
#define MONROE_V1_DEEP_AH 11
#define MONROE_V1_OPEN_RISE_1 12
#define MONROE_V1_OPEN_RISE_2 13
#define MONROE_V1_WIDE_RISE_1 14
#define MONROE_V1_WIDE_RISE_2 15
#define MONROE_V1_ROUND_RISE_1 16
#define MONROE_V1_ROUND_RISE_2 17
#define MONROE_V1_SIDE_L_RISE_1 18
#define MONROE_V1_SIDE_L_RISE_2 19
#define MONROE_V1_SIDE_R_RISE_1 20
#define MONROE_V1_SIDE_R_RISE_2 21
#define MONROE_V1_SCREAM_CROP 22
#define MONROE_V1_WIDE_CROP 23
#define MONROE_V1_ROUND_CROP 24
#define MONROE_V1_SIDE_L_CROP 25
#define MONROE_V1_SIDE_R_CROP 26
#define MONROE_V2_REST 27
#define MONROE_V2_PRESS_MBP 28
#define MONROE_V2_FV_TUCK 29
#define MONROE_V2_TH_DH 30
#define MONROE_V2_SOFT 31
#define MONROE_V2_WIDE_I 32
#define MONROE_V2_MID_E 33
#define MONROE_V2_OPEN_AE 34
#define MONROE_V2_OPEN_AH 35
#define MONROE_V2_DEEP_AA 36
#define MONROE_V2_ROUND_AO 37
#define MONROE_V2_ROUND_OW 38
#define MONROE_V2_PUCKER_UW 39
#define MONROE_V2_RHOTIC_ER 40
#define MONROE_V2_BREATH_H 41
#define MONROE_V2_SIDE_L 42
#define MONROE_V2_SIDE_SH 43

static const unsigned char PROGMEM MONROE_FRAMES[MONROE_FRAME_COUNT][1024] = {
  {  // 0: V1_REST
    0x00,0x00,0x00,0x00,0x00,0x00,0x00,0x00,0x00,0x00,0x00,0x00,0x00,0x00,0x00,0x00,
    0x00,0x00,0x00,0x00,0x00,0x00,0x00,0x00,0x00,0x00,0x00,0x00,0x00,0x00,0x00,0x00,
    0x00,0x00,0x00,0x00,0x00,0x00,0x00,0x00,0x00,0x00,0x00,0x00,0x00,0x00,0x00,0x00,
    0x00,0x00,0x00,0x00,0x00,0x00,0x00,0x00,0x00,0x00,0x00,0x00,0x00,0x00,0x00,0x00,
    0x00,0x00,0x00,0x00,0x00,0x06,0xD8,0x00,0x00,0x1B,0x60,0x00,0x00,0x00,0x00,0x00,
    0x00,0x00,0x00,0x00,0x00,0x06,0xD8,0x00,0x00,0x1B,0x60,0x00,0x00,0x00,0x00,0x00,
    0x00,0x00,0x00,0x00,0x00,0x00,0x00,0x00,0x00,0x00,0x00,0x00,0x00,0x00,0x00,0x00,
    0x00,0x00,0x00,0x00,0x00,0x36,0xDB,0x00,0x00,0xDB,0x6C,0x00,0x00,0x00,0x00,0x00,
    0x00,0x00,0x00,0x00,0x00,0x36,0xDB,0x00,0x00,0xDB,0x6C,0x00,0x00,0x00,0x00,0x00,
    0x00,0x00,0x00,0x00,0x00,0x00,0x00,0x00,0x00,0x00,0x00,0x00,0x00,0x00,0x00,0x00,
    0x00,0x00,0x00,0x00,0x01,0xB6,0xDB,0x60,0x06,0xDB,0x6D,0x80,0x00,0x00,0x00,0x00,
    0x00,0x00,0x00,0x00,0x01,0xB6,0xDB,0x60,0x06,0xDB,0x6D,0x80,0x00,0x00,0x00,0x00,
    0x00,0x00,0x00,0x00,0x00,0x00,0x00,0x00,0x00,0x00,0x00,0x00,0x00,0x00,0x00,0x00,
    0x00,0x00,0x00,0x00,0x0D,0xB6,0xDB,0x6D,0xB6,0xDB,0x6D,0xB0,0x00,0x00,0x00,0x00,
    0x00,0x00,0x00,0x00,0x0D,0xB6,0xDB,0x6D,0xB6,0xDB,0x6D,0xB0,0x00,0x00,0x00,0x00,
    0x00,0x00,0x00,0x00,0x00,0x00,0x00,0x00,0x00,0x00,0x00,0x00,0x00,0x00,0x00,0x00,
    0x00,0x00,0x00,0x00,0x6D,0xB6,0xDB,0x6D,0xB6,0xDB,0x6D,0xB6,0x00,0x00,0x00,0x00,
    0x00,0x00,0x00,0x00,0x6D,0xB6,0xDB,0x6D,0xB6,0xDB,0x6D,0xB6,0x00,0x00,0x00,0x00,
    0x00,0x00,0x00,0x00,0x00,0x00,0x00,0x00,0x00,0x00,0x00,0x00,0x00,0x00,0x00,0x00,
    0x00,0x00,0x00,0x03,0x6D,0xB6,0xDB,0x6D,0xB6,0xDB,0x6D,0xB6,0xC0,0x00,0x00,0x00,
    0x00,0x00,0x00,0x03,0x6D,0xB6,0xDB,0x6D,0xB6,0xDB,0x6D,0xB6,0xC0,0x00,0x00,0x00,
    0x00,0x00,0x00,0x00,0x00,0x00,0x00,0x00,0x00,0x00,0x00,0x00,0x00,0x00,0x00,0x00,
    0x00,0x00,0x00,0x1B,0x6D,0xB6,0xDB,0x6D,0xB6,0xDB,0x6D,0xB6,0xD8,0x00,0x00,0x00,
    0x00,0x00,0x00,0x1B,0x6D,0xB6,0xDB,0x6D,0xB6,0xDB,0x6D,0xB6,0xD8,0x00,0x00,0x00,
    0x00,0x00,0x00,0x00,0x00,0x00,0x00,0x00,0x00,0x00,0x00,0x00,0x00,0x00,0x00,0x00,
    0x00,0x00,0x36,0xDB,0x6D,0xB6,0xDB,0x6D,0xB6,0xDB,0x6D,0xB6,0xDB,0x6C,0x00,0x00,
    0x00,0x00,0x36,0xDB,0x6D,0xB6,0xDB,0x6D,0xB6,0xDB,0x6D,0xB6,0xDB,0x6C,0x00,0x00,
    0x00,0x00,0x00,0x00,0x00,0x00,0x00,0x00,0x00,0x00,0x00,0x00,0x00,0x00,0x00,0x00,
    0x00,0x01,0xB6,0x00,0x00,0x00,0x00,0x6D,0xB6,0x00,0x00,0x00,0x00,0x6D,0x80,0x00,
    0x00,0x01,0xB6,0x00,0x00,0x00,0x00,0x6D,0xB6,0x00,0x00,0x00,0x00,0x6D,0x80,0x00,
    0x00,0x00,0x00,0x00,0x00,0x00,0x00,0x00,0x00,0x00,0x00,0x00,0x00,0x00,0x00,0x00,
    0x00,0x00,0x36,0xDB,0x6D,0x80,0x00,0x0D,0xB0,0x00,0x01,0xB6,0xDB,0x6C,0x00,0x00,
    0x00,0x00,0x36,0xDB,0x6D,0x80,0x00,0x0D,0xB0,0x00,0x01,0xB6,0xDB,0x6C,0x00,0x00,
    0x00,0x00,0x00,0x00,0x00,0x00,0x00,0x00,0x00,0x00,0x00,0x00,0x00,0x00,0x00,0x00,
    0x00,0x00,0x06,0xDB,0x6D,0xB6,0xC0,0x00,0x00,0x03,0x6D,0xB6,0xDB,0x60,0x00,0x00,
    0x00,0x00,0x06,0xDB,0x6D,0xB6,0xC0,0x00,0x00,0x03,0x6D,0xB6,0xDB,0x60,0x00,0x00,
    0x00,0x00,0x00,0x00,0x00,0x00,0x00,0x00,0x00,0x00,0x00,0x00,0x00,0x00,0x00,0x00,
    0x00,0x00,0x00,0xDB,0x6D,0xB6,0xDB,0x6D,0xB6,0xDB,0x6D,0xB6,0xDB,0x00,0x00,0x00,
    0x00,0x00,0x00,0xDB,0x6D,0xB6,0xDB,0x6D,0xB6,0xDB,0x6D,0xB6,0xDB,0x00,0x00,0x00,
    0x00,0x00,0x00,0x00,0x00,0x00,0x00,0x00,0x00,0x00,0x00,0x00,0x00,0x00,0x00,0x00,
    0x00,0x00,0x00,0xDB,0x6D,0xB6,0xDB,0x6D,0xB6,0xDB,0x6D,0xB6,0xDB,0x00,0x00,0x00,
    0x00,0x00,0x00,0xDB,0x6D,0xB6,0xDB,0x6D,0xB6,0xDB,0x6D,0xB6,0xDB,0x00,0x00,0x00,
    0x00,0x00,0x00,0x00,0x00,0x00,0x00,0x00,0x00,0x00,0x00,0x00,0x00,0x00,0x00,0x00,
    0x00,0x00,0x00,0x03,0x6D,0xB6,0xDB,0x6D,0xB6,0xDB,0x6D,0xB6,0xC0,0x00,0x00,0x00,
    0x00,0x00,0x00,0x03,0x6D,0xB6,0xDB,0x6D,0xB6,0xDB,0x6D,0xB6,0xC0,0x00,0x00,0x00,
    0x00,0x00,0x00,0x00,0x00,0x00,0x00,0x00,0x00,0x00,0x00,0x00,0x00,0x00,0x00,0x00,
    0x00,0x00,0x00,0x00,0x6D,0xB6,0xDB,0x6D,0xB6,0xDB,0x6D,0xB6,0x00,0x00,0x00,0x00,
    0x00,0x00,0x00,0x00,0x6D,0xB6,0xDB,0x6D,0xB6,0xDB,0x6D,0xB6,0x00,0x00,0x00,0x00,
    0x00,0x00,0x00,0x00,0x00,0x00,0x00,0x00,0x00,0x00,0x00,0x00,0x00,0x00,0x00,0x00,
    0x00,0x00,0x00,0x00,0x0D,0xB6,0xDB,0x6D,0xB6,0xDB,0x6D,0xB0,0x00,0x00,0x00,0x00,
    0x00,0x00,0x00,0x00,0x0D,0xB6,0xDB,0x6D,0xB6,0xDB,0x6D,0xB0,0x00,0x00,0x00,0x00,
    0x00,0x00,0x00,0x00,0x00,0x00,0x00,0x00,0x00,0x00,0x00,0x00,0x00,0x00,0x00,0x00,
    0x00,0x00,0x00,0x00,0x00,0x36,0xDB,0x6D,0xB6,0xDB,0x6C,0x00,0x00,0x00,0x00,0x00,
    0x00,0x00,0x00,0x00,0x00,0x36,0xDB,0x6D,0xB6,0xDB,0x6C,0x00,0x00,0x00,0x00,0x00,
    0x00,0x00,0x00,0x00,0x00,0x00,0x00,0x00,0x00,0x00,0x00,0x00,0x00,0x00,0x00,0x00,
    0x00,0x00,0x00,0x00,0x00,0x00,0xDB,0x6D,0xB6,0xDB,0x00,0x00,0x00,0x00,0x00,0x00,
    0x00,0x00,0x00,0x00,0x00,0x00,0xDB,0x6D,0xB6,0xDB,0x00,0x00,0x00,0x00,0x00,0x00,
    0x00,0x00,0x00,0x00,0x00,0x00,0x00,0x00,0x00,0x00,0x00,0x00,0x00,0x00,0x00,0x00,
    0x00,0x00,0x00,0x00,0x00,0x00,0x00,0x00,0x00,0x00,0x00,0x00,0x00,0x00,0x00,0x00,
    0x00,0x00,0x00,0x00,0x00,0x00,0x00,0x00,0x00,0x00,0x00,0x00,0x00,0x00,0x00,0x00,
    0x00,0x00,0x00,0x00,0x00,0x00,0x00,0x00,0x00,0x00,0x00,0x00,0x00,0x00,0x00,0x00,
    0x00,0x00,0x00,0x00,0x00,0x00,0x00,0x00,0x00,0x00,0x00,0x00,0x00,0x00,0x00,0x00,
    0x00,0x00,0x00,0x00,0x00,0x00,0x00,0x00,0x00,0x00,0x00,0x00,0x00,0x00,0x00,0x00,
    0x00,0x00,0x00,0x00,0x00,0x00,0x00,0x00,0x00,0x00,0x00,0x00,0x00,0x00,0x00,0x00,
  },
  {  // 1: V1_PRESS
    0x00,0x00,0x00,0x00,0x00,0x00,0x00,0x00,0x00,0x00,0x00,0x00,0x00,0x00,0x00,0x00,
    0x00,0x00,0x00,0x00,0x00,0x00,0x00,0x00,0x00,0x00,0x00,0x00,0x00,0x00,0x00,0x00,
    0x00,0x00,0x00,0x00,0x00,0x00,0x00,0x00,0x00,0x00,0x00,0x00,0x00,0x00,0x00,0x00,
    0x00,0x00,0x00,0x00,0x00,0x00,0x00,0x00,0x00,0x00,0x00,0x00,0x00,0x00,0x00,0x00,
    0x00,0x00,0x00,0x00,0x00,0x00,0xD8,0x00,0x00,0x1B,0x60,0x00,0x00,0x00,0x00,0x00,
    0x00,0x00,0x00,0x00,0x00,0x00,0xD8,0x00,0x00,0x1B,0x60,0x00,0x00,0x00,0x00,0x00,
    0x00,0x00,0x00,0x00,0x00,0x00,0x00,0x00,0x00,0x00,0x00,0x00,0x00,0x00,0x00,0x00,
    0x00,0x00,0x00,0x00,0x00,0x06,0xDB,0x00,0x06,0xDB,0x60,0x00,0x00,0x00,0x00,0x00,
    0x00,0x00,0x00,0x00,0x00,0x06,0xDB,0x00,0x06,0xDB,0x60,0x00,0x00,0x00,0x00,0x00,
    0x00,0x00,0x00,0x00,0x00,0x00,0x00,0x00,0x00,0x00,0x00,0x00,0x00,0x00,0x00,0x00,
    0x00,0x00,0x00,0x00,0x00,0x36,0xDB,0x6C,0x36,0xDB,0x6C,0x00,0x00,0x00,0x00,0x00,
    0x00,0x00,0x00,0x00,0x00,0x36,0xDB,0x6C,0x36,0xDB,0x6C,0x00,0x00,0x00,0x00,0x00,
    0x00,0x00,0x00,0x00,0x00,0x00,0x00,0x00,0x00,0x00,0x00,0x00,0x00,0x00,0x00,0x00,
    0x00,0x00,0x00,0x00,0x01,0xB6,0xDB,0x6D,0xB6,0xDB,0x6D,0x80,0x00,0x00,0x00,0x00,
    0x00,0x00,0x00,0x00,0x01,0xB6,0xDB,0x6D,0xB6,0xDB,0x6D,0x80,0x00,0x00,0x00,0x00,
    0x00,0x00,0x00,0x00,0x00,0x00,0x00,0x00,0x00,0x00,0x00,0x00,0x00,0x00,0x00,0x00,
    0x00,0x00,0x00,0x00,0x0D,0xB6,0xDB,0x6D,0xB6,0xDB,0x6D,0xB0,0x00,0x00,0x00,0x00,
    0x00,0x00,0x00,0x00,0x0D,0xB6,0xDB,0x6D,0xB6,0xDB,0x6D,0xB0,0x00,0x00,0x00,0x00,
    0x00,0x00,0x00,0x00,0x00,0x00,0x00,0x00,0x00,0x00,0x00,0x00,0x00,0x00,0x00,0x00,
    0x00,0x00,0x00,0x00,0x6D,0xB6,0xDB,0x6D,0xB6,0xDB,0x6D,0xB6,0x00,0x00,0x00,0x00,
    0x00,0x00,0x00,0x00,0x6D,0xB6,0xDB,0x6D,0xB6,0xDB,0x6D,0xB6,0x00,0x00,0x00,0x00,
    0x00,0x00,0x00,0x00,0x00,0x00,0x00,0x00,0x00,0x00,0x00,0x00,0x00,0x00,0x00,0x00,
    0x00,0x00,0x00,0x03,0x6D,0xB6,0xDB,0x6D,0xB6,0xDB,0x6D,0xB6,0xD8,0x00,0x00,0x00,
    0x00,0x00,0x00,0x03,0x6D,0xB6,0xDB,0x6D,0xB6,0xDB,0x6D,0xB6,0xD8,0x00,0x00,0x00,
    0x00,0x00,0x00,0x00,0x00,0x00,0x00,0x00,0x00,0x00,0x00,0x00,0x00,0x00,0x00,0x00,
    0x00,0x00,0x06,0xDB,0x6D,0xB6,0xDB,0x6D,0xB6,0xDB,0x6D,0xB6,0xDB,0x60,0x00,0x00,
    0x00,0x00,0x06,0xDB,0x6D,0xB6,0xDB,0x6D,0xB6,0xDB,0x6D,0xB6,0xDB,0x60,0x00,0x00,
    0x00,0x00,0x00,0x00,0x00,0x00,0x00,0x00,0x00,0x00,0x00,0x00,0x00,0x00,0x00,0x00,
    0x00,0x00,0x36,0x00,0x00,0x00,0x00,0x6D,0xB6,0x00,0x00,0x00,0x1B,0x60,0x00,0x00,
    0x00,0x00,0x36,0x00,0x00,0x00,0x00,0x6D,0xB6,0x00,0x00,0x00,0x1B,0x60,0x00,0x00,
    0x00,0x00,0x00,0x00,0x00,0x00,0x00,0x00,0x00,0x00,0x00,0x00,0x00,0x00,0x00,0x00,
    0x00,0x00,0x06,0xDB,0x6D,0x80,0x00,0x0D,0xB0,0x00,0x01,0xB6,0xDB,0x60,0x00,0x00,
    0x00,0x00,0x06,0xDB,0x6D,0x80,0x00,0x0D,0xB0,0x00,0x01,0xB6,0xDB,0x60,0x00,0x00,
    0x00,0x00,0x00,0x00,0x00,0x00,0x00,0x00,0x00,0x00,0x00,0x00,0x00,0x00,0x00,0x00,
    0x00,0x00,0x00,0xDB,0x6D,0xB6,0xC0,0x00,0x00,0x03,0x6D,0xB6,0xDB,0x00,0x00,0x00,
    0x00,0x00,0x00,0xDB,0x6D,0xB6,0xC0,0x00,0x00,0x03,0x6D,0xB6,0xDB,0x00,0x00,0x00,
    0x00,0x00,0x00,0x00,0x00,0x00,0x00,0x00,0x00,0x00,0x00,0x00,0x00,0x00,0x00,0x00,
    0x00,0x00,0x00,0xDB,0x6D,0xB6,0xDB,0x6D,0xB6,0xDB,0x6D,0xB6,0xD8,0x00,0x00,0x00,
    0x00,0x00,0x00,0xDB,0x6D,0xB6,0xDB,0x6D,0xB6,0xDB,0x6D,0xB6,0xD8,0x00,0x00,0x00,
    0x00,0x00,0x00,0x00,0x00,0x00,0x00,0x00,0x00,0x00,0x00,0x00,0x00,0x00,0x00,0x00,
    0x00,0x00,0x00,0x1B,0x6D,0xB6,0xDB,0x6D,0xB6,0xDB,0x6D,0xB6,0xC0,0x00,0x00,0x00,
    0x00,0x00,0x00,0x1B,0x6D,0xB6,0xDB,0x6D,0xB6,0xDB,0x6D,0xB6,0xC0,0x00,0x00,0x00,
    0x00,0x00,0x00,0x00,0x00,0x00,0x00,0x00,0x00,0x00,0x00,0x00,0x00,0x00,0x00,0x00,
    0x00,0x00,0x00,0x03,0x6D,0xB6,0xDB,0x6D,0xB6,0xDB,0x6D,0xB6,0x00,0x00,0x00,0x00,
    0x00,0x00,0x00,0x03,0x6D,0xB6,0xDB,0x6D,0xB6,0xDB,0x6D,0xB6,0x00,0x00,0x00,0x00,
    0x00,0x00,0x00,0x00,0x00,0x00,0x00,0x00,0x00,0x00,0x00,0x00,0x00,0x00,0x00,0x00,
    0x00,0x00,0x00,0x00,0x6D,0xB6,0xDB,0x6D,0xB6,0xDB,0x6D,0xB0,0x00,0x00,0x00,0x00,
    0x00,0x00,0x00,0x00,0x6D,0xB6,0xDB,0x6D,0xB6,0xDB,0x6D,0xB0,0x00,0x00,0x00,0x00,
    0x00,0x00,0x00,0x00,0x00,0x00,0x00,0x00,0x00,0x00,0x00,0x00,0x00,0x00,0x00,0x00,
    0x00,0x00,0x00,0x00,0x01,0xB6,0xDB,0x6D,0xB6,0xDB,0x6D,0x80,0x00,0x00,0x00,0x00,
    0x00,0x00,0x00,0x00,0x01,0xB6,0xDB,0x6D,0xB6,0xDB,0x6D,0x80,0x00,0x00,0x00,0x00,
    0x00,0x00,0x00,0x00,0x00,0x00,0x00,0x00,0x00,0x00,0x00,0x00,0x00,0x00,0x00,0x00,
    0x00,0x00,0x00,0x00,0x00,0x36,0xDB,0x6D,0xB6,0xDB,0x6C,0x00,0x00,0x00,0x00,0x00,
    0x00,0x00,0x00,0x00,0x00,0x36,0xDB,0x6D,0xB6,0xDB,0x6C,0x00,0x00,0x00,0x00,0x00,
    0x00,0x00,0x00,0x00,0x00,0x00,0x00,0x00,0x00,0x00,0x00,0x00,0x00,0x00,0x00,0x00,
    0x00,0x00,0x00,0x00,0x00,0x00,0xDB,0x6D,0xB6,0xD8,0x00,0x00,0x00,0x00,0x00,0x00,
    0x00,0x00,0x00,0x00,0x00,0x00,0xDB,0x6D,0xB6,0xD8,0x00,0x00,0x00,0x00,0x00,0x00,
    0x00,0x00,0x00,0x00,0x00,0x00,0x00,0x00,0x00,0x00,0x00,0x00,0x00,0x00,0x00,0x00,
    0x00,0x00,0x00,0x00,0x00,0x00,0x00,0x00,0x00,0x00,0x00,0x00,0x00,0x00,0x00,0x00,
    0x00,0x00,0x00,0x00,0x00,0x00,0x00,0x00,0x00,0x00,0x00,0x00,0x00,0x00,0x00,0x00,
    0x00,0x00,0x00,0x00,0x00,0x00,0x00,0x00,0x00,0x00,0x00,0x00,0x00,0x00,0x00,0x00,
    0x00,0x00,0x00,0x00,0x00,0x00,0x00,0x00,0x00,0x00,0x00,0x00,0x00,0x00,0x00,0x00,
    0x00,0x00,0x00,0x00,0x00,0x00,0x00,0x00,0x00,0x00,0x00,0x00,0x00,0x00,0x00,0x00,
    0x00,0x00,0x00,0x00,0x00,0x00,0x00,0x00,0x00,0x00,0x00,0x00,0x00,0x00,0x00,0x00,
  },
  {  // 2: V1_SOFT
    0x00,0x00,0x00,0x00,0x00,0x00,0x00,0x00,0x00,0x00,0x00,0x00,0x00,0x00,0x00,0x00,
    0x00,0x00,0x00,0x00,0x00,0x00,0x00,0x00,0x00,0x00,0x00,0x00,0x00,0x00,0x00,0x00,
    0x00,0x00,0x00,0x00,0x00,0x00,0x00,0x00,0x00,0x00,0x00,0x00,0x00,0x00,0x00,0x00,
    0x00,0x00,0x00,0x00,0x00,0x00,0x00,0x00,0x00,0x00,0x00,0x00,0x00,0x00,0x00,0x00,
    0x00,0x00,0x00,0x00,0x00,0x06,0xDB,0x00,0x00,0xDB,0x60,0x00,0x00,0x00,0x00,0x00,
    0x00,0x00,0x00,0x00,0x00,0x06,0xDB,0x00,0x00,0xDB,0x60,0x00,0x00,0x00,0x00,0x00,
    0x00,0x00,0x00,0x00,0x00,0x00,0x00,0x00,0x00,0x00,0x00,0x00,0x00,0x00,0x00,0x00,
    0x00,0x00,0x00,0x00,0x00,0x36,0xDB,0x60,0x06,0xDB,0x6C,0x00,0x00,0x00,0x00,0x00,
    0x00,0x00,0x00,0x00,0x00,0x36,0xDB,0x60,0x06,0xDB,0x6C,0x00,0x00,0x00,0x00,0x00,
    0x00,0x00,0x00,0x00,0x00,0x00,0x00,0x00,0x00,0x00,0x00,0x00,0x00,0x00,0x00,0x00,
    0x00,0x00,0x00,0x00,0x01,0xB6,0xDB,0x6C,0x36,0xDB,0x6D,0x80,0x00,0x00,0x00,0x00,
    0x00,0x00,0x00,0x00,0x01,0xB6,0xDB,0x6C,0x36,0xDB,0x6D,0x80,0x00,0x00,0x00,0x00,
    0x00,0x00,0x00,0x00,0x00,0x00,0x00,0x00,0x00,0x00,0x00,0x00,0x00,0x00,0x00,0x00,
    0x00,0x00,0x00,0x00,0x0D,0xB6,0xDB,0x6D,0xB6,0xDB,0x6D,0xB0,0x00,0x00,0x00,0x00,
    0x00,0x00,0x00,0x00,0x0D,0xB6,0xDB,0x6D,0xB6,0xDB,0x6D,0xB0,0x00,0x00,0x00,0x00,
    0x00,0x00,0x00,0x00,0x00,0x00,0x00,0x00,0x00,0x00,0x00,0x00,0x00,0x00,0x00,0x00,
    0x00,0x00,0x00,0x00,0x6D,0xB6,0xDB,0x6D,0xB6,0xDB,0x6D,0xB6,0x00,0x00,0x00,0x00,
    0x00,0x00,0x00,0x00,0x6D,0xB6,0xDB,0x6D,0xB6,0xDB,0x6D,0xB6,0x00,0x00,0x00,0x00,
    0x00,0x00,0x00,0x00,0x00,0x00,0x00,0x00,0x00,0x00,0x00,0x00,0x00,0x00,0x00,0x00,
    0x00,0x00,0x00,0x03,0x6D,0xB6,0xDB,0x6D,0xB6,0xDB,0x6D,0xB6,0xC0,0x00,0x00,0x00,
    0x00,0x00,0x00,0x03,0x6D,0xB6,0xDB,0x6D,0xB6,0xDB,0x6D,0xB6,0xC0,0x00,0x00,0x00,
    0x00,0x00,0x00,0x00,0x00,0x00,0x00,0x00,0x00,0x00,0x00,0x00,0x00,0x00,0x00,0x00,
    0x00,0x00,0x00,0xDB,0x6D,0xB6,0xDB,0x6D,0xB6,0xDB,0x6D,0xB6,0xD8,0x00,0x00,0x00,
    0x00,0x00,0x00,0xDB,0x6D,0xB6,0xDB,0x6D,0xB6,0xDB,0x6D,0xB6,0xD8,0x00,0x00,0x00,
    0x00,0x00,0x00,0x00,0x00,0x00,0x00,0x00,0x00,0x00,0x00,0x00,0x00,0x00,0x00,0x00,
    0x00,0x00,0x36,0xDB,0x6D,0xB0,0x03,0x6D,0xB6,0xC0,0x0D,0xB6,0xDB,0x6C,0x00,0x00,
    0x00,0x00,0x36,0xDB,0x6D,0xB0,0x03,0x6D,0xB6,0xC0,0x0D,0xB6,0xDB,0x6C,0x00,0x00,
    0x00,0x00,0x00,0x00,0x00,0x00,0x00,0x00,0x00,0x00,0x00,0x00,0x00,0x00,0x00,0x00,
    0x00,0x00,0x36,0x00,0x00,0x00,0x00,0x0D,0xB6,0x00,0x00,0x00,0x00,0x0D,0x80,0x00,
    0x00,0x00,0x36,0x00,0x00,0x00,0x00,0x0D,0xB6,0x00,0x00,0x00,0x00,0x0D,0x80,0x00,
    0x00,0x00,0x00,0x00,0x00,0x00,0x00,0x00,0x00,0x00,0x00,0x00,0x00,0x00,0x00,0x00,
    0x00,0x00,0x36,0xDB,0x60,0x00,0x00,0x00,0x00,0x00,0x00,0x00,0xDB,0x6C,0x00,0x00,
    0x00,0x00,0x36,0xDB,0x60,0x00,0x00,0x00,0x00,0x00,0x00,0x00,0xDB,0x6C,0x00,0x00,
    0x00,0x00,0x00,0x00,0x00,0x00,0x00,0x00,0x00,0x00,0x00,0x00,0x00,0x00,0x00,0x00,
    0x00,0x00,0x06,0xDB,0x6D,0xB0,0x00,0x00,0x00,0x00,0x0D,0xB6,0xDB,0x60,0x00,0x00,
    0x00,0x00,0x06,0xDB,0x6D,0xB0,0x00,0x00,0x00,0x00,0x0D,0xB6,0xDB,0x60,0x00,0x00,
    0x00,0x00,0x00,0x00,0x00,0x00,0x00,0x00,0x00,0x00,0x00,0x00,0x00,0x00,0x00,0x00,
    0x00,0x00,0x00,0xDB,0x6D,0xB6,0xDB,0x00,0x00,0x1B,0x6D,0xB6,0xDB,0x60,0x00,0x00,
    0x00,0x00,0x00,0xDB,0x6D,0xB6,0xDB,0x00,0x00,0x1B,0x6D,0xB6,0xDB,0x60,0x00,0x00,
    0x00,0x00,0x00,0x00,0x00,0x00,0x00,0x00,0x00,0x00,0x00,0x00,0x00,0x00,0x00,0x00,
    0x00,0x00,0x00,0x1B,0x6D,0xB6,0xDB,0x6D,0xB6,0xDB,0x6D,0xB6,0xDB,0x00,0x00,0x00,
    0x00,0x00,0x00,0x1B,0x6D,0xB6,0xDB,0x6D,0xB6,0xDB,0x6D,0xB6,0xDB,0x00,0x00,0x00,
    0x00,0x00,0x00,0x00,0x00,0x00,0x00,0x00,0x00,0x00,0x00,0x00,0x00,0x00,0x00,0x00,
    0x00,0x00,0x00,0x03,0x6D,0xB6,0xDB,0x6D,0xB6,0xDB,0x6D,0xB6,0xD8,0x00,0x00,0x00,
    0x00,0x00,0x00,0x03,0x6D,0xB6,0xDB,0x6D,0xB6,0xDB,0x6D,0xB6,0xD8,0x00,0x00,0x00,
    0x00,0x00,0x00,0x00,0x00,0x00,0x00,0x00,0x00,0x00,0x00,0x00,0x00,0x00,0x00,0x00,
    0x00,0x00,0x00,0x00,0x6D,0xB6,0xDB,0x6D,0xB6,0xDB,0x6D,0xB6,0x00,0x00,0x00,0x00,
    0x00,0x00,0x00,0x00,0x6D,0xB6,0xDB,0x6D,0xB6,0xDB,0x6D,0xB6,0x00,0x00,0x00,0x00,
    0x00,0x00,0x00,0x00,0x00,0x00,0x00,0x00,0x00,0x00,0x00,0x00,0x00,0x00,0x00,0x00,
    0x00,0x00,0x00,0x00,0x0D,0xB6,0xDB,0x6D,0xB6,0xDB,0x6D,0xB0,0x00,0x00,0x00,0x00,
    0x00,0x00,0x00,0x00,0x0D,0xB6,0xDB,0x6D,0xB6,0xDB,0x6D,0xB0,0x00,0x00,0x00,0x00,
    0x00,0x00,0x00,0x00,0x00,0x00,0x00,0x00,0x00,0x00,0x00,0x00,0x00,0x00,0x00,0x00,
    0x00,0x00,0x00,0x00,0x01,0xB6,0xDB,0x6D,0xB6,0xDB,0x6D,0x80,0x00,0x00,0x00,0x00,
    0x00,0x00,0x00,0x00,0x01,0xB6,0xDB,0x6D,0xB6,0xDB,0x6D,0x80,0x00,0x00,0x00,0x00,
    0x00,0x00,0x00,0x00,0x00,0x00,0x00,0x00,0x00,0x00,0x00,0x00,0x00,0x00,0x00,0x00,
    0x00,0x00,0x00,0x00,0x00,0x06,0xDB,0x6D,0xB6,0xDB,0x60,0x00,0x00,0x00,0x00,0x00,
    0x00,0x00,0x00,0x00,0x00,0x06,0xDB,0x6D,0xB6,0xDB,0x60,0x00,0x00,0x00,0x00,0x00,
    0x00,0x00,0x00,0x00,0x00,0x00,0x00,0x00,0x00,0x00,0x00,0x00,0x00,0x00,0x00,0x00,
    0x00,0x00,0x00,0x00,0x00,0x00,0x1B,0x6D,0xB6,0xD8,0x00,0x00,0x00,0x00,0x00,0x00,
    0x00,0x00,0x00,0x00,0x00,0x00,0x1B,0x6D,0xB6,0xD8,0x00,0x00,0x00,0x00,0x00,0x00,
    0x00,0x00,0x00,0x00,0x00,0x00,0x00,0x00,0x00,0x00,0x00,0x00,0x00,0x00,0x00,0x00,
    0x00,0x00,0x00,0x00,0x00,0x00,0x00,0x00,0x00,0x00,0x00,0x00,0x00,0x00,0x00,0x00,
    0x00,0x00,0x00,0x00,0x00,0x00,0x00,0x00,0x00,0x00,0x00,0x00,0x00,0x00,0x00,0x00,
    0x00,0x00,0x00,0x00,0x00,0x00,0x00,0x00,0x00,0x00,0x00,0x00,0x00,0x00,0x00,0x00,
  },
  {  // 3: V1_PART
    0x00,0x00,0x00,0x00,0x00,0x00,0x00,0x00,0x00,0x00,0x00,0x00,0x00,0x00,0x00,0x00,
    0x00,0x00,0x00,0x00,0x00,0x00,0xC0,0x00,0x00,0x03,0x60,0x00,0x00,0x00,0x00,0x00,
    0x00,0x00,0x00,0x00,0x00,0x00,0xC0,0x00,0x00,0x03,0x60,0x00,0x00,0x00,0x00,0x00,
    0x00,0x00,0x00,0x00,0x00,0x00,0x00,0x00,0x00,0x00,0x00,0x00,0x00,0x00,0x00,0x00,
    0x00,0x00,0x00,0x00,0x00,0x36,0xDB,0x00,0x00,0xDB,0x6C,0x00,0x00,0x00,0x00,0x00,
    0x00,0x00,0x00,0x00,0x00,0x36,0xDB,0x00,0x00,0xDB,0x6C,0x00,0x00,0x00,0x00,0x00,
    0x00,0x00,0x00,0x00,0x00,0x00,0x00,0x00,0x00,0x00,0x00,0x00,0x00,0x00,0x00,0x00,
    0x00,0x00,0x00,0x00,0x00,0x36,0xDB,0x60,0x06,0xDB,0x6C,0x00,0x00,0x00,0x00,0x00,
    0x00,0x00,0x00,0x00,0x00,0x36,0xDB,0x60,0x06,0xDB,0x6C,0x00,0x00,0x00,0x00,0x00,
    0x00,0x00,0x00,0x00,0x00,0x00,0x00,0x00,0x00,0x00,0x00,0x00,0x00,0x00,0x00,0x00,
    0x00,0x00,0x00,0x00,0x01,0xB6,0xDB,0x6D,0xB6,0xDB,0x6D,0x80,0x00,0x00,0x00,0x00,
    0x00,0x00,0x00,0x00,0x01,0xB6,0xDB,0x6D,0xB6,0xDB,0x6D,0x80,0x00,0x00,0x00,0x00,
    0x00,0x00,0x00,0x00,0x00,0x00,0x00,0x00,0x00,0x00,0x00,0x00,0x00,0x00,0x00,0x00,
    0x00,0x00,0x00,0x00,0x0D,0xB6,0xDB,0x6D,0xB6,0xDB,0x6D,0xB0,0x00,0x00,0x00,0x00,
    0x00,0x00,0x00,0x00,0x0D,0xB6,0xDB,0x6D,0xB6,0xDB,0x6D,0xB0,0x00,0x00,0x00,0x00,
    0x00,0x00,0x00,0x00,0x00,0x00,0x00,0x00,0x00,0x00,0x00,0x00,0x00,0x00,0x00,0x00,
    0x00,0x00,0x00,0x00,0x6D,0xB6,0xDB,0x6D,0xB6,0xDB,0x6D,0xB6,0x00,0x00,0x00,0x00,
    0x00,0x00,0x00,0x00,0x6D,0xB6,0xDB,0x6D,0xB6,0xDB,0x6D,0xB6,0x00,0x00,0x00,0x00,
    0x00,0x00,0x00,0x00,0x00,0x00,0x00,0x00,0x00,0x00,0x00,0x00,0x00,0x00,0x00,0x00,
    0x00,0x00,0x00,0x03,0x6D,0xB6,0xDB,0x6D,0xB6,0xDB,0x6D,0xB6,0xC0,0x00,0x00,0x00,
    0x00,0x00,0x00,0x03,0x6D,0xB6,0xDB,0x6D,0xB6,0xDB,0x6D,0xB6,0xC0,0x00,0x00,0x00,
    0x00,0x00,0x00,0x00,0x00,0x00,0x00,0x00,0x00,0x00,0x00,0x00,0x00,0x00,0x00,0x00,
    0x00,0x00,0x00,0xDB,0x6D,0xB6,0xDB,0x6D,0xB6,0xD8,0x6D,0xB6,0xDB,0x00,0x00,0x00,
    0x00,0x00,0x00,0xDB,0x6D,0xB6,0xDB,0x6D,0xB6,0xD8,0x6D,0xB6,0xDB,0x00,0x00,0x00,
    0x00,0x00,0x00,0x00,0x00,0x00,0x00,0x00,0x00,0x00,0x00,0x00,0x00,0x00,0x00,0x00,
    0x00,0x00,0x36,0x00,0x00,0x00,0x00,0x6D,0xB6,0x00,0x00,0x00,0x00,0x0C,0x00,0x00,
    0x00,0x00,0x36,0x00,0x00,0x00,0x00,0x6D,0xB6,0x00,0x00,0x00,0x00,0x0C,0x00,0x00,
    0x00,0x00,0x00,0x00,0x00,0x00,0x00,0x00,0x00,0x00,0x00,0x00,0x00,0x00,0x00,0x00,
    0x00,0x01,0x80,0x00,0x00,0x00,0x00,0x00,0x00,0x00,0x00,0x00,0x00,0x01,0x80,0x00,
    0x00,0x01,0x80,0x00,0x00,0x00,0x00,0x00,0x00,0x00,0x00,0x00,0x00,0x01,0x80,0x00,
    0x00,0x00,0x00,0x00,0x00,0x00,0x00,0x00,0x00,0x00,0x00,0x00,0x00,0x00,0x00,0x00,
    0x00,0x00,0x36,0xC0,0x00,0x00,0x00,0x00,0x00,0x00,0x00,0x00,0x03,0x6C,0x00,0x00,
    0x00,0x00,0x36,0xC0,0x00,0x00,0x00,0x00,0x00,0x00,0x00,0x00,0x03,0x6C,0x00,0x00,
    0x00,0x00,0x00,0x00,0x00,0x00,0x00,0x00,0x00,0x00,0x00,0x00,0x00,0x00,0x00,0x00,
    0x00,0x00,0x36,0xDB,0x60,0x00,0x00,0x00,0x00,0x00,0x00,0x06,0xDB,0x6C,0x00,0x00,
    0x00,0x00,0x36,0xDB,0x60,0x00,0x00,0x00,0x00,0x00,0x00,0x06,0xDB,0x6C,0x00,0x00,
    0x00,0x00,0x00,0x00,0x00,0x00,0x00,0x00,0x00,0x00,0x00,0x00,0x00,0x00,0x00,0x00,
    0x00,0x00,0x06,0xDB,0x6D,0xB0,0x00,0x00,0x00,0x00,0x0D,0xB6,0xDB,0x60,0x00,0x00,
    0x00,0x00,0x06,0xDB,0x6D,0xB0,0x00,0x00,0x00,0x00,0x0D,0xB6,0xDB,0x60,0x00,0x00,
    0x00,0x00,0x00,0x00,0x00,0x00,0x00,0x00,0x00,0x00,0x00,0x00,0x00,0x00,0x00,0x00,
    0x00,0x00,0x00,0xDB,0x6D,0xB6,0xD8,0x00,0x00,0xDB,0x6D,0xB6,0xDB,0x00,0x00,0x00,
    0x00,0x00,0x00,0xDB,0x6D,0xB6,0xD8,0x00,0x00,0xDB,0x6D,0xB6,0xDB,0x00,0x00,0x00,
    0x00,0x00,0x00,0x00,0x00,0x00,0x00,0x00,0x00,0x00,0x00,0x00,0x00,0x00,0x00,0x00,
    0x00,0x00,0x00,0xDB,0x6D,0xB6,0xDB,0x6D,0xB6,0xDB,0x6D,0xB6,0xD8,0x00,0x00,0x00,
    0x00,0x00,0x00,0xDB,0x6D,0xB6,0xDB,0x6D,0xB6,0xDB,0x6D,0xB6,0xD8,0x00,0x00,0x00,
    0x00,0x00,0x00,0x00,0x00,0x00,0x00,0x00,0x00,0x00,0x00,0x00,0x00,0x00,0x00,0x00,
    0x00,0x00,0x00,0x1B,0x6D,0xB6,0xDB,0x6D,0xB6,0xDB,0x6D,0xB6,0xC0,0x00,0x00,0x00,
    0x00,0x00,0x00,0x1B,0x6D,0xB6,0xDB,0x6D,0xB6,0xDB,0x6D,0xB6,0xC0,0x00,0x00,0x00,
    0x00,0x00,0x00,0x00,0x00,0x00,0x00,0x00,0x00,0x00,0x00,0x00,0x00,0x00,0x00,0x00,
    0x00,0x00,0x00,0x00,0x6D,0xB6,0xDB,0x6D,0xB6,0xDB,0x6D,0xB6,0x00,0x00,0x00,0x00,
    0x00,0x00,0x00,0x00,0x6D,0xB6,0xDB,0x6D,0xB6,0xDB,0x6D,0xB6,0x00,0x00,0x00,0x00,
    0x00,0x00,0x00,0x00,0x00,0x00,0x00,0x00,0x00,0x00,0x00,0x00,0x00,0x00,0x00,0x00,
    0x00,0x00,0x00,0x00,0x0D,0xB6,0xDB,0x6D,0xB6,0xDB,0x6D,0xB0,0x00,0x00,0x00,0x00,
    0x00,0x00,0x00,0x00,0x0D,0xB6,0xDB,0x6D,0xB6,0xDB,0x6D,0xB0,0x00,0x00,0x00,0x00,
    0x00,0x00,0x00,0x00,0x00,0x00,0x00,0x00,0x00,0x00,0x00,0x00,0x00,0x00,0x00,0x00,
    0x00,0x00,0x00,0x00,0x01,0xB6,0xDB,0x6D,0xB6,0xDB,0x6D,0x80,0x00,0x00,0x00,0x00,
    0x00,0x00,0x00,0x00,0x01,0xB6,0xDB,0x6D,0xB6,0xDB,0x6D,0x80,0x00,0x00,0x00,0x00,
    0x00,0x00,0x00,0x00,0x00,0x00,0x00,0x00,0x00,0x00,0x00,0x00,0x00,0x00,0x00,0x00,
    0x00,0x00,0x00,0x00,0x00,0x06,0xDB,0x6D,0xB6,0xDB,0x60,0x00,0x00,0x00,0x00,0x00,
    0x00,0x00,0x00,0x00,0x00,0x06,0xDB,0x6D,0xB6,0xDB,0x60,0x00,0x00,0x00,0x00,0x00,
    0x00,0x00,0x00,0x00,0x00,0x00,0x00,0x00,0x00,0x00,0x00,0x00,0x00,0x00,0x00,0x00,
    0x00,0x00,0x00,0x00,0x00,0x00,0x1B,0x6D,0xB6,0xD8,0x00,0x00,0x00,0x00,0x00,0x00,
    0x00,0x00,0x00,0x00,0x00,0x00,0x1B,0x6D,0xB6,0xD8,0x00,0x00,0x00,0x00,0x00,0x00,
    0x00,0x00,0x00,0x00,0x00,0x00,0x00,0x00,0x00,0x00,0x00,0x00,0x00,0x00,0x00,0x00,
  },
  {  // 4: V1_WIDE_E
    0x00,0x00,0x00,0x00,0x00,0x00,0x00,0x00,0x00,0x00,0x00,0x00,0x00,0x00,0x00,0x00,
    0x00,0x00,0x00,0x00,0x00,0x00,0x00,0x00,0x00,0x00,0x00,0x00,0x00,0x00,0x00,0x00,
    0x00,0x00,0x00,0x00,0x00,0x00,0x00,0x00,0x00,0x00,0x00,0x00,0x00,0x00,0x00,0x00,
    0x00,0x00,0x00,0x00,0x00,0x00,0x00,0x00,0x00,0x00,0x00,0x00,0x00,0x00,0x00,0x00,
    0x00,0x00,0x00,0x00,0x00,0x00,0x00,0x00,0x00,0x00,0x00,0x00,0x00,0x00,0x00,0x00,
    0x00,0x00,0x00,0x00,0x00,0x00,0x00,0x00,0x00,0x00,0x00,0x00,0x00,0x00,0x00,0x00,
    0x00,0x00,0x00,0x00,0x00,0x00,0x00,0x00,0x00,0x00,0x00,0x00,0x00,0x00,0x00,0x00,
    0x00,0x00,0x00,0x00,0x01,0xB6,0xD8,0x00,0x00,0x1B,0x6D,0x80,0x00,0x00,0x00,0x00,
    0x00,0x00,0x00,0x00,0x01,0xB6,0xD8,0x00,0x00,0x1B,0x6D,0x80,0x00,0x00,0x00,0x00,
    0x00,0x00,0x00,0x00,0x00,0x00,0x00,0x00,0x00,0x00,0x00,0x00,0x00,0x00,0x00,0x00,
    0x00,0x00,0x00,0x00,0x0D,0xB6,0xDB,0x60,0x06,0xDB,0x6D,0xB0,0x00,0x00,0x00,0x00,
    0x00,0x00,0x00,0x00,0x0D,0xB6,0xDB,0x60,0x06,0xDB,0x6D,0xB0,0x00,0x00,0x00,0x00,
    0x00,0x00,0x00,0x00,0x00,0x00,0x00,0x00,0x00,0x00,0x00,0x00,0x00,0x00,0x00,0x00,
    0x00,0x00,0x00,0x00,0x6D,0xB6,0xDB,0x6D,0xB6,0xDB,0x6D,0xB6,0x00,0x00,0x00,0x00,
    0x00,0x00,0x00,0x00,0x6D,0xB6,0xDB,0x6D,0xB6,0xDB,0x6D,0xB6,0x00,0x00,0x00,0x00,
    0x00,0x00,0x00,0x00,0x00,0x00,0x00,0x00,0x00,0x00,0x00,0x00,0x00,0x00,0x00,0x00,
    0x00,0x00,0x00,0x1B,0x6D,0xB6,0xDB,0x6D,0xB6,0xDB,0x6D,0xB6,0xD8,0x00,0x00,0x00,
    0x00,0x00,0x00,0x1B,0x6D,0xB6,0xDB,0x6D,0xB6,0xDB,0x6D,0xB6,0xD8,0x00,0x00,0x00,
    0x00,0x00,0x00,0x00,0x00,0x00,0x00,0x00,0x00,0x00,0x00,0x00,0x00,0x00,0x00,0x00,
    0x00,0x00,0x06,0xDB,0x6D,0xB6,0xDB,0x6D,0xB6,0xDB,0x6D,0xB6,0xDB,0x60,0x00,0x00,
    0x00,0x00,0x06,0xDB,0x6D,0xB6,0xDB,0x6D,0xB6,0xDB,0x6D,0xB6,0xDB,0x60,0x00,0x00,
    0x00,0x00,0x00,0x00,0x00,0x00,0x00,0x00,0x00,0x00,0x00,0x00,0x00,0x00,0x00,0x00,
    0x00,0x6C,0x00,0x00,0x00,0x00,0x00,0x0D,0xB0,0x00,0x00,0x00,0x00,0x00,0x36,0x00,
    0x00,0x6C,0x00,0x00,0x00,0x00,0x00,0x0D,0xB0,0x00,0x00,0x00,0x00,0x00,0x36,0x00,
    0x00,0x00,0x00,0x00,0x00,0x00,0x00,0x00,0x00,0x00,0x00,0x00,0x00,0x00,0x00,0x00,
    0x03,0x60,0x00,0x00,0x00,0x00,0x00,0x00,0x00,0x00,0x00,0x00,0x00,0x00,0x00,0xD8,
    0x03,0x60,0x00,0x00,0x00,0x00,0x00,0x00,0x00,0x00,0x00,0x00,0x00,0x00,0x00,0xD8,
    0x00,0x00,0x00,0x00,0x00,0x00,0x00,0x00,0x00,0x00,0x00,0x00,0x00,0x00,0x00,0x00,
    0x00,0x6C,0x00,0x00,0x00,0x00,0x00,0x00,0x00,0x00,0x00,0x00,0x00,0x00,0x36,0x00,
    0x00,0x6C,0x00,0x00,0x00,0x00,0x00,0x00,0x00,0x00,0x00,0x00,0x00,0x00,0x36,0x00,
    0x00,0x00,0x00,0x00,0x00,0x00,0x00,0x00,0x00,0x00,0x00,0x00,0x00,0x00,0x00,0x00,
    0x00,0x0D,0xB6,0x00,0x00,0x00,0x00,0x00,0x00,0x00,0x00,0x00,0x00,0x6D,0xB0,0x00,
    0x00,0x0D,0xB6,0x00,0x00,0x00,0x00,0x00,0x00,0x00,0x00,0x00,0x00,0x6D,0xB0,0x00,
    0x00,0x00,0x00,0x00,0x00,0x00,0x00,0x00,0x00,0x00,0x00,0x00,0x00,0x00,0x00,0x00,
    0x00,0x01,0xB6,0xD8,0x00,0x00,0x00,0x00,0x00,0x00,0x00,0x00,0x1B,0x6D,0x80,0x00,
    0x00,0x01,0xB6,0xD8,0x00,0x00,0x00,0x00,0x00,0x00,0x00,0x00,0x1B,0x6D,0x80,0x00,
    0x00,0x00,0x00,0x00,0x00,0x00,0x00,0x00,0x00,0x00,0x00,0x00,0x00,0x00,0x00,0x00,
    0x00,0x00,0x36,0xDB,0x6D,0x80,0x00,0x00,0x00,0x00,0x01,0xB6,0xDB,0x6C,0x00,0x00,
    0x00,0x00,0x36,0xDB,0x6D,0x80,0x00,0x00,0x00,0x00,0x01,0xB6,0xDB,0x6C,0x00,0x00,
    0x00,0x00,0x00,0x00,0x00,0x00,0x00,0x00,0x00,0x00,0x00,0x00,0x00,0x00,0x00,0x00,
    0x00,0x00,0x06,0xDB,0x6D,0xB6,0xC0,0x00,0x00,0x03,0x6D,0xB6,0xDB,0x60,0x00,0x00,
    0x00,0x00,0x06,0xDB,0x6D,0xB6,0xC0,0x00,0x00,0x03,0x6D,0xB6,0xDB,0x60,0x00,0x00,
    0x00,0x00,0x00,0x00,0x00,0x00,0x00,0x00,0x00,0x00,0x00,0x00,0x00,0x00,0x00,0x00,
    0x00,0x00,0x00,0xDB,0x6D,0xB6,0xDB,0x6D,0xB6,0xDB,0x6D,0xB6,0xDB,0x00,0x00,0x00,
    0x00,0x00,0x00,0xDB,0x6D,0xB6,0xDB,0x6D,0xB6,0xDB,0x6D,0xB6,0xDB,0x00,0x00,0x00,
    0x00,0x00,0x00,0x00,0x00,0x00,0x00,0x00,0x00,0x00,0x00,0x00,0x00,0x00,0x00,0x00,
    0x00,0x00,0x00,0x1B,0x6D,0xB6,0xDB,0x6D,0xB6,0xDB,0x6D,0xB6,0xD8,0x00,0x00,0x00,
    0x00,0x00,0x00,0x1B,0x6D,0xB6,0xDB,0x6D,0xB6,0xDB,0x6D,0xB6,0xD8,0x00,0x00,0x00,
    0x00,0x00,0x00,0x00,0x00,0x00,0x00,0x00,0x00,0x00,0x00,0x00,0x00,0x00,0x00,0x00,
    0x00,0x00,0x00,0x03,0x6D,0xB6,0xDB,0x6D,0xB6,0xDB,0x6D,0xB6,0xC0,0x00,0x00,0x00,
    0x00,0x00,0x00,0x03,0x6D,0xB6,0xDB,0x6D,0xB6,0xDB,0x6D,0xB6,0xC0,0x00,0x00,0x00,
    0x00,0x00,0x00,0x00,0x00,0x00,0x00,0x00,0x00,0x00,0x00,0x00,0x00,0x00,0x00,0x00,
    0x00,0x00,0x00,0x00,0x0D,0xB6,0xDB,0x6D,0xB6,0xDB,0x6D,0xB0,0x00,0x00,0x00,0x00,
    0x00,0x00,0x00,0x00,0x0D,0xB6,0xDB,0x6D,0xB6,0xDB,0x6D,0xB0,0x00,0x00,0x00,0x00,
    0x00,0x00,0x00,0x00,0x00,0x00,0x00,0x00,0x00,0x00,0x00,0x00,0x00,0x00,0x00,0x00,
    0x00,0x00,0x00,0x00,0x00,0x36,0xDB,0x6D,0xB6,0xDB,0x6C,0x00,0x00,0x00,0x00,0x00,
    0x00,0x00,0x00,0x00,0x00,0x36,0xDB,0x6D,0xB6,0xDB,0x6C,0x00,0x00,0x00,0x00,0x00,
    0x00,0x00,0x00,0x00,0x00,0x00,0x00,0x00,0x00,0x00,0x00,0x00,0x00,0x00,0x00,0x00,
    0x00,0x00,0x00,0x00,0x00,0x00,0x00,0x6D,0xB6,0x00,0x00,0x00,0x00,0x00,0x00,0x00,
    0x00,0x00,0x00,0x00,0x00,0x00,0x00,0x6D,0xB6,0x00,0x00,0x00,0x00,0x00,0x00,0x00,
    0x00,0x00,0x00,0x00,0x00,0x00,0x00,0x00,0x00,0x00,0x00,0x00,0x00,0x00,0x00,0x00,
    0x00,0x00,0x00,0x00,0x00,0x00,0x00,0x00,0x00,0x00,0x00,0x00,0x00,0x00,0x00,0x00,
    0x00,0x00,0x00,0x00,0x00,0x00,0x00,0x00,0x00,0x00,0x00,0x00,0x00,0x00,0x00,0x00,
    0x00,0x00,0x00,0x00,0x00,0x00,0x00,0x00,0x00,0x00,0x00,0x00,0x00,0x00,0x00,0x00,
  },
  {  // 5: V1_AH
    0x00,0x00,0x00,0x00,0x00,0x00,0x00,0x00,0x00,0x00,0x00,0x00,0x00,0x00,0x00,0x00,
    0x00,0x00,0x00,0x00,0x00,0x36,0xDB,0x00,0x00,0xDB,0x6C,0x00,0x00,0x00,0x00,0x00,
    0x00,0x00,0x00,0x00,0x00,0x36,0xDB,0x00,0x00,0xDB,0x6C,0x00,0x00,0x00,0x00,0x00,
    0x00,0x00,0x00,0x00,0x00,0x00,0x00,0x00,0x00,0x00,0x00,0x00,0x00,0x00,0x00,0x00,
    0x00,0x00,0x00,0x00,0x00,0x36,0xDB,0x6C,0x36,0xDB,0x6C,0x00,0x00,0x00,0x00,0x00,
    0x00,0x00,0x00,0x00,0x00,0x36,0xDB,0x6C,0x36,0xDB,0x6C,0x00,0x00,0x00,0x00,0x00,
    0x00,0x00,0x00,0x00,0x00,0x00,0x00,0x00,0x00,0x00,0x00,0x00,0x00,0x00,0x00,0x00,
    0x00,0x00,0x00,0x00,0x01,0xB6,0xDB,0x6D,0xB6,0xDB,0x6D,0x80,0x00,0x00,0x00,0x00,
    0x00,0x00,0x00,0x00,0x01,0xB6,0xDB,0x6D,0xB6,0xDB,0x6D,0x80,0x00,0x00,0x00,0x00,
    0x00,0x00,0x00,0x00,0x00,0x00,0x00,0x00,0x00,0x00,0x00,0x00,0x00,0x00,0x00,0x00,
    0x00,0x00,0x00,0x00,0x0D,0xB6,0xDB,0x6D,0xB6,0xDB,0x6D,0xB0,0x00,0x00,0x00,0x00,
    0x00,0x00,0x00,0x00,0x0D,0xB6,0xDB,0x6D,0xB6,0xDB,0x6D,0xB0,0x00,0x00,0x00,0x00,
    0x00,0x00,0x00,0x00,0x00,0x00,0x00,0x00,0x00,0x00,0x00,0x00,0x00,0x00,0x00,0x00,
    0x00,0x00,0x00,0x00,0x6D,0xB6,0xDB,0x6D,0xB6,0xDB,0x6D,0xB6,0x00,0x00,0x00,0x00,
    0x00,0x00,0x00,0x00,0x6D,0xB6,0xDB,0x6D,0xB6,0xDB,0x6D,0xB6,0x00,0x00,0x00,0x00,
    0x00,0x00,0x00,0x00,0x00,0x00,0x00,0x00,0x00,0x00,0x00,0x00,0x00,0x00,0x00,0x00,
    0x00,0x00,0x00,0x03,0x6D,0xB0,0x00,0x6D,0xB6,0x00,0x0D,0xB6,0xC0,0x00,0x00,0x00,
    0x00,0x00,0x00,0x03,0x6D,0xB0,0x00,0x6D,0xB6,0x00,0x0D,0xB6,0xC0,0x00,0x00,0x00,
    0x00,0x00,0x00,0x00,0x00,0x00,0x00,0x00,0x00,0x00,0x00,0x00,0x00,0x00,0x00,0x00,
    0x00,0x00,0x00,0x18,0x00,0x00,0x00,0x00,0x00,0x00,0x00,0x00,0x18,0x00,0x00,0x00,
    0x00,0x00,0x00,0x18,0x00,0x00,0x00,0x00,0x00,0x00,0x00,0x00,0x18,0x00,0x00,0x00,
    0x00,0x00,0x00,0x00,0x00,0x00,0x00,0x00,0x00,0x00,0x00,0x00,0x00,0x00,0x00,0x00,
    0x00,0x00,0x06,0x00,0x00,0x00,0x00,0x00,0x00,0x00,0x00,0x00,0x00,0x60,0x00,0x00,
    0x00,0x00,0x06,0x00,0x00,0x00,0x00,0x00,0x00,0x00,0x00,0x00,0x00,0x60,0x00,0x00,
    0x00,0x00,0x00,0x00,0x00,0x00,0x00,0x00,0x00,0x00,0x00,0x00,0x00,0x00,0x00,0x00,
    0x00,0x00,0x00,0x00,0x00,0x00,0x00,0x00,0x00,0x00,0x00,0x00,0x00,0x00,0x00,0x00,
    0x00,0x00,0x00,0x00,0x00,0x00,0x00,0x00,0x00,0x00,0x00,0x00,0x00,0x00,0x00,0x00,
    0x00,0x00,0x00,0x00,0x00,0x00,0x00,0x00,0x00,0x00,0x00,0x00,0x00,0x00,0x00,0x00,
    0x00,0x00,0x00,0x00,0x00,0x00,0x00,0x00,0x00,0x00,0x00,0x00,0x00,0x00,0x00,0x00,
    0x00,0x00,0x00,0x00,0x00,0x00,0x00,0x00,0x00,0x00,0x00,0x00,0x00,0x00,0x00,0x00,
    0x00,0x00,0x00,0x00,0x00,0x00,0x00,0x00,0x00,0x00,0x00,0x00,0x00,0x00,0x00,0x00,
    0x00,0x01,0x80,0x00,0x00,0x00,0x00,0x00,0x00,0x00,0x00,0x00,0x00,0x01,0x80,0x00,
    0x00,0x01,0x80,0x00,0x00,0x00,0x00,0x00,0x00,0x00,0x00,0x00,0x00,0x01,0x80,0x00,
    0x00,0x00,0x00,0x00,0x00,0x00,0x00,0x00,0x00,0x00,0x00,0x00,0x00,0x00,0x00,0x00,
    0x00,0x00,0x30,0x00,0x00,0x00,0x00,0x00,0x00,0x00,0x00,0x00,0x00,0x0C,0x00,0x00,
    0x00,0x00,0x30,0x00,0x00,0x00,0x00,0x00,0x00,0x00,0x00,0x00,0x00,0x0C,0x00,0x00,
    0x00,0x00,0x00,0x00,0x00,0x00,0x00,0x00,0x00,0x00,0x00,0x00,0x00,0x00,0x00,0x00,
    0x00,0x00,0x36,0xC0,0x00,0x00,0x00,0x00,0x00,0x00,0x00,0x00,0x03,0x6C,0x00,0x00,
    0x00,0x00,0x36,0xC0,0x00,0x00,0x00,0x00,0x00,0x00,0x00,0x00,0x03,0x6C,0x00,0x00,
    0x00,0x00,0x00,0x00,0x00,0x00,0x00,0x00,0x00,0x00,0x00,0x00,0x00,0x00,0x00,0x00,
    0x00,0x00,0x06,0xDB,0x00,0x00,0x00,0x00,0x00,0x00,0x00,0x00,0xDB,0x60,0x00,0x00,
    0x00,0x00,0x06,0xDB,0x00,0x00,0x00,0x00,0x00,0x00,0x00,0x00,0xDB,0x60,0x00,0x00,
    0x00,0x00,0x00,0x00,0x00,0x00,0x00,0x00,0x00,0x00,0x00,0x00,0x00,0x00,0x00,0x00,
    0x00,0x00,0x06,0xDB,0x6C,0x00,0x00,0x00,0x00,0x00,0x00,0x36,0xDB,0x60,0x00,0x00,
    0x00,0x00,0x06,0xDB,0x6C,0x00,0x00,0x00,0x00,0x00,0x00,0x36,0xDB,0x60,0x00,0x00,
    0x00,0x00,0x00,0x00,0x00,0x00,0x00,0x00,0x00,0x00,0x00,0x00,0x00,0x00,0x00,0x00,
    0x00,0x00,0x00,0xDB,0x6D,0xB0,0x00,0x00,0x00,0x00,0x0D,0xB6,0xDB,0x00,0x00,0x00,
    0x00,0x00,0x00,0xDB,0x6D,0xB0,0x00,0x00,0x00,0x00,0x0D,0xB6,0xDB,0x00,0x00,0x00,
    0x00,0x00,0x00,0x00,0x00,0x00,0x00,0x00,0x00,0x00,0x00,0x00,0x00,0x00,0x00,0x00,
    0x00,0x00,0x00,0x1B,0x6D,0xB6,0xD8,0x00,0x00,0x1B,0x6D,0xB6,0xD8,0x00,0x00,0x00,
    0x00,0x00,0x00,0x1B,0x6D,0xB6,0xD8,0x00,0x00,0x1B,0x6D,0xB6,0xD8,0x00,0x00,0x00,
    0x00,0x00,0x00,0x00,0x00,0x00,0x00,0x00,0x00,0x00,0x00,0x00,0x00,0x00,0x00,0x00,
    0x00,0x00,0x00,0x1B,0x6D,0xB6,0xDB,0x6D,0xB6,0xDB,0x6D,0xB6,0xD8,0x00,0x00,0x00,
    0x00,0x00,0x00,0x1B,0x6D,0xB6,0xDB,0x6D,0xB6,0xDB,0x6D,0xB6,0xD8,0x00,0x00,0x00,
    0x00,0x00,0x00,0x00,0x00,0x00,0x00,0x00,0x00,0x00,0x00,0x00,0x00,0x00,0x00,0x00,
    0x00,0x00,0x00,0x03,0x6D,0xB6,0xDB,0x6D,0xB6,0xDB,0x6D,0xB6,0xC0,0x00,0x00,0x00,
    0x00,0x00,0x00,0x03,0x6D,0xB6,0xDB,0x6D,0xB6,0xDB,0x6D,0xB6,0xC0,0x00,0x00,0x00,
    0x00,0x00,0x00,0x00,0x00,0x00,0x00,0x00,0x00,0x00,0x00,0x00,0x00,0x00,0x00,0x00,
    0x00,0x00,0x00,0x00,0x6D,0xB6,0xDB,0x6D,0xB6,0xDB,0x6D,0xB6,0x00,0x00,0x00,0x00,
    0x00,0x00,0x00,0x00,0x6D,0xB6,0xDB,0x6D,0xB6,0xDB,0x6D,0xB6,0x00,0x00,0x00,0x00,
    0x00,0x00,0x00,0x00,0x00,0x00,0x00,0x00,0x00,0x00,0x00,0x00,0x00,0x00,0x00,0x00,
    0x00,0x00,0x00,0x00,0x0D,0xB6,0xDB,0x6D,0xB6,0xDB,0x6D,0xB0,0x00,0x00,0x00,0x00,
    0x00,0x00,0x00,0x00,0x0D,0xB6,0xDB,0x6D,0xB6,0xDB,0x6D,0xB0,0x00,0x00,0x00,0x00,
    0x00,0x00,0x00,0x00,0x00,0x00,0x00,0x00,0x00,0x00,0x00,0x00,0x00,0x00,0x00,0x00,
  },
  {  // 6: V1_OH
    0x00,0x00,0x00,0x00,0x00,0x00,0x00,0x00,0x00,0x00,0x00,0x00,0x00,0x00,0x00,0x00,
    0x00,0x00,0x00,0x00,0x00,0x06,0xDB,0x6C,0x36,0xDB,0x60,0x00,0x00,0x00,0x00,0x00,
    0x00,0x00,0x00,0x00,0x00,0x06,0xDB,0x6C,0x36,0xDB,0x60,0x00,0x00,0x00,0x00,0x00,
    0x00,0x00,0x00,0x00,0x00,0x00,0x00,0x00,0x00,0x00,0x00,0x00,0x00,0x00,0x00,0x00,
    0x00,0x00,0x00,0x00,0x00,0x06,0xDB,0x6D,0xB6,0xDB,0x60,0x00,0x00,0x00,0x00,0x00,
    0x00,0x00,0x00,0x00,0x00,0x06,0xDB,0x6D,0xB6,0xDB,0x60,0x00,0x00,0x00,0x00,0x00,
    0x00,0x00,0x00,0x00,0x00,0x00,0x00,0x00,0x00,0x00,0x00,0x00,0x00,0x00,0x00,0x00,
    0x00,0x00,0x00,0x00,0x00,0x36,0xDB,0x6D,0xB6,0xDB,0x6C,0x00,0x00,0x00,0x00,0x00,
    0x00,0x00,0x00,0x00,0x00,0x36,0xDB,0x6D,0xB6,0xDB,0x6C,0x00,0x00,0x00,0x00,0x00,
    0x00,0x00,0x00,0x00,0x00,0x00,0x00,0x00,0x00,0x00,0x00,0x00,0x00,0x00,0x00,0x00,
    0x00,0x00,0x00,0x00,0x01,0xB6,0xDB,0x6D,0xB6,0xDB,0x6D,0x80,0x00,0x00,0x00,0x00,
    0x00,0x00,0x00,0x00,0x01,0xB6,0xDB,0x6D,0xB6,0xDB,0x6D,0x80,0x00,0x00,0x00,0x00,
    0x00,0x00,0x00,0x00,0x00,0x00,0x00,0x00,0x00,0x00,0x00,0x00,0x00,0x00,0x00,0x00,
    0x00,0x00,0x00,0x00,0x01,0xB6,0xC0,0x6D,0xB6,0x03,0x6D,0x80,0x00,0x00,0x00,0x00,
    0x00,0x00,0x00,0x00,0x01,0xB6,0xC0,0x6D,0xB6,0x03,0x6D,0x80,0x00,0x00,0x00,0x00,
    0x00,0x00,0x00,0x00,0x00,0x00,0x00,0x00,0x00,0x00,0x00,0x00,0x00,0x00,0x00,0x00,
    0x00,0x00,0x00,0x00,0x0D,0xB0,0x00,0x00,0x00,0x00,0x0D,0xB0,0x00,0x00,0x00,0x00,
    0x00,0x00,0x00,0x00,0x0D,0xB0,0x00,0x00,0x00,0x00,0x0D,0xB0,0x00,0x00,0x00,0x00,
    0x00,0x00,0x00,0x00,0x00,0x00,0x00,0x00,0x00,0x00,0x00,0x00,0x00,0x00,0x00,0x00,
    0x00,0x00,0x00,0x00,0x6C,0x00,0x00,0x00,0x00,0x00,0x00,0x36,0x00,0x00,0x00,0x00,
    0x00,0x00,0x00,0x00,0x6C,0x00,0x00,0x00,0x00,0x00,0x00,0x36,0x00,0x00,0x00,0x00,
    0x00,0x00,0x00,0x00,0x00,0x00,0x00,0x00,0x00,0x00,0x00,0x00,0x00,0x00,0x00,0x00,
    0x00,0x00,0x00,0x03,0x00,0x00,0x00,0x00,0x00,0x00,0x00,0x00,0xC0,0x00,0x00,0x00,
    0x00,0x00,0x00,0x03,0x00,0x00,0x00,0x00,0x00,0x00,0x00,0x00,0xC0,0x00,0x00,0x00,
    0x00,0x00,0x00,0x00,0x00,0x00,0x00,0x00,0x00,0x00,0x00,0x00,0x00,0x00,0x00,0x00,
    0x00,0x00,0x00,0xC0,0x00,0x00,0x00,0x00,0x00,0x00,0x00,0x00,0x03,0x00,0x00,0x00,
    0x00,0x00,0x00,0xC0,0x00,0x00,0x00,0x00,0x00,0x00,0x00,0x00,0x03,0x00,0x00,0x00,
    0x00,0x00,0x00,0x00,0x00,0x00,0x00,0x00,0x00,0x00,0x00,0x00,0x00,0x00,0x00,0x00,
    0x00,0x00,0x00,0x00,0x00,0x00,0x00,0x00,0x00,0x00,0x00,0x00,0x00,0x00,0x00,0x00,
    0x00,0x00,0x00,0x00,0x00,0x00,0x00,0x00,0x00,0x00,0x00,0x00,0x00,0x00,0x00,0x00,
    0x00,0x00,0x00,0x00,0x00,0x00,0x00,0x00,0x00,0x00,0x00,0x00,0x00,0x00,0x00,0x00,
    0x00,0x00,0x00,0xC0,0x00,0x00,0x00,0x00,0x00,0x00,0x00,0x00,0x03,0x00,0x00,0x00,
    0x00,0x00,0x00,0xC0,0x00,0x00,0x00,0x00,0x00,0x00,0x00,0x00,0x03,0x00,0x00,0x00,
    0x00,0x00,0x00,0x00,0x00,0x00,0x00,0x00,0x00,0x00,0x00,0x00,0x00,0x00,0x00,0x00,
    0x00,0x00,0x00,0x1B,0x00,0x00,0x00,0x00,0x00,0x00,0x00,0x00,0xD8,0x00,0x00,0x00,
    0x00,0x00,0x00,0x1B,0x00,0x00,0x00,0x00,0x00,0x00,0x00,0x00,0xD8,0x00,0x00,0x00,
    0x00,0x00,0x00,0x00,0x00,0x00,0x00,0x00,0x00,0x00,0x00,0x00,0x00,0x00,0x00,0x00,
    0x00,0x00,0x00,0x1B,0x60,0x00,0x00,0x00,0x00,0x00,0x00,0x06,0xD8,0x00,0x00,0x00,
    0x00,0x00,0x00,0x1B,0x60,0x00,0x00,0x00,0x00,0x00,0x00,0x06,0xD8,0x00,0x00,0x00,
    0x00,0x00,0x00,0x00,0x00,0x00,0x00,0x00,0x00,0x00,0x00,0x00,0x00,0x00,0x00,0x00,
    0x00,0x00,0x00,0x03,0x6C,0x00,0x00,0x00,0x00,0x00,0x00,0x36,0xC0,0x00,0x00,0x00,
    0x00,0x00,0x00,0x03,0x6C,0x00,0x00,0x00,0x00,0x00,0x00,0x36,0xC0,0x00,0x00,0x00,
    0x00,0x00,0x00,0x00,0x00,0x00,0x00,0x00,0x00,0x00,0x00,0x00,0x00,0x00,0x00,0x00,
    0x00,0x00,0x00,0x03,0x6D,0x80,0x00,0x00,0x00,0x00,0x01,0xB6,0xC0,0x00,0x00,0x00,
    0x00,0x00,0x00,0x03,0x6D,0x80,0x00,0x00,0x00,0x00,0x01,0xB6,0xC0,0x00,0x00,0x00,
    0x00,0x00,0x00,0x00,0x00,0x00,0x00,0x00,0x00,0x00,0x00,0x00,0x00,0x00,0x00,0x00,
    0x00,0x00,0x00,0x00,0x6D,0xB6,0x00,0x00,0x00,0x00,0x6D,0xB6,0x00,0x00,0x00,0x00,
    0x00,0x00,0x00,0x00,0x6D,0xB6,0x00,0x00,0x00,0x00,0x6D,0xB6,0x00,0x00,0x00,0x00,
    0x00,0x00,0x00,0x00,0x00,0x00,0x00,0x00,0x00,0x00,0x00,0x00,0x00,0x00,0x00,0x00,
    0x00,0x00,0x00,0x00,0x6D,0xB6,0xC0,0x00,0x00,0x03,0x6D,0xB6,0x00,0x00,0x00,0x00,
    0x00,0x00,0x00,0x00,0x6D,0xB6,0xC0,0x00,0x00,0x03,0x6D,0xB6,0x00,0x00,0x00,0x00,
    0x00,0x00,0x00,0x00,0x00,0x00,0x00,0x00,0x00,0x00,0x00,0x00,0x00,0x00,0x00,0x00,
    0x00,0x00,0x00,0x00,0x0D,0xB6,0xD8,0x00,0x00,0x1B,0x6D,0xB0,0x00,0x00,0x00,0x00,
    0x00,0x00,0x00,0x00,0x0D,0xB6,0xD8,0x00,0x00,0x1B,0x6D,0xB0,0x00,0x00,0x00,0x00,
    0x00,0x00,0x00,0x00,0x00,0x00,0x00,0x00,0x00,0x00,0x00,0x00,0x00,0x00,0x00,0x00,
    0x00,0x00,0x00,0x00,0x0D,0xB6,0xDB,0x60,0x06,0xDB,0x6D,0xB0,0x00,0x00,0x00,0x00,
    0x00,0x00,0x00,0x00,0x0D,0xB6,0xDB,0x60,0x06,0xDB,0x6D,0xB0,0x00,0x00,0x00,0x00,
    0x00,0x00,0x00,0x00,0x00,0x00,0x00,0x00,0x00,0x00,0x00,0x00,0x00,0x00,0x00,0x00,
    0x00,0x00,0x00,0x00,0x01,0xB6,0xDB,0x6D,0xB6,0xDB,0x6D,0x80,0x00,0x00,0x00,0x00,
    0x00,0x00,0x00,0x00,0x01,0xB6,0xDB,0x6D,0xB6,0xDB,0x6D,0x80,0x00,0x00,0x00,0x00,
    0x00,0x00,0x00,0x00,0x00,0x00,0x00,0x00,0x00,0x00,0x00,0x00,0x00,0x00,0x00,0x00,
    0x00,0x00,0x00,0x00,0x00,0x36,0xDB,0x6D,0xB6,0xDB,0x6C,0x00,0x00,0x00,0x00,0x00,
    0x00,0x00,0x00,0x00,0x00,0x36,0xDB,0x6D,0xB6,0xDB,0x6C,0x00,0x00,0x00,0x00,0x00,
    0x00,0x00,0x00,0x00,0x00,0x00,0x00,0x00,0x00,0x00,0x00,0x00,0x00,0x00,0x00,0x00,
  },
  {  // 7: V1_OO
    0x00,0x00,0x00,0x00,0x00,0x00,0x00,0x00,0x00,0x00,0x00,0x00,0x00,0x00,0x00,0x00,
    0x00,0x00,0x00,0x00,0x00,0x00,0x1B,0x60,0x06,0xD8,0x00,0x00,0x00,0x00,0x00,0x00,
    0x00,0x00,0x00,0x00,0x00,0x00,0x1B,0x60,0x06,0xD8,0x00,0x00,0x00,0x00,0x00,0x00,
    0x00,0x00,0x00,0x00,0x00,0x00,0x00,0x00,0x00,0x00,0x00,0x00,0x00,0x00,0x00,0x00,
    0x00,0x00,0x00,0x00,0x00,0x00,0xDB,0x6C,0x36,0xDB,0x00,0x00,0x00,0x00,0x00,0x00,
    0x00,0x00,0x00,0x00,0x00,0x00,0xDB,0x6C,0x36,0xDB,0x00,0x00,0x00,0x00,0x00,0x00,
    0x00,0x00,0x00,0x00,0x00,0x00,0x00,0x00,0x00,0x00,0x00,0x00,0x00,0x00,0x00,0x00,
    0x00,0x00,0x00,0x00,0x00,0x00,0xDB,0x6D,0xB6,0xDB,0x00,0x00,0x00,0x00,0x00,0x00,
    0x00,0x00,0x00,0x00,0x00,0x00,0xDB,0x6D,0xB6,0xDB,0x00,0x00,0x00,0x00,0x00,0x00,
    0x00,0x00,0x00,0x00,0x00,0x00,0x00,0x00,0x00,0x00,0x00,0x00,0x00,0x00,0x00,0x00,
    0x00,0x00,0x00,0x00,0x00,0x06,0xDB,0x6D,0xB6,0xDB,0x60,0x00,0x00,0x00,0x00,0x00,
    0x00,0x00,0x00,0x00,0x00,0x06,0xDB,0x6D,0xB6,0xDB,0x60,0x00,0x00,0x00,0x00,0x00,
    0x00,0x00,0x00,0x00,0x00,0x00,0x00,0x00,0x00,0x00,0x00,0x00,0x00,0x00,0x00,0x00,
    0x00,0x00,0x00,0x00,0x00,0x36,0xDB,0x6D,0xB6,0xDB,0x6C,0x00,0x00,0x00,0x00,0x00,
    0x00,0x00,0x00,0x00,0x00,0x36,0xDB,0x6D,0xB6,0xDB,0x6C,0x00,0x00,0x00,0x00,0x00,
    0x00,0x00,0x00,0x00,0x00,0x00,0x00,0x00,0x00,0x00,0x00,0x00,0x00,0x00,0x00,0x00,
    0x00,0x00,0x00,0x00,0x00,0x36,0xDB,0x6D,0xB6,0xDB,0x6C,0x00,0x00,0x00,0x00,0x00,
    0x00,0x00,0x00,0x00,0x00,0x36,0xDB,0x6D,0xB6,0xDB,0x6C,0x00,0x00,0x00,0x00,0x00,
    0x00,0x00,0x00,0x00,0x00,0x00,0x00,0x00,0x00,0x00,0x00,0x00,0x00,0x00,0x00,0x00,
    0x00,0x00,0x00,0x00,0x01,0xB6,0xC0,0x0D,0xB0,0x03,0x6D,0x80,0x00,0x00,0x00,0x00,
    0x00,0x00,0x00,0x00,0x01,0xB6,0xC0,0x0D,0xB0,0x03,0x6D,0x80,0x00,0x00,0x00,0x00,
    0x00,0x00,0x00,0x00,0x00,0x00,0x00,0x00,0x00,0x00,0x00,0x00,0x00,0x00,0x00,0x00,
    0x00,0x00,0x00,0x00,0x0D,0x80,0x00,0x00,0x00,0x00,0x01,0xB0,0x00,0x00,0x00,0x00,
    0x00,0x00,0x00,0x00,0x0D,0x80,0x00,0x00,0x00,0x00,0x01,0xB0,0x00,0x00,0x00,0x00,
    0x00,0x00,0x00,0x00,0x00,0x00,0x00,0x00,0x00,0x00,0x00,0x00,0x00,0x00,0x00,0x00,
    0x00,0x00,0x00,0x00,0x60,0x00,0x00,0x00,0x00,0x00,0x00,0x06,0x00,0x00,0x00,0x00,
    0x00,0x00,0x00,0x00,0x60,0x00,0x00,0x00,0x00,0x00,0x00,0x06,0x00,0x00,0x00,0x00,
    0x00,0x00,0x00,0x00,0x00,0x00,0x00,0x00,0x00,0x00,0x00,0x00,0x00,0x00,0x00,0x00,
    0x00,0x00,0x00,0x03,0x00,0x00,0x00,0x00,0x00,0x00,0x00,0x00,0xC0,0x00,0x00,0x00,
    0x00,0x00,0x00,0x03,0x00,0x00,0x00,0x00,0x00,0x00,0x00,0x00,0xC0,0x00,0x00,0x00,
    0x00,0x00,0x00,0x00,0x00,0x00,0x00,0x00,0x00,0x00,0x00,0x00,0x00,0x00,0x00,0x00,
    0x00,0x00,0x00,0x00,0x60,0x00,0x00,0x00,0x00,0x00,0x00,0x06,0x00,0x00,0x00,0x00,
    0x00,0x00,0x00,0x00,0x60,0x00,0x00,0x00,0x00,0x00,0x00,0x06,0x00,0x00,0x00,0x00,
    0x00,0x00,0x00,0x00,0x00,0x00,0x00,0x00,0x00,0x00,0x00,0x00,0x00,0x00,0x00,0x00,
    0x00,0x00,0x00,0x00,0x6D,0x80,0x00,0x00,0x00,0x00,0x01,0xB6,0x00,0x00,0x00,0x00,
    0x00,0x00,0x00,0x00,0x6D,0x80,0x00,0x00,0x00,0x00,0x01,0xB6,0x00,0x00,0x00,0x00,
    0x00,0x00,0x00,0x00,0x00,0x00,0x00,0x00,0x00,0x00,0x00,0x00,0x00,0x00,0x00,0x00,
    0x00,0x00,0x00,0x00,0x0D,0xB0,0x00,0x00,0x00,0x00,0x0D,0xB0,0x00,0x00,0x00,0x00,
    0x00,0x00,0x00,0x00,0x0D,0xB0,0x00,0x00,0x00,0x00,0x0D,0xB0,0x00,0x00,0x00,0x00,
    0x00,0x00,0x00,0x00,0x00,0x00,0x00,0x00,0x00,0x00,0x00,0x00,0x00,0x00,0x00,0x00,
    0x00,0x00,0x00,0x00,0x0D,0xB6,0x00,0x00,0x00,0x00,0x6D,0xB0,0x00,0x00,0x00,0x00,
    0x00,0x00,0x00,0x00,0x0D,0xB6,0x00,0x00,0x00,0x00,0x6D,0xB0,0x00,0x00,0x00,0x00,
    0x00,0x00,0x00,0x00,0x00,0x00,0x00,0x00,0x00,0x00,0x00,0x00,0x00,0x00,0x00,0x00,
    0x00,0x00,0x00,0x00,0x0D,0xB6,0xD8,0x00,0x00,0x1B,0x6D,0xB0,0x00,0x00,0x00,0x00,
    0x00,0x00,0x00,0x00,0x0D,0xB6,0xD8,0x00,0x00,0x1B,0x6D,0xB0,0x00,0x00,0x00,0x00,
    0x00,0x00,0x00,0x00,0x00,0x00,0x00,0x00,0x00,0x00,0x00,0x00,0x00,0x00,0x00,0x00,
    0x00,0x00,0x00,0x00,0x01,0xB6,0xDB,0x00,0x00,0xDB,0x6D,0x80,0x00,0x00,0x00,0x00,
    0x00,0x00,0x00,0x00,0x01,0xB6,0xDB,0x00,0x00,0xDB,0x6D,0x80,0x00,0x00,0x00,0x00,
    0x00,0x00,0x00,0x00,0x00,0x00,0x00,0x00,0x00,0x00,0x00,0x00,0x00,0x00,0x00,0x00,
    0x00,0x00,0x00,0x00,0x01,0xB6,0xDB,0x6D,0xB6,0xDB,0x6D,0x80,0x00,0x00,0x00,0x00,
    0x00,0x00,0x00,0x00,0x01,0xB6,0xDB,0x6D,0xB6,0xDB,0x6D,0x80,0x00,0x00,0x00,0x00,
    0x00,0x00,0x00,0x00,0x00,0x00,0x00,0x00,0x00,0x00,0x00,0x00,0x00,0x00,0x00,0x00,
    0x00,0x00,0x00,0x00,0x00,0x36,0xDB,0x6D,0xB6,0xDB,0x6C,0x00,0x00,0x00,0x00,0x00,
    0x00,0x00,0x00,0x00,0x00,0x36,0xDB,0x6D,0xB6,0xDB,0x6C,0x00,0x00,0x00,0x00,0x00,
    0x00,0x00,0x00,0x00,0x00,0x00,0x00,0x00,0x00,0x00,0x00,0x00,0x00,0x00,0x00,0x00,
    0x00,0x00,0x00,0x00,0x00,0x06,0xDB,0x6D,0xB6,0xDB,0x60,0x00,0x00,0x00,0x00,0x00,
    0x00,0x00,0x00,0x00,0x00,0x06,0xDB,0x6D,0xB6,0xDB,0x60,0x00,0x00,0x00,0x00,0x00,
    0x00,0x00,0x00,0x00,0x00,0x00,0x00,0x00,0x00,0x00,0x00,0x00,0x00,0x00,0x00,0x00,
    0x00,0x00,0x00,0x00,0x00,0x06,0xDB,0x6D,0xB6,0xDB,0x60,0x00,0x00,0x00,0x00,0x00,
    0x00,0x00,0x00,0x00,0x00,0x06,0xDB,0x6D,0xB6,0xDB,0x60,0x00,0x00,0x00,0x00,0x00,
    0x00,0x00,0x00,0x00,0x00,0x00,0x00,0x00,0x00,0x00,0x00,0x00,0x00,0x00,0x00,0x00,
    0x00,0x00,0x00,0x00,0x00,0x00,0xDB,0x6D,0xB6,0xDB,0x00,0x00,0x00,0x00,0x00,0x00,
    0x00,0x00,0x00,0x00,0x00,0x00,0xDB,0x6D,0xB6,0xDB,0x00,0x00,0x00,0x00,0x00,0x00,
    0x00,0x00,0x00,0x00,0x00,0x00,0x00,0x00,0x00,0x00,0x00,0x00,0x00,0x00,0x00,0x00,
  },
  {  // 8: V1_BREATH
    0x00,0x00,0x00,0x00,0x00,0x00,0x00,0x00,0x00,0x00,0x00,0x00,0x00,0x00,0x00,0x00,
    0x00,0x00,0x00,0x00,0x00,0x06,0xD8,0x00,0x00,0x1B,0x60,0x00,0x00,0x00,0x00,0x00,
    0x00,0x00,0x00,0x00,0x00,0x06,0xD8,0x00,0x00,0x1B,0x60,0x00,0x00,0x00,0x00,0x00,
    0x00,0x00,0x00,0x00,0x00,0x00,0x00,0x00,0x00,0x00,0x00,0x00,0x00,0x00,0x00,0x00,
    0x00,0x00,0x00,0x00,0x00,0x36,0xDB,0x60,0x06,0xDB,0x6C,0x00,0x00,0x00,0x00,0x00,
    0x00,0x00,0x00,0x00,0x00,0x36,0xDB,0x60,0x06,0xDB,0x6C,0x00,0x00,0x00,0x00,0x00,
    0x00,0x00,0x00,0x00,0x00,0x00,0x00,0x00,0x00,0x00,0x00,0x00,0x00,0x00,0x00,0x00,
    0x00,0x00,0x00,0x00,0x01,0xB6,0xDB,0x6D,0xB6,0xDB,0x6D,0x80,0x00,0x00,0x00,0x00,
    0x00,0x00,0x00,0x00,0x01,0xB6,0xDB,0x6D,0xB6,0xDB,0x6D,0x80,0x00,0x00,0x00,0x00,
    0x00,0x00,0x00,0x00,0x00,0x00,0x00,0x00,0x00,0x00,0x00,0x00,0x00,0x00,0x00,0x00,
    0x00,0x00,0x00,0x00,0x0D,0xB6,0xDB,0x6D,0xB6,0xDB,0x6D,0xB0,0x00,0x00,0x00,0x00,
    0x00,0x00,0x00,0x00,0x0D,0xB6,0xDB,0x6D,0xB6,0xDB,0x6D,0xB0,0x00,0x00,0x00,0x00,
    0x00,0x00,0x00,0x00,0x00,0x00,0x00,0x00,0x00,0x00,0x00,0x00,0x00,0x00,0x00,0x00,
    0x00,0x00,0x00,0x00,0x6D,0xB6,0xDB,0x6D,0xB6,0xDB,0x6D,0xB6,0x00,0x00,0x00,0x00,
    0x00,0x00,0x00,0x00,0x6D,0xB6,0xDB,0x6D,0xB6,0xDB,0x6D,0xB6,0x00,0x00,0x00,0x00,
    0x00,0x00,0x00,0x00,0x00,0x00,0x00,0x00,0x00,0x00,0x00,0x00,0x00,0x00,0x00,0x00,
    0x00,0x00,0x00,0x1B,0x6D,0xB6,0xDB,0x6D,0xB6,0xDB,0x6D,0xB6,0xC0,0x00,0x00,0x00,
    0x00,0x00,0x00,0x1B,0x6D,0xB6,0xDB,0x6D,0xB6,0xDB,0x6D,0xB6,0xC0,0x00,0x00,0x00,
    0x00,0x00,0x00,0x00,0x00,0x00,0x00,0x00,0x00,0x00,0x00,0x00,0x00,0x00,0x00,0x00,
    0x00,0x00,0x00,0xDB,0x60,0x00,0x00,0x0D,0xB0,0x00,0x00,0x36,0xDB,0x00,0x00,0x00,
    0x00,0x00,0x00,0xDB,0x60,0x00,0x00,0x0D,0xB0,0x00,0x00,0x36,0xDB,0x00,0x00,0x00,
    0x00,0x00,0x00,0x00,0x00,0x00,0x00,0x00,0x00,0x00,0x00,0x00,0x00,0x00,0x00,0x00,
    0x00,0x00,0x30,0x00,0x00,0x00,0x00,0x00,0x00,0x00,0x00,0x00,0x00,0x60,0x00,0x00,
    0x00,0x00,0x30,0x00,0x00,0x00,0x00,0x00,0x00,0x00,0x00,0x00,0x00,0x60,0x00,0x00,
    0x00,0x00,0x00,0x00,0x00,0x00,0x00,0x00,0x00,0x00,0x00,0x00,0x00,0x00,0x00,0x00,
    0x00,0x01,0x80,0x00,0x00,0x00,0x00,0x00,0x00,0x00,0x00,0x00,0x00,0x01,0x80,0x00,
    0x00,0x01,0x80,0x00,0x00,0x00,0x00,0x00,0x00,0x00,0x00,0x00,0x00,0x01,0x80,0x00,
    0x00,0x00,0x00,0x00,0x00,0x00,0x00,0x00,0x00,0x00,0x00,0x00,0x00,0x00,0x00,0x00,
    0x00,0x0D,0x80,0x00,0x00,0x00,0x00,0x00,0x00,0x00,0x00,0x00,0x00,0x01,0xB0,0x00,
    0x00,0x0D,0x80,0x00,0x00,0x00,0x00,0x00,0x00,0x00,0x00,0x00,0x00,0x01,0xB0,0x00,
    0x00,0x00,0x00,0x00,0x00,0x00,0x00,0x00,0x00,0x00,0x00,0x00,0x00,0x00,0x00,0x00,
    0x00,0x01,0x80,0x00,0x00,0x00,0x00,0x00,0x00,0x00,0x00,0x00,0x00,0x01,0x80,0x00,
    0x00,0x01,0x80,0x00,0x00,0x00,0x00,0x00,0x00,0x00,0x00,0x00,0x00,0x01,0x80,0x00,
    0x00,0x00,0x00,0x00,0x00,0x00,0x00,0x00,0x00,0x00,0x00,0x00,0x00,0x00,0x00,0x00,
    0x00,0x01,0xB6,0x00,0x00,0x00,0x00,0x00,0x00,0x00,0x00,0x00,0x00,0x0D,0x80,0x00,
    0x00,0x01,0xB6,0x00,0x00,0x00,0x00,0x00,0x00,0x00,0x00,0x00,0x00,0x0D,0x80,0x00,
    0x00,0x00,0x00,0x00,0x00,0x00,0x00,0x00,0x00,0x00,0x00,0x00,0x00,0x00,0x00,0x00,
    0x00,0x00,0x36,0xD8,0x00,0x00,0x00,0x00,0x00,0x00,0x00,0x00,0x1B,0x6C,0x00,0x00,
    0x00,0x00,0x36,0xD8,0x00,0x00,0x00,0x00,0x00,0x00,0x00,0x00,0x1B,0x6C,0x00,0x00,
    0x00,0x00,0x00,0x00,0x00,0x00,0x00,0x00,0x00,0x00,0x00,0x00,0x00,0x00,0x00,0x00,
    0x00,0x00,0x36,0xDB,0x60,0x00,0x00,0x00,0x00,0x00,0x00,0x06,0xDB,0x6C,0x00,0x00,
    0x00,0x00,0x36,0xDB,0x60,0x00,0x00,0x00,0x00,0x00,0x00,0x06,0xDB,0x6C,0x00,0x00,
    0x00,0x00,0x00,0x00,0x00,0x00,0x00,0x00,0x00,0x00,0x00,0x00,0x00,0x00,0x00,0x00,
    0x00,0x00,0x06,0xDB,0x6D,0xB0,0x00,0x00,0x00,0x00,0x0D,0xB6,0xDB,0x60,0x00,0x00,
    0x00,0x00,0x06,0xDB,0x6D,0xB0,0x00,0x00,0x00,0x00,0x0D,0xB6,0xDB,0x60,0x00,0x00,
    0x00,0x00,0x00,0x00,0x00,0x00,0x00,0x00,0x00,0x00,0x00,0x00,0x00,0x00,0x00,0x00,
    0x00,0x00,0x00,0xDB,0x6D,0xB6,0xC0,0x00,0x00,0x03,0x6D,0xB6,0xDB,0x00,0x00,0x00,
    0x00,0x00,0x00,0xDB,0x6D,0xB6,0xC0,0x00,0x00,0x03,0x6D,0xB6,0xDB,0x00,0x00,0x00,
    0x00,0x00,0x00,0x00,0x00,0x00,0x00,0x00,0x00,0x00,0x00,0x00,0x00,0x00,0x00,0x00,
    0x00,0x00,0x00,0x1B,0x6D,0xB6,0xDB,0x6D,0xB6,0xDB,0x6D,0xB6,0xD8,0x00,0x00,0x00,
    0x00,0x00,0x00,0x1B,0x6D,0xB6,0xDB,0x6D,0xB6,0xDB,0x6D,0xB6,0xD8,0x00,0x00,0x00,
    0x00,0x00,0x00,0x00,0x00,0x00,0x00,0x00,0x00,0x00,0x00,0x00,0x00,0x00,0x00,0x00,
    0x00,0x00,0x00,0x03,0x6D,0xB6,0xDB,0x6D,0xB6,0xDB,0x6D,0xB6,0xC0,0x00,0x00,0x00,
    0x00,0x00,0x00,0x03,0x6D,0xB6,0xDB,0x6D,0xB6,0xDB,0x6D,0xB6,0xC0,0x00,0x00,0x00,
    0x00,0x00,0x00,0x00,0x00,0x00,0x00,0x00,0x00,0x00,0x00,0x00,0x00,0x00,0x00,0x00,
    0x00,0x00,0x00,0x00,0x6D,0xB6,0xDB,0x6D,0xB6,0xDB,0x6D,0xB6,0x00,0x00,0x00,0x00,
    0x00,0x00,0x00,0x00,0x6D,0xB6,0xDB,0x6D,0xB6,0xDB,0x6D,0xB6,0x00,0x00,0x00,0x00,
    0x00,0x00,0x00,0x00,0x00,0x00,0x00,0x00,0x00,0x00,0x00,0x00,0x00,0x00,0x00,0x00,
    0x00,0x00,0x00,0x00,0x0D,0xB6,0xDB,0x6D,0xB6,0xDB,0x6D,0xB0,0x00,0x00,0x00,0x00,
    0x00,0x00,0x00,0x00,0x0D,0xB6,0xDB,0x6D,0xB6,0xDB,0x6D,0xB0,0x00,0x00,0x00,0x00,
    0x00,0x00,0x00,0x00,0x00,0x00,0x00,0x00,0x00,0x00,0x00,0x00,0x00,0x00,0x00,0x00,
    0x00,0x00,0x00,0x00,0x01,0xB6,0xDB,0x6D,0xB6,0xDB,0x6D,0x80,0x00,0x00,0x00,0x00,
    0x00,0x00,0x00,0x00,0x01,0xB6,0xDB,0x6D,0xB6,0xDB,0x6D,0x80,0x00,0x00,0x00,0x00,
    0x00,0x00,0x00,0x00,0x00,0x00,0x00,0x00,0x00,0x00,0x00,0x00,0x00,0x00,0x00,0x00,
  },
  {  // 9: V1_ASYM_L
    0x00,0x00,0x00,0x00,0x00,0x00,0x00,0x00,0x00,0x00,0x00,0x00,0x00,0x00,0x00,0x00,
    0x00,0x00,0x00,0x00,0x00,0x00,0x00,0x00,0x00,0x00,0x00,0x00,0x00,0x00,0x00,0x00,
    0x00,0x00,0x00,0x00,0x00,0x00,0x00,0x00,0x00,0x00,0x00,0x00,0x00,0x00,0x00,0x00,
    0x00,0x00,0x00,0x00,0x00,0x00,0x00,0x00,0x00,0x00,0x00,0x00,0x00,0x00,0x00,0x00,
    0x00,0x00,0x00,0x00,0x00,0x36,0x00,0x00,0x00,0xDB,0x60,0x00,0x00,0x00,0x00,0x00,
    0x00,0x00,0x00,0x00,0x00,0x36,0x00,0x00,0x00,0xDB,0x60,0x00,0x00,0x00,0x00,0x00,
    0x00,0x00,0x00,0x00,0x00,0x00,0x00,0x00,0x00,0x00,0x00,0x00,0x00,0x00,0x00,0x00,
    0x00,0x00,0x00,0x00,0x0D,0xB6,0xD8,0x00,0x36,0xDB,0x6C,0x00,0x00,0x00,0x00,0x00,
    0x00,0x00,0x00,0x00,0x0D,0xB6,0xD8,0x00,0x36,0xDB,0x6C,0x00,0x00,0x00,0x00,0x00,
    0x00,0x00,0x00,0x00,0x00,0x00,0x00,0x00,0x00,0x00,0x00,0x00,0x00,0x00,0x00,0x00,
    0x00,0x00,0x00,0x00,0x6D,0xB6,0xDB,0x6D,0xB6,0xDB,0x6D,0x80,0x00,0x00,0x00,0x00,
    0x00,0x00,0x00,0x00,0x6D,0xB6,0xDB,0x6D,0xB6,0xDB,0x6D,0x80,0x00,0x00,0x00,0x00,
    0x00,0x00,0x00,0x00,0x00,0x00,0x00,0x00,0x00,0x00,0x00,0x00,0x00,0x00,0x00,0x00,
    0x00,0x00,0x00,0x03,0x6D,0xB6,0xDB,0x6D,0xB6,0xDB,0x6D,0xB0,0x00,0x00,0x00,0x00,
    0x00,0x00,0x00,0x03,0x6D,0xB6,0xDB,0x6D,0xB6,0xDB,0x6D,0xB0,0x00,0x00,0x00,0x00,
    0x00,0x00,0x00,0x00,0x00,0x00,0x00,0x00,0x00,0x00,0x00,0x00,0x00,0x00,0x00,0x00,
    0x00,0x00,0x00,0x1B,0x6D,0xB6,0xDB,0x6D,0xB6,0xDB,0x6D,0xB6,0xC0,0x00,0x00,0x00,
    0x00,0x00,0x00,0x1B,0x6D,0xB6,0xDB,0x6D,0xB6,0xDB,0x6D,0xB6,0xC0,0x00,0x00,0x00,
    0x00,0x00,0x00,0x00,0x00,0x00,0x00,0x00,0x00,0x00,0x00,0x00,0x00,0x00,0x00,0x00,
    0x00,0x00,0x00,0xDB,0x6D,0xB6,0xDB,0x6D,0xB6,0xDB,0x6D,0xB6,0xDB,0x00,0x00,0x00,
    0x00,0x00,0x00,0xDB,0x6D,0xB6,0xDB,0x6D,0xB6,0xDB,0x6D,0xB6,0xDB,0x00,0x00,0x00,
    0x00,0x00,0x00,0x00,0x00,0x00,0x00,0x00,0x00,0x00,0x00,0x00,0x00,0x00,0x00,0x00,
    0x00,0x00,0x36,0xDB,0x60,0x00,0x03,0x6D,0x80,0x00,0x00,0x00,0x00,0x0D,0x80,0x00,
    0x00,0x00,0x36,0xDB,0x60,0x00,0x03,0x6D,0x80,0x00,0x00,0x00,0x00,0x0D,0x80,0x00,
    0x00,0x00,0x00,0x00,0x00,0x00,0x00,0x00,0x00,0x00,0x00,0x00,0x00,0x00,0x00,0x00,
    0x00,0x0D,0x80,0x00,0x00,0x00,0x00,0x00,0x00,0x00,0x00,0x00,0x00,0x01,0xB0,0x00,
    0x00,0x0D,0x80,0x00,0x00,0x00,0x00,0x00,0x00,0x00,0x00,0x00,0x00,0x01,0xB0,0x00,
    0x00,0x00,0x00,0x00,0x00,0x00,0x00,0x00,0x00,0x00,0x00,0x00,0x00,0x00,0x00,0x00,
    0x03,0x00,0x00,0x00,0x00,0x00,0x00,0x00,0x00,0x00,0x00,0x00,0x00,0x0D,0x80,0x00,
    0x03,0x00,0x00,0x00,0x00,0x00,0x00,0x00,0x00,0x00,0x00,0x00,0x00,0x0D,0x80,0x00,
    0x00,0x00,0x00,0x00,0x00,0x00,0x00,0x00,0x00,0x00,0x00,0x00,0x00,0x00,0x00,0x00,
    0x03,0x60,0x00,0x00,0x00,0x00,0x00,0x00,0x00,0x00,0x00,0x00,0x03,0x6C,0x00,0x00,
    0x03,0x60,0x00,0x00,0x00,0x00,0x00,0x00,0x00,0x00,0x00,0x00,0x03,0x6C,0x00,0x00,
    0x00,0x00,0x00,0x00,0x00,0x00,0x00,0x00,0x00,0x00,0x00,0x00,0x00,0x00,0x00,0x00,
    0x00,0x6D,0x80,0x00,0x00,0x00,0x00,0x00,0x00,0x00,0x00,0x06,0xDB,0x60,0x00,0x00,
    0x00,0x6D,0x80,0x00,0x00,0x00,0x00,0x00,0x00,0x00,0x00,0x06,0xDB,0x60,0x00,0x00,
    0x00,0x00,0x00,0x00,0x00,0x00,0x00,0x00,0x00,0x00,0x00,0x00,0x00,0x00,0x00,0x00,
    0x00,0x6D,0xB6,0xC0,0x00,0x00,0x00,0x00,0x00,0x00,0x0D,0xB6,0xDB,0x60,0x00,0x00,
    0x00,0x6D,0xB6,0xC0,0x00,0x00,0x00,0x00,0x00,0x00,0x0D,0xB6,0xDB,0x60,0x00,0x00,
    0x00,0x00,0x00,0x00,0x00,0x00,0x00,0x00,0x00,0x00,0x00,0x00,0x00,0x00,0x00,0x00,
    0x00,0x0D,0xB6,0xDB,0x6C,0x00,0x00,0x00,0x00,0x03,0x6D,0xB6,0xDB,0x00,0x00,0x00,
    0x00,0x0D,0xB6,0xDB,0x6C,0x00,0x00,0x00,0x00,0x03,0x6D,0xB6,0xDB,0x00,0x00,0x00,
    0x00,0x00,0x00,0x00,0x00,0x00,0x00,0x00,0x00,0x00,0x00,0x00,0x00,0x00,0x00,0x00,
    0x00,0x01,0xB6,0xDB,0x6D,0xB6,0xC0,0x00,0x36,0xDB,0x6D,0xB6,0xD8,0x00,0x00,0x00,
    0x00,0x01,0xB6,0xDB,0x6D,0xB6,0xC0,0x00,0x36,0xDB,0x6D,0xB6,0xD8,0x00,0x00,0x00,
    0x00,0x00,0x00,0x00,0x00,0x00,0x00,0x00,0x00,0x00,0x00,0x00,0x00,0x00,0x00,0x00,
    0x00,0x00,0x36,0xDB,0x6D,0xB6,0xDB,0x6D,0xB6,0xDB,0x6D,0xB6,0xC0,0x00,0x00,0x00,
    0x00,0x00,0x36,0xDB,0x6D,0xB6,0xDB,0x6D,0xB6,0xDB,0x6D,0xB6,0xC0,0x00,0x00,0x00,
    0x00,0x00,0x00,0x00,0x00,0x00,0x00,0x00,0x00,0x00,0x00,0x00,0x00,0x00,0x00,0x00,
    0x00,0x00,0x06,0xDB,0x6D,0xB6,0xDB,0x6D,0xB6,0xDB,0x6D,0xB0,0x00,0x00,0x00,0x00,
    0x00,0x00,0x06,0xDB,0x6D,0xB6,0xDB,0x6D,0xB6,0xDB,0x6D,0xB0,0x00,0x00,0x00,0x00,
    0x00,0x00,0x00,0x00,0x00,0x00,0x00,0x00,0x00,0x00,0x00,0x00,0x00,0x00,0x00,0x00,
    0x00,0x00,0x00,0x1B,0x6D,0xB6,0xDB,0x6D,0xB6,0xDB,0x6D,0x80,0x00,0x00,0x00,0x00,
    0x00,0x00,0x00,0x1B,0x6D,0xB6,0xDB,0x6D,0xB6,0xDB,0x6D,0x80,0x00,0x00,0x00,0x00,
    0x00,0x00,0x00,0x00,0x00,0x00,0x00,0x00,0x00,0x00,0x00,0x00,0x00,0x00,0x00,0x00,
    0x00,0x00,0x00,0x03,0x6D,0xB6,0xDB,0x6D,0xB6,0xDB,0x60,0x00,0x00,0x00,0x00,0x00,
    0x00,0x00,0x00,0x03,0x6D,0xB6,0xDB,0x6D,0xB6,0xDB,0x60,0x00,0x00,0x00,0x00,0x00,
    0x00,0x00,0x00,0x00,0x00,0x00,0x00,0x00,0x00,0x00,0x00,0x00,0x00,0x00,0x00,0x00,
    0x00,0x00,0x00,0x00,0x0D,0xB6,0xDB,0x6D,0xB6,0xD8,0x00,0x00,0x00,0x00,0x00,0x00,
    0x00,0x00,0x00,0x00,0x0D,0xB6,0xDB,0x6D,0xB6,0xD8,0x00,0x00,0x00,0x00,0x00,0x00,
    0x00,0x00,0x00,0x00,0x00,0x00,0x00,0x00,0x00,0x00,0x00,0x00,0x00,0x00,0x00,0x00,
    0x00,0x00,0x00,0x00,0x00,0x00,0xDB,0x6D,0xB0,0x00,0x00,0x00,0x00,0x00,0x00,0x00,
    0x00,0x00,0x00,0x00,0x00,0x00,0xDB,0x6D,0xB0,0x00,0x00,0x00,0x00,0x00,0x00,0x00,
    0x00,0x00,0x00,0x00,0x00,0x00,0x00,0x00,0x00,0x00,0x00,0x00,0x00,0x00,0x00,0x00,
  },
  {  // 10: V1_ASYM_R
    0x00,0x00,0x00,0x00,0x00,0x00,0x00,0x00,0x00,0x00,0x00,0x00,0x00,0x00,0x00,0x00,
    0x00,0x00,0x00,0x00,0x00,0x00,0x00,0x00,0x00,0x00,0x00,0x00,0x00,0x00,0x00,0x00,
    0x00,0x00,0x00,0x00,0x00,0x00,0x00,0x00,0x00,0x00,0x00,0x00,0x00,0x00,0x00,0x00,
    0x00,0x00,0x00,0x00,0x00,0x00,0x00,0x00,0x00,0x00,0x00,0x00,0x00,0x00,0x00,0x00,
    0x00,0x00,0x00,0x00,0x00,0x06,0xDB,0x00,0x00,0x00,0x6C,0x00,0x00,0x00,0x00,0x00,
    0x00,0x00,0x00,0x00,0x00,0x06,0xDB,0x00,0x00,0x00,0x6C,0x00,0x00,0x00,0x00,0x00,
    0x00,0x00,0x00,0x00,0x00,0x00,0x00,0x00,0x00,0x00,0x00,0x00,0x00,0x00,0x00,0x00,
    0x00,0x00,0x00,0x00,0x00,0x36,0xDB,0x6C,0x00,0x1B,0x6D,0xB0,0x00,0x00,0x00,0x00,
    0x00,0x00,0x00,0x00,0x00,0x36,0xDB,0x6C,0x00,0x1B,0x6D,0xB0,0x00,0x00,0x00,0x00,
    0x00,0x00,0x00,0x00,0x00,0x00,0x00,0x00,0x00,0x00,0x00,0x00,0x00,0x00,0x00,0x00,
    0x00,0x00,0x00,0x00,0x01,0xB6,0xDB,0x6D,0xB6,0xDB,0x6D,0xB6,0x00,0x00,0x00,0x00,
    0x00,0x00,0x00,0x00,0x01,0xB6,0xDB,0x6D,0xB6,0xDB,0x6D,0xB6,0x00,0x00,0x00,0x00,
    0x00,0x00,0x00,0x00,0x00,0x00,0x00,0x00,0x00,0x00,0x00,0x00,0x00,0x00,0x00,0x00,
    0x00,0x00,0x00,0x00,0x0D,0xB6,0xDB,0x6D,0xB6,0xDB,0x6D,0xB6,0xC0,0x00,0x00,0x00,
    0x00,0x00,0x00,0x00,0x0D,0xB6,0xDB,0x6D,0xB6,0xDB,0x6D,0xB6,0xC0,0x00,0x00,0x00,
    0x00,0x00,0x00,0x00,0x00,0x00,0x00,0x00,0x00,0x00,0x00,0x00,0x00,0x00,0x00,0x00,
    0x00,0x00,0x00,0x03,0x6D,0xB6,0xDB,0x6D,0xB6,0xDB,0x6D,0xB6,0xD8,0x00,0x00,0x00,
    0x00,0x00,0x00,0x03,0x6D,0xB6,0xDB,0x6D,0xB6,0xDB,0x6D,0xB6,0xD8,0x00,0x00,0x00,
    0x00,0x00,0x00,0x00,0x00,0x00,0x00,0x00,0x00,0x00,0x00,0x00,0x00,0x00,0x00,0x00,
    0x00,0x00,0x00,0xDB,0x6D,0xB6,0x00,0x6D,0xB6,0xDB,0x6D,0xB6,0xDB,0x00,0x00,0x00,
    0x00,0x00,0x00,0xDB,0x6D,0xB6,0x00,0x6D,0xB6,0xDB,0x6D,0xB6,0xDB,0x00,0x00,0x00,
    0x00,0x00,0x00,0x00,0x00,0x00,0x00,0x00,0x00,0x00,0x00,0x00,0x00,0x00,0x00,0x00,
    0x00,0x00,0x30,0x00,0x00,0x00,0x00,0x00,0x36,0x00,0x00,0x00,0xDB,0x6C,0x00,0x00,
    0x00,0x00,0x30,0x00,0x00,0x00,0x00,0x00,0x36,0x00,0x00,0x00,0xDB,0x6C,0x00,0x00,
    0x00,0x00,0x00,0x00,0x00,0x00,0x00,0x00,0x00,0x00,0x00,0x00,0x00,0x00,0x00,0x00,
    0x00,0x0D,0x80,0x00,0x00,0x00,0x00,0x00,0x00,0x00,0x00,0x00,0x00,0x01,0xB0,0x00,
    0x00,0x0D,0x80,0x00,0x00,0x00,0x00,0x00,0x00,0x00,0x00,0x00,0x00,0x01,0xB0,0x00,
    0x00,0x00,0x00,0x00,0x00,0x00,0x00,0x00,0x00,0x00,0x00,0x00,0x00,0x00,0x00,0x00,
    0x00,0x01,0xB0,0x00,0x00,0x00,0x00,0x00,0x00,0x00,0x00,0x00,0x00,0x00,0x00,0xC0,
    0x00,0x01,0xB0,0x00,0x00,0x00,0x00,0x00,0x00,0x00,0x00,0x00,0x00,0x00,0x00,0xC0,
    0x00,0x00,0x00,0x00,0x00,0x00,0x00,0x00,0x00,0x00,0x00,0x00,0x00,0x00,0x00,0x00,
    0x00,0x00,0x36,0x00,0x00,0x00,0x00,0x00,0x00,0x00,0x00,0x00,0x00,0x00,0x00,0xD8,
    0x00,0x00,0x36,0x00,0x00,0x00,0x00,0x00,0x00,0x00,0x00,0x00,0x00,0x00,0x00,0xD8,
    0x00,0x00,0x00,0x00,0x00,0x00,0x00,0x00,0x00,0x00,0x00,0x00,0x00,0x00,0x00,0x00,
    0x00,0x00,0x36,0xDB,0x00,0x00,0x00,0x00,0x00,0x00,0x00,0x00,0x00,0x00,0x36,0x00,
    0x00,0x00,0x36,0xDB,0x00,0x00,0x00,0x00,0x00,0x00,0x00,0x00,0x00,0x00,0x36,0x00,
    0x00,0x00,0x00,0x00,0x00,0x00,0x00,0x00,0x00,0x00,0x00,0x00,0x00,0x00,0x00,0x00,
    0x00,0x00,0x06,0xDB,0x6D,0x80,0x00,0x00,0x00,0x00,0x00,0x00,0x00,0x6D,0xB6,0x00,
    0x00,0x00,0x06,0xDB,0x6D,0x80,0x00,0x00,0x00,0x00,0x00,0x00,0x00,0x6D,0xB6,0x00,
    0x00,0x00,0x00,0x00,0x00,0x00,0x00,0x00,0x00,0x00,0x00,0x00,0x00,0x00,0x00,0x00,
    0x00,0x00,0x00,0xDB,0x6D,0xB6,0xC0,0x00,0x00,0x00,0x00,0x06,0xDB,0x6D,0xB0,0x00,
    0x00,0x00,0x00,0xDB,0x6D,0xB6,0xC0,0x00,0x00,0x00,0x00,0x06,0xDB,0x6D,0xB0,0x00,
    0x00,0x00,0x00,0x00,0x00,0x00,0x00,0x00,0x00,0x00,0x00,0x00,0x00,0x00,0x00,0x00,
    0x00,0x00,0x00,0x1B,0x6D,0xB6,0xDB,0x60,0x00,0x00,0x6D,0xB6,0xDB,0x6D,0x80,0x00,
    0x00,0x00,0x00,0x1B,0x6D,0xB6,0xDB,0x60,0x00,0x00,0x6D,0xB6,0xDB,0x6D,0x80,0x00,
    0x00,0x00,0x00,0x00,0x00,0x00,0x00,0x00,0x00,0x00,0x00,0x00,0x00,0x00,0x00,0x00,
    0x00,0x00,0x00,0x03,0x6D,0xB6,0xDB,0x6D,0xB6,0xDB,0x6D,0xB6,0xDB,0x6C,0x00,0x00,
    0x00,0x00,0x00,0x03,0x6D,0xB6,0xDB,0x6D,0xB6,0xDB,0x6D,0xB6,0xDB,0x6C,0x00,0x00,
    0x00,0x00,0x00,0x00,0x00,0x00,0x00,0x00,0x00,0x00,0x00,0x00,0x00,0x00,0x00,0x00,
    0x00,0x00,0x00,0x00,0x6D,0xB6,0xDB,0x6D,0xB6,0xDB,0x6D,0xB6,0xDB,0x60,0x00,0x00,
    0x00,0x00,0x00,0x00,0x6D,0xB6,0xDB,0x6D,0xB6,0xDB,0x6D,0xB6,0xDB,0x60,0x00,0x00,
    0x00,0x00,0x00,0x00,0x00,0x00,0x00,0x00,0x00,0x00,0x00,0x00,0x00,0x00,0x00,0x00,
    0x00,0x00,0x00,0x00,0x01,0xB6,0xDB,0x6D,0xB6,0xDB,0x6D,0xB6,0xD8,0x00,0x00,0x00,
    0x00,0x00,0x00,0x00,0x01,0xB6,0xDB,0x6D,0xB6,0xDB,0x6D,0xB6,0xD8,0x00,0x00,0x00,
    0x00,0x00,0x00,0x00,0x00,0x00,0x00,0x00,0x00,0x00,0x00,0x00,0x00,0x00,0x00,0x00,
    0x00,0x00,0x00,0x00,0x00,0x36,0xDB,0x6D,0xB6,0xDB,0x6D,0xB6,0xC0,0x00,0x00,0x00,
    0x00,0x00,0x00,0x00,0x00,0x36,0xDB,0x6D,0xB6,0xDB,0x6D,0xB6,0xC0,0x00,0x00,0x00,
    0x00,0x00,0x00,0x00,0x00,0x00,0x00,0x00,0x00,0x00,0x00,0x00,0x00,0x00,0x00,0x00,
    0x00,0x00,0x00,0x00,0x00,0x00,0xDB,0x6D,0xB6,0xDB,0x6D,0xB0,0x00,0x00,0x00,0x00,
    0x00,0x00,0x00,0x00,0x00,0x00,0xDB,0x6D,0xB6,0xDB,0x6D,0xB0,0x00,0x00,0x00,0x00,
    0x00,0x00,0x00,0x00,0x00,0x00,0x00,0x00,0x00,0x00,0x00,0x00,0x00,0x00,0x00,0x00,
    0x00,0x00,0x00,0x00,0x00,0x00,0x00,0x6D,0xB6,0xDB,0x60,0x00,0x00,0x00,0x00,0x00,
    0x00,0x00,0x00,0x00,0x00,0x00,0x00,0x6D,0xB6,0xDB,0x60,0x00,0x00,0x00,0x00,0x00,
    0x00,0x00,0x00,0x00,0x00,0x00,0x00,0x00,0x00,0x00,0x00,0x00,0x00,0x00,0x00,0x00,
  },
  {  // 11: V1_DEEP_AH
    0x00,0x00,0x00,0x00,0x00,0x00,0x00,0x00,0x00,0x00,0x00,0x00,0x00,0x00,0x00,0x00,
    0x00,0x00,0x00,0x00,0x00,0x36,0xDB,0x6D,0xB6,0xDB,0x6C,0x00,0x00,0x00,0x00,0x00,
    0x00,0x00,0x00,0x00,0x00,0x36,0xDB,0x6D,0xB6,0xDB,0x6C,0x00,0x00,0x00,0x00,0x00,
    0x00,0x00,0x00,0x00,0x00,0x00,0x00,0x00,0x00,0x00,0x00,0x00,0x00,0x00,0x00,0x00,
    0x00,0x00,0x00,0x00,0x01,0xB6,0xDB,0x6D,0xB6,0xDB,0x6D,0x80,0x00,0x00,0x00,0x00,
    0x00,0x00,0x00,0x00,0x01,0xB6,0xDB,0x6D,0xB6,0xDB,0x6D,0x80,0x00,0x00,0x00,0x00,
    0x00,0x00,0x00,0x00,0x00,0x00,0x00,0x00,0x00,0x00,0x00,0x00,0x00,0x00,0x00,0x00,
    0x00,0x00,0x00,0x00,0x0D,0xB6,0xDB,0x6D,0xB6,0xDB,0x6D,0xB0,0x00,0x00,0x00,0x00,
    0x00,0x00,0x00,0x00,0x0D,0xB6,0xDB,0x6D,0xB6,0xDB,0x6D,0xB0,0x00,0x00,0x00,0x00,
    0x00,0x00,0x00,0x00,0x00,0x00,0x00,0x00,0x00,0x00,0x00,0x00,0x00,0x00,0x00,0x00,
    0x00,0x00,0x00,0x00,0x6D,0xB6,0x00,0x6D,0xB6,0x00,0x6D,0xB6,0x00,0x00,0x00,0x00,
    0x00,0x00,0x00,0x00,0x6D,0xB6,0x00,0x6D,0xB6,0x00,0x6D,0xB6,0x00,0x00,0x00,0x00,
    0x00,0x00,0x00,0x00,0x00,0x00,0x00,0x00,0x00,0x00,0x00,0x00,0x00,0x00,0x00,0x00,
    0x00,0x00,0x00,0x03,0x60,0x00,0x00,0x00,0x00,0x00,0x00,0x06,0xC0,0x00,0x00,0x00,
    0x00,0x00,0x00,0x03,0x60,0x00,0x00,0x00,0x00,0x00,0x00,0x06,0xC0,0x00,0x00,0x00,
    0x00,0x00,0x00,0x00,0x00,0x00,0x00,0x00,0x00,0x00,0x00,0x00,0x00,0x00,0x00,0x00,
    0x00,0x00,0x00,0x18,0x00,0x00,0x00,0x00,0x00,0x00,0x00,0x00,0x18,0x00,0x00,0x00,
    0x00,0x00,0x00,0x18,0x00,0x00,0x00,0x00,0x00,0x00,0x00,0x00,0x18,0x00,0x00,0x00,
    0x00,0x00,0x00,0x00,0x00,0x00,0x00,0x00,0x00,0x00,0x00,0x00,0x00,0x00,0x00,0x00,
    0x00,0x00,0x00,0xC0,0x00,0x00,0x00,0x00,0x00,0x00,0x00,0x00,0x03,0x00,0x00,0x00,
    0x00,0x00,0x00,0xC0,0x00,0x00,0x00,0x00,0x00,0x00,0x00,0x00,0x03,0x00,0x00,0x00,
    0x00,0x00,0x00,0x00,0x00,0x00,0x00,0x00,0x00,0x00,0x00,0x00,0x00,0x00,0x00,0x00,
    0x00,0x00,0x00,0x00,0x00,0x00,0x00,0x00,0x00,0x00,0x00,0x00,0x00,0x00,0x00,0x00,
    0x00,0x00,0x00,0x00,0x00,0x00,0x00,0x00,0x00,0x00,0x00,0x00,0x00,0x00,0x00,0x00,
    0x00,0x00,0x00,0x00,0x00,0x00,0x00,0x00,0x00,0x00,0x00,0x00,0x00,0x00,0x00,0x00,
    0x00,0x00,0x30,0x00,0x00,0x00,0x00,0x00,0x00,0x00,0x00,0x00,0x00,0x0C,0x00,0x00,
    0x00,0x00,0x30,0x00,0x00,0x00,0x00,0x00,0x00,0x00,0x00,0x00,0x00,0x0C,0x00,0x00,
    0x00,0x00,0x00,0x00,0x00,0x00,0x00,0x00,0x00,0x00,0x00,0x00,0x00,0x00,0x00,0x00,
    0x00,0x00,0x00,0x00,0x00,0x00,0x00,0x00,0x00,0x00,0x00,0x00,0x00,0x00,0x00,0x00,
    0x00,0x00,0x00,0x00,0x00,0x00,0x00,0x00,0x00,0x00,0x00,0x00,0x00,0x00,0x00,0x00,
    0x00,0x00,0x00,0x00,0x00,0x00,0x00,0x00,0x00,0x00,0x00,0x00,0x00,0x00,0x00,0x00,
    0x00,0x00,0x30,0x00,0x00,0x00,0x00,0x00,0x00,0x00,0x00,0x00,0x00,0x0C,0x00,0x00,
    0x00,0x00,0x30,0x00,0x00,0x00,0x00,0x00,0x00,0x00,0x00,0x00,0x00,0x0C,0x00,0x00,
    0x00,0x00,0x00,0x00,0x00,0x00,0x00,0x00,0x00,0x00,0x00,0x00,0x00,0x00,0x00,0x00,
    0x00,0x00,0x30,0x00,0x00,0x00,0x00,0x00,0x00,0x00,0x00,0x00,0x00,0x0C,0x00,0x00,
    0x00,0x00,0x30,0x00,0x00,0x00,0x00,0x00,0x00,0x00,0x00,0x00,0x00,0x0C,0x00,0x00,
    0x00,0x00,0x00,0x00,0x00,0x00,0x00,0x00,0x00,0x00,0x00,0x00,0x00,0x00,0x00,0x00,
    0x00,0x00,0x06,0x00,0x00,0x00,0x00,0x00,0x00,0x00,0x00,0x00,0x00,0x60,0x00,0x00,
    0x00,0x00,0x06,0x00,0x00,0x00,0x00,0x00,0x00,0x00,0x00,0x00,0x00,0x60,0x00,0x00,
    0x00,0x00,0x00,0x00,0x00,0x00,0x00,0x00,0x00,0x00,0x00,0x00,0x00,0x00,0x00,0x00,
    0x00,0x00,0x06,0xC0,0x00,0x00,0x00,0x00,0x00,0x00,0x00,0x00,0x03,0x60,0x00,0x00,
    0x00,0x00,0x06,0xC0,0x00,0x00,0x00,0x00,0x00,0x00,0x00,0x00,0x03,0x60,0x00,0x00,
    0x00,0x00,0x00,0x00,0x00,0x00,0x00,0x00,0x00,0x00,0x00,0x00,0x00,0x00,0x00,0x00,
    0x00,0x00,0x00,0xDB,0x00,0x00,0x00,0x00,0x00,0x00,0x00,0x00,0xDB,0x00,0x00,0x00,
    0x00,0x00,0x00,0xDB,0x00,0x00,0x00,0x00,0x00,0x00,0x00,0x00,0xDB,0x00,0x00,0x00,
    0x00,0x00,0x00,0x00,0x00,0x00,0x00,0x00,0x00,0x00,0x00,0x00,0x00,0x00,0x00,0x00,
    0x00,0x00,0x00,0xDB,0x60,0x00,0x00,0x00,0x00,0x00,0x00,0x06,0xDB,0x00,0x00,0x00,
    0x00,0x00,0x00,0xDB,0x60,0x00,0x00,0x00,0x00,0x00,0x00,0x06,0xDB,0x00,0x00,0x00,
    0x00,0x00,0x00,0x00,0x00,0x00,0x00,0x00,0x00,0x00,0x00,0x00,0x00,0x00,0x00,0x00,
    0x00,0x00,0x00,0xDB,0x6D,0x80,0x00,0x00,0x00,0x00,0x01,0xB6,0xDB,0x00,0x00,0x00,
    0x00,0x00,0x00,0xDB,0x6D,0x80,0x00,0x00,0x00,0x00,0x01,0xB6,0xDB,0x00,0x00,0x00,
    0x00,0x00,0x00,0x00,0x00,0x00,0x00,0x00,0x00,0x00,0x00,0x00,0x00,0x00,0x00,0x00,
    0x00,0x00,0x00,0x1B,0x6D,0xB0,0x00,0x00,0x00,0x00,0x0D,0xB6,0xD8,0x00,0x00,0x00,
    0x00,0x00,0x00,0x1B,0x6D,0xB0,0x00,0x00,0x00,0x00,0x0D,0xB6,0xD8,0x00,0x00,0x00,
    0x00,0x00,0x00,0x00,0x00,0x00,0x00,0x00,0x00,0x00,0x00,0x00,0x00,0x00,0x00,0x00,
    0x00,0x00,0x00,0x03,0x6D,0xB6,0xC0,0x00,0x00,0x03,0x6D,0xB6,0xC0,0x00,0x00,0x00,
    0x00,0x00,0x00,0x03,0x6D,0xB6,0xC0,0x00,0x00,0x03,0x6D,0xB6,0xC0,0x00,0x00,0x00,
    0x00,0x00,0x00,0x00,0x00,0x00,0x00,0x00,0x00,0x00,0x00,0x00,0x00,0x00,0x00,0x00,
    0x00,0x00,0x00,0x03,0x6D,0xB6,0xDB,0x00,0x00,0xDB,0x6D,0xB6,0xC0,0x00,0x00,0x00,
    0x00,0x00,0x00,0x03,0x6D,0xB6,0xDB,0x00,0x00,0xDB,0x6D,0xB6,0xC0,0x00,0x00,0x00,
    0x00,0x00,0x00,0x00,0x00,0x00,0x00,0x00,0x00,0x00,0x00,0x00,0x00,0x00,0x00,0x00,
    0x00,0x00,0x00,0x00,0x6D,0xB6,0xDB,0x6D,0xB6,0xDB,0x6D,0xB6,0x00,0x00,0x00,0x00,
    0x00,0x00,0x00,0x00,0x6D,0xB6,0xDB,0x6D,0xB6,0xDB,0x6D,0xB6,0x00,0x00,0x00,0x00,
    0x00,0x00,0x00,0x00,0x00,0x00,0x00,0x00,0x00,0x00,0x00,0x00,0x00,0x00,0x00,0x00,
  },
  {  // 12: V1_OPEN_RISE_1
    0x00,0x00,0x00,0x00,0x00,0x00,0x00,0x00,0x00,0x00,0x00,0x00,0x00,0x00,0x00,0x00,
    0x00,0x00,0x00,0x00,0x00,0x06,0xD8,0x00,0x00,0xDB,0x60,0x00,0x00,0x00,0x00,0x00,
    0x00,0x00,0x00,0x00,0x00,0x06,0xD8,0x00,0x00,0xDB,0x60,0x00,0x00,0x00,0x00,0x00,
    0x00,0x00,0x00,0x00,0x00,0x00,0x00,0x00,0x00,0x00,0x00,0x00,0x00,0x00,0x00,0x00,
    0x00,0x00,0x00,0x00,0x00,0x36,0xDB,0x60,0x06,0xDB,0x6C,0x00,0x00,0x00,0x00,0x00,
    0x00,0x00,0x00,0x00,0x00,0x36,0xDB,0x60,0x06,0xDB,0x6C,0x00,0x00,0x00,0x00,0x00,
    0x00,0x00,0x00,0x00,0x00,0x00,0x00,0x00,0x00,0x00,0x00,0x00,0x00,0x00,0x00,0x00,
    0x00,0x00,0x00,0x00,0x01,0xB6,0xDB,0x6D,0xB6,0xDB,0x6D,0x80,0x00,0x00,0x00,0x00,
    0x00,0x00,0x00,0x00,0x01,0xB6,0xDB,0x6D,0xB6,0xDB,0x6D,0x80,0x00,0x00,0x00,0x00,
    0x00,0x00,0x00,0x00,0x00,0x00,0x00,0x00,0x00,0x00,0x00,0x00,0x00,0x00,0x00,0x00,
    0x00,0x00,0x00,0x00,0x0D,0xB6,0xDB,0x6D,0xB6,0xDB,0x6D,0xB0,0x00,0x00,0x00,0x00,
    0x00,0x00,0x00,0x00,0x0D,0xB6,0xDB,0x6D,0xB6,0xDB,0x6D,0xB0,0x00,0x00,0x00,0x00,
    0x00,0x00,0x00,0x00,0x00,0x00,0x00,0x00,0x00,0x00,0x00,0x00,0x00,0x00,0x00,0x00,
    0x00,0x00,0x00,0x00,0x6D,0xB6,0xDB,0x6D,0xB6,0xDB,0x6D,0xB6,0x00,0x00,0x00,0x00,
    0x00,0x00,0x00,0x00,0x6D,0xB6,0xDB,0x6D,0xB6,0xDB,0x6D,0xB6,0x00,0x00,0x00,0x00,
    0x00,0x00,0x00,0x00,0x00,0x00,0x00,0x00,0x00,0x00,0x00,0x00,0x00,0x00,0x00,0x00,
    0x00,0x00,0x00,0x03,0x6D,0xB6,0xDB,0x6D,0xB6,0xDB,0x6D,0xB6,0xC0,0x00,0x00,0x00,
    0x00,0x00,0x00,0x03,0x6D,0xB6,0xDB,0x6D,0xB6,0xDB,0x6D,0xB6,0xC0,0x00,0x00,0x00,
    0x00,0x00,0x00,0x00,0x00,0x00,0x00,0x00,0x00,0x00,0x00,0x00,0x00,0x00,0x00,0x00,
    0x00,0x00,0x00,0x1B,0x6D,0xB6,0x03,0x6D,0xB6,0xC0,0x6D,0xB6,0xD8,0x00,0x00,0x00,
    0x00,0x00,0x00,0x1B,0x6D,0xB6,0x03,0x6D,0xB6,0xC0,0x6D,0xB6,0xD8,0x00,0x00,0x00,
    0x00,0x00,0x00,0x00,0x00,0x00,0x00,0x00,0x00,0x00,0x00,0x00,0x00,0x00,0x00,0x00,
    0x00,0x00,0x06,0xD8,0x00,0x00,0x00,0x0D,0xB0,0x00,0x00,0x00,0x03,0x60,0x00,0x00,
    0x00,0x00,0x06,0xD8,0x00,0x00,0x00,0x0D,0xB0,0x00,0x00,0x00,0x03,0x60,0x00,0x00,
    0x00,0x00,0x00,0x00,0x00,0x00,0x00,0x00,0x00,0x00,0x00,0x00,0x00,0x00,0x00,0x00,
    0x00,0x00,0x30,0x00,0x00,0x00,0x00,0x00,0x00,0x00,0x00,0x00,0x00,0x0C,0x00,0x00,
    0x00,0x00,0x30,0x00,0x00,0x00,0x00,0x00,0x00,0x00,0x00,0x00,0x00,0x0C,0x00,0x00,
    0x00,0x00,0x00,0x00,0x00,0x00,0x00,0x00,0x00,0x00,0x00,0x00,0x00,0x00,0x00,0x00,
    0x00,0x01,0x80,0x00,0x00,0x00,0x00,0x00,0x00,0x00,0x00,0x00,0x00,0x01,0x80,0x00,
    0x00,0x01,0x80,0x00,0x00,0x00,0x00,0x00,0x00,0x00,0x00,0x00,0x00,0x01,0x80,0x00,
    0x00,0x00,0x00,0x00,0x00,0x00,0x00,0x00,0x00,0x00,0x00,0x00,0x00,0x00,0x00,0x00,
    0x00,0x00,0x30,0x00,0x00,0x00,0x00,0x00,0x00,0x00,0x00,0x00,0x00,0x0C,0x00,0x00,
    0x00,0x00,0x30,0x00,0x00,0x00,0x00,0x00,0x00,0x00,0x00,0x00,0x00,0x0C,0x00,0x00,
    0x00,0x00,0x00,0x00,0x00,0x00,0x00,0x00,0x00,0x00,0x00,0x00,0x00,0x00,0x00,0x00,
    0x00,0x00,0x36,0xC0,0x00,0x00,0x00,0x00,0x00,0x00,0x00,0x00,0x03,0x6C,0x00,0x00,
    0x00,0x00,0x36,0xC0,0x00,0x00,0x00,0x00,0x00,0x00,0x00,0x00,0x03,0x6C,0x00,0x00,
    0x00,0x00,0x00,0x00,0x00,0x00,0x00,0x00,0x00,0x00,0x00,0x00,0x00,0x00,0x00,0x00,
    0x00,0x00,0x36,0xDB,0x00,0x00,0x00,0x00,0x00,0x00,0x00,0x06,0xDB,0x60,0x00,0x00,
    0x00,0x00,0x36,0xDB,0x00,0x00,0x00,0x00,0x00,0x00,0x00,0x06,0xDB,0x60,0x00,0x00,
    0x00,0x00,0x00,0x00,0x00,0x00,0x00,0x00,0x00,0x00,0x00,0x00,0x00,0x00,0x00,0x00,
    0x00,0x00,0x06,0xDB,0x6D,0x80,0x00,0x00,0x00,0x00,0x01,0xB6,0xDB,0x60,0x00,0x00,
    0x00,0x00,0x06,0xDB,0x6D,0x80,0x00,0x00,0x00,0x00,0x01,0xB6,0xDB,0x60,0x00,0x00,
    0x00,0x00,0x00,0x00,0x00,0x00,0x00,0x00,0x00,0x00,0x00,0x00,0x00,0x00,0x00,0x00,
    0x00,0x00,0x00,0xDB,0x6D,0xB6,0xC0,0x00,0x00,0x03,0x6D,0xB6,0xDB,0x00,0x00,0x00,
    0x00,0x00,0x00,0xDB,0x6D,0xB6,0xC0,0x00,0x00,0x03,0x6D,0xB6,0xDB,0x00,0x00,0x00,
    0x00,0x00,0x00,0x00,0x00,0x00,0x00,0x00,0x00,0x00,0x00,0x00,0x00,0x00,0x00,0x00,
    0x00,0x00,0x00,0x1B,0x6D,0xB6,0xDB,0x60,0x06,0xDB,0x6D,0xB6,0xD8,0x00,0x00,0x00,
    0x00,0x00,0x00,0x1B,0x6D,0xB6,0xDB,0x60,0x06,0xDB,0x6D,0xB6,0xD8,0x00,0x00,0x00,
    0x00,0x00,0x00,0x00,0x00,0x00,0x00,0x00,0x00,0x00,0x00,0x00,0x00,0x00,0x00,0x00,
    0x00,0x00,0x00,0x1B,0x6D,0xB6,0xDB,0x6D,0xB6,0xDB,0x6D,0xB6,0xC0,0x00,0x00,0x00,
    0x00,0x00,0x00,0x1B,0x6D,0xB6,0xDB,0x6D,0xB6,0xDB,0x6D,0xB6,0xC0,0x00,0x00,0x00,
    0x00,0x00,0x00,0x00,0x00,0x00,0x00,0x00,0x00,0x00,0x00,0x00,0x00,0x00,0x00,0x00,
    0x00,0x00,0x00,0x03,0x6D,0xB6,0xDB,0x6D,0xB6,0xDB,0x6D,0xB6,0xC0,0x00,0x00,0x00,
    0x00,0x00,0x00,0x03,0x6D,0xB6,0xDB,0x6D,0xB6,0xDB,0x6D,0xB6,0xC0,0x00,0x00,0x00,
    0x00,0x00,0x00,0x00,0x00,0x00,0x00,0x00,0x00,0x00,0x00,0x00,0x00,0x00,0x00,0x00,
    0x00,0x00,0x00,0x00,0x6D,0xB6,0xDB,0x6D,0xB6,0xDB,0x6D,0xB6,0x00,0x00,0x00,0x00,
    0x00,0x00,0x00,0x00,0x6D,0xB6,0xDB,0x6D,0xB6,0xDB,0x6D,0xB6,0x00,0x00,0x00,0x00,
    0x00,0x00,0x00,0x00,0x00,0x00,0x00,0x00,0x00,0x00,0x00,0x00,0x00,0x00,0x00,0x00,
    0x00,0x00,0x00,0x00,0x0D,0xB6,0xDB,0x6D,0xB6,0xDB,0x6D,0x80,0x00,0x00,0x00,0x00,
    0x00,0x00,0x00,0x00,0x0D,0xB6,0xDB,0x6D,0xB6,0xDB,0x6D,0x80,0x00,0x00,0x00,0x00,
    0x00,0x00,0x00,0x00,0x00,0x00,0x00,0x00,0x00,0x00,0x00,0x00,0x00,0x00,0x00,0x00,
    0x00,0x00,0x00,0x00,0x00,0x36,0xDB,0x6D,0xB6,0xDB,0x6C,0x00,0x00,0x00,0x00,0x00,
    0x00,0x00,0x00,0x00,0x00,0x36,0xDB,0x6D,0xB6,0xDB,0x6C,0x00,0x00,0x00,0x00,0x00,
    0x00,0x00,0x00,0x00,0x00,0x00,0x00,0x00,0x00,0x00,0x00,0x00,0x00,0x00,0x00,0x00,
  },
  {  // 13: V1_OPEN_RISE_2
    0x00,0x00,0x00,0x00,0x00,0x00,0x00,0x00,0x00,0x00,0x00,0x00,0x00,0x00,0x00,0x00,
    0x00,0x00,0x00,0x00,0x00,0x36,0xDB,0x60,0x06,0xDB,0x6C,0x00,0x00,0x00,0x00,0x00,
    0x00,0x00,0x00,0x00,0x00,0x36,0xDB,0x60,0x06,0xDB,0x6C,0x00,0x00,0x00,0x00,0x00,
    0x00,0x00,0x00,0x00,0x00,0x00,0x00,0x00,0x00,0x00,0x00,0x00,0x00,0x00,0x00,0x00,
    0x00,0x00,0x00,0x00,0x01,0xB6,0xDB,0x6D,0xB6,0xDB,0x6D,0x80,0x00,0x00,0x00,0x00,
    0x00,0x00,0x00,0x00,0x01,0xB6,0xDB,0x6D,0xB6,0xDB,0x6D,0x80,0x00,0x00,0x00,0x00,
    0x00,0x00,0x00,0x00,0x00,0x00,0x00,0x00,0x00,0x00,0x00,0x00,0x00,0x00,0x00,0x00,
    0x00,0x00,0x00,0x00,0x0D,0xB6,0xDB,0x6D,0xB6,0xDB,0x6D,0xB0,0x00,0x00,0x00,0x00,
    0x00,0x00,0x00,0x00,0x0D,0xB6,0xDB,0x6D,0xB6,0xDB,0x6D,0xB0,0x00,0x00,0x00,0x00,
    0x00,0x00,0x00,0x00,0x00,0x00,0x00,0x00,0x00,0x00,0x00,0x00,0x00,0x00,0x00,0x00,
    0x00,0x00,0x00,0x00,0x0D,0xB6,0xDB,0x6D,0xB6,0xDB,0x6D,0xB0,0x00,0x00,0x00,0x00,
    0x00,0x00,0x00,0x00,0x0D,0xB6,0xDB,0x6D,0xB6,0xDB,0x6D,0xB0,0x00,0x00,0x00,0x00,
    0x00,0x00,0x00,0x00,0x00,0x00,0x00,0x00,0x00,0x00,0x00,0x00,0x00,0x00,0x00,0x00,
    0x00,0x00,0x00,0x00,0x6D,0xB0,0x00,0x6D,0xB6,0x00,0x0D,0xB6,0x00,0x00,0x00,0x00,
    0x00,0x00,0x00,0x00,0x6D,0xB0,0x00,0x6D,0xB6,0x00,0x0D,0xB6,0x00,0x00,0x00,0x00,
    0x00,0x00,0x00,0x00,0x00,0x00,0x00,0x00,0x00,0x00,0x00,0x00,0x00,0x00,0x00,0x00,
    0x00,0x00,0x00,0x03,0x00,0x00,0x00,0x00,0x00,0x00,0x00,0x00,0xC0,0x00,0x00,0x00,
    0x00,0x00,0x00,0x03,0x00,0x00,0x00,0x00,0x00,0x00,0x00,0x00,0xC0,0x00,0x00,0x00,
    0x00,0x00,0x00,0x00,0x00,0x00,0x00,0x00,0x00,0x00,0x00,0x00,0x00,0x00,0x00,0x00,
    0x00,0x00,0x00,0xC0,0x00,0x00,0x00,0x00,0x00,0x00,0x00,0x00,0x03,0x00,0x00,0x00,
    0x00,0x00,0x00,0xC0,0x00,0x00,0x00,0x00,0x00,0x00,0x00,0x00,0x03,0x00,0x00,0x00,
    0x00,0x00,0x00,0x00,0x00,0x00,0x00,0x00,0x00,0x00,0x00,0x00,0x00,0x00,0x00,0x00,
    0x00,0x00,0x06,0x00,0x00,0x00,0x00,0x00,0x00,0x00,0x00,0x00,0x00,0x60,0x00,0x00,
    0x00,0x00,0x06,0x00,0x00,0x00,0x00,0x00,0x00,0x00,0x00,0x00,0x00,0x60,0x00,0x00,
    0x00,0x00,0x00,0x00,0x00,0x00,0x00,0x00,0x00,0x00,0x00,0x00,0x00,0x00,0x00,0x00,
    0x00,0x00,0x00,0x00,0x00,0x00,0x00,0x00,0x00,0x00,0x00,0x00,0x00,0x00,0x00,0x00,
    0x00,0x00,0x00,0x00,0x00,0x00,0x00,0x00,0x00,0x00,0x00,0x00,0x00,0x00,0x00,0x00,
    0x00,0x00,0x00,0x00,0x00,0x00,0x00,0x00,0x00,0x00,0x00,0x00,0x00,0x00,0x00,0x00,
    0x00,0x00,0x00,0x00,0x00,0x00,0x00,0x00,0x00,0x00,0x00,0x00,0x00,0x00,0x00,0x00,
    0x00,0x00,0x00,0x00,0x00,0x00,0x00,0x00,0x00,0x00,0x00,0x00,0x00,0x00,0x00,0x00,
    0x00,0x00,0x00,0x00,0x00,0x00,0x00,0x00,0x00,0x00,0x00,0x00,0x00,0x00,0x00,0x00,
    0x00,0x00,0x00,0x00,0x00,0x00,0x00,0x00,0x00,0x00,0x00,0x00,0x00,0x00,0x00,0x00,
    0x00,0x00,0x00,0x00,0x00,0x00,0x00,0x00,0x00,0x00,0x00,0x00,0x00,0x00,0x00,0x00,
    0x00,0x00,0x00,0x00,0x00,0x00,0x00,0x00,0x00,0x00,0x00,0x00,0x00,0x00,0x00,0x00,
    0x00,0x00,0x30,0x00,0x00,0x00,0x00,0x00,0x00,0x00,0x00,0x00,0x00,0x0C,0x00,0x00,
    0x00,0x00,0x30,0x00,0x00,0x00,0x00,0x00,0x00,0x00,0x00,0x00,0x00,0x0C,0x00,0x00,
    0x00,0x00,0x00,0x00,0x00,0x00,0x00,0x00,0x00,0x00,0x00,0x00,0x00,0x00,0x00,0x00,
    0x00,0x00,0x36,0x00,0x00,0x00,0x00,0x00,0x00,0x00,0x00,0x00,0x00,0x6C,0x00,0x00,
    0x00,0x00,0x36,0x00,0x00,0x00,0x00,0x00,0x00,0x00,0x00,0x00,0x00,0x6C,0x00,0x00,
    0x00,0x00,0x00,0x00,0x00,0x00,0x00,0x00,0x00,0x00,0x00,0x00,0x00,0x00,0x00,0x00,
    0x00,0x00,0x06,0xD8,0x00,0x00,0x00,0x00,0x00,0x00,0x00,0x00,0x1B,0x60,0x00,0x00,
    0x00,0x00,0x06,0xD8,0x00,0x00,0x00,0x00,0x00,0x00,0x00,0x00,0x1B,0x60,0x00,0x00,
    0x00,0x00,0x00,0x00,0x00,0x00,0x00,0x00,0x00,0x00,0x00,0x00,0x00,0x00,0x00,0x00,
    0x00,0x00,0x06,0xDB,0x60,0x00,0x00,0x00,0x00,0x00,0x00,0x06,0xDB,0x60,0x00,0x00,
    0x00,0x00,0x06,0xDB,0x60,0x00,0x00,0x00,0x00,0x00,0x00,0x06,0xDB,0x60,0x00,0x00,
    0x00,0x00,0x00,0x00,0x00,0x00,0x00,0x00,0x00,0x00,0x00,0x00,0x00,0x00,0x00,0x00,
    0x00,0x00,0x00,0xDB,0x6C,0x00,0x00,0x00,0x00,0x00,0x00,0x36,0xDB,0x00,0x00,0x00,
    0x00,0x00,0x00,0xDB,0x6C,0x00,0x00,0x00,0x00,0x00,0x00,0x36,0xDB,0x00,0x00,0x00,
    0x00,0x00,0x00,0x00,0x00,0x00,0x00,0x00,0x00,0x00,0x00,0x00,0x00,0x00,0x00,0x00,
    0x00,0x00,0x00,0xDB,0x6D,0xB0,0x00,0x00,0x00,0x00,0x0D,0xB6,0xDB,0x00,0x00,0x00,
    0x00,0x00,0x00,0xDB,0x6D,0xB0,0x00,0x00,0x00,0x00,0x0D,0xB6,0xDB,0x00,0x00,0x00,
    0x00,0x00,0x00,0x00,0x00,0x00,0x00,0x00,0x00,0x00,0x00,0x00,0x00,0x00,0x00,0x00,
    0x00,0x00,0x00,0x1B,0x6D,0xB6,0xC0,0x00,0x00,0x03,0x6D,0xB6,0xD8,0x00,0x00,0x00,
    0x00,0x00,0x00,0x1B,0x6D,0xB6,0xC0,0x00,0x00,0x03,0x6D,0xB6,0xD8,0x00,0x00,0x00,
    0x00,0x00,0x00,0x00,0x00,0x00,0x00,0x00,0x00,0x00,0x00,0x00,0x00,0x00,0x00,0x00,
    0x00,0x00,0x00,0x03,0x6D,0xB6,0xDB,0x60,0x06,0xDB,0x6D,0xB6,0xC0,0x00,0x00,0x00,
    0x00,0x00,0x00,0x03,0x6D,0xB6,0xDB,0x60,0x06,0xDB,0x6D,0xB6,0xC0,0x00,0x00,0x00,
    0x00,0x00,0x00,0x00,0x00,0x00,0x00,0x00,0x00,0x00,0x00,0x00,0x00,0x00,0x00,0x00,
    0x00,0x00,0x00,0x00,0x6D,0xB6,0xDB,0x6D,0xB6,0xDB,0x6D,0xB6,0x00,0x00,0x00,0x00,
    0x00,0x00,0x00,0x00,0x6D,0xB6,0xDB,0x6D,0xB6,0xDB,0x6D,0xB6,0x00,0x00,0x00,0x00,
    0x00,0x00,0x00,0x00,0x00,0x00,0x00,0x00,0x00,0x00,0x00,0x00,0x00,0x00,0x00,0x00,
    0x00,0x00,0x00,0x00,0x0D,0xB6,0xDB,0x6D,0xB6,0xDB,0x6D,0xB0,0x00,0x00,0x00,0x00,
    0x00,0x00,0x00,0x00,0x0D,0xB6,0xDB,0x6D,0xB6,0xDB,0x6D,0xB0,0x00,0x00,0x00,0x00,
    0x00,0x00,0x00,0x00,0x00,0x00,0x00,0x00,0x00,0x00,0x00,0x00,0x00,0x00,0x00,0x00,
  },
  {  // 14: V1_WIDE_RISE_1
    0x00,0x00,0x00,0x00,0x00,0x00,0x00,0x00,0x00,0x00,0x00,0x00,0x00,0x00,0x00,0x00,
    0x00,0x00,0x00,0x00,0x00,0x00,0xC0,0x00,0x00,0x03,0x00,0x00,0x00,0x00,0x00,0x00,
    0x00,0x00,0x00,0x00,0x00,0x00,0xC0,0x00,0x00,0x03,0x00,0x00,0x00,0x00,0x00,0x00,
    0x00,0x00,0x00,0x00,0x00,0x00,0x00,0x00,0x00,0x00,0x00,0x00,0x00,0x00,0x00,0x00,
    0x00,0x00,0x00,0x00,0x00,0x06,0xDB,0x00,0x00,0xDB,0x60,0x00,0x00,0x00,0x00,0x00,
    0x00,0x00,0x00,0x00,0x00,0x06,0xDB,0x00,0x00,0xDB,0x60,0x00,0x00,0x00,0x00,0x00,
    0x00,0x00,0x00,0x00,0x00,0x00,0x00,0x00,0x00,0x00,0x00,0x00,0x00,0x00,0x00,0x00,
    0x00,0x00,0x00,0x00,0x00,0x36,0xDB,0x60,0x06,0xDB,0x6C,0x00,0x00,0x00,0x00,0x00,
    0x00,0x00,0x00,0x00,0x00,0x36,0xDB,0x60,0x06,0xDB,0x6C,0x00,0x00,0x00,0x00,0x00,
    0x00,0x00,0x00,0x00,0x00,0x00,0x00,0x00,0x00,0x00,0x00,0x00,0x00,0x00,0x00,0x00,
    0x00,0x00,0x00,0x00,0x01,0xB6,0xDB,0x6D,0xB6,0xDB,0x6D,0x80,0x00,0x00,0x00,0x00,
    0x00,0x00,0x00,0x00,0x01,0xB6,0xDB,0x6D,0xB6,0xDB,0x6D,0x80,0x00,0x00,0x00,0x00,
    0x00,0x00,0x00,0x00,0x00,0x00,0x00,0x00,0x00,0x00,0x00,0x00,0x00,0x00,0x00,0x00,
    0x00,0x00,0x00,0x00,0x0D,0xB6,0xDB,0x6D,0xB6,0xDB,0x6D,0xB0,0x00,0x00,0x00,0x00,
    0x00,0x00,0x00,0x00,0x0D,0xB6,0xDB,0x6D,0xB6,0xDB,0x6D,0xB0,0x00,0x00,0x00,0x00,
    0x00,0x00,0x00,0x00,0x00,0x00,0x00,0x00,0x00,0x00,0x00,0x00,0x00,0x00,0x00,0x00,
    0x00,0x00,0x00,0x00,0x6D,0xB6,0xDB,0x6D,0xB6,0xDB,0x6D,0xB6,0x00,0x00,0x00,0x00,
    0x00,0x00,0x00,0x00,0x6D,0xB6,0xDB,0x6D,0xB6,0xDB,0x6D,0xB6,0x00,0x00,0x00,0x00,
    0x00,0x00,0x00,0x00,0x00,0x00,0x00,0x00,0x00,0x00,0x00,0x00,0x00,0x00,0x00,0x00,
    0x00,0x00,0x00,0x03,0x6D,0xB6,0xDB,0x6D,0xB6,0xDB,0x6D,0xB6,0xC0,0x00,0x00,0x00,
    0x00,0x00,0x00,0x03,0x6D,0xB6,0xDB,0x6D,0xB6,0xDB,0x6D,0xB6,0xC0,0x00,0x00,0x00,
    0x00,0x00,0x00,0x00,0x00,0x00,0x00,0x00,0x00,0x00,0x00,0x00,0x00,0x00,0x00,0x00,
    0x00,0x00,0x00,0xDB,0x6D,0xB6,0xDB,0x6D,0xB6,0xDB,0x6D,0xB6,0xDB,0x00,0x00,0x00,
    0x00,0x00,0x00,0xDB,0x6D,0xB6,0xDB,0x6D,0xB6,0xDB,0x6D,0xB6,0xDB,0x00,0x00,0x00,
    0x00,0x00,0x00,0x00,0x00,0x00,0x00,0x00,0x00,0x00,0x00,0x00,0x00,0x00,0x00,0x00,
    0x00,0x00,0x36,0xC0,0x00,0x00,0x00,0x6D,0xB6,0x00,0x00,0x00,0xDB,0x6C,0x00,0x00,
    0x00,0x00,0x36,0xC0,0x00,0x00,0x00,0x6D,0xB6,0x00,0x00,0x00,0xDB,0x6C,0x00,0x00,
    0x00,0x00,0x00,0x00,0x00,0x00,0x00,0x00,0x00,0x00,0x00,0x00,0x00,0x00,0x00,0x00,
    0x00,0x01,0xB0,0x00,0x00,0x00,0x00,0x0D,0xB0,0x00,0x00,0x00,0x00,0x01,0xB0,0x00,
    0x00,0x01,0xB0,0x00,0x00,0x00,0x00,0x0D,0xB0,0x00,0x00,0x00,0x00,0x01,0xB0,0x00,
    0x00,0x00,0x00,0x00,0x00,0x00,0x00,0x00,0x00,0x00,0x00,0x00,0x00,0x00,0x00,0x00,
    0x00,0x00,0x36,0xD8,0x00,0x00,0x00,0x00,0x00,0x00,0x00,0x00,0x1B,0x6C,0x00,0x00,
    0x00,0x00,0x36,0xD8,0x00,0x00,0x00,0x00,0x00,0x00,0x00,0x00,0x1B,0x6C,0x00,0x00,
    0x00,0x00,0x00,0x00,0x00,0x00,0x00,0x00,0x00,0x00,0x00,0x00,0x00,0x00,0x00,0x00,
    0x00,0x00,0x06,0xDB,0x6D,0x80,0x00,0x00,0x00,0x00,0x01,0xB6,0xDB,0x60,0x00,0x00,
    0x00,0x00,0x06,0xDB,0x6D,0x80,0x00,0x00,0x00,0x00,0x01,0xB6,0xDB,0x60,0x00,0x00,
    0x00,0x00,0x00,0x00,0x00,0x00,0x00,0x00,0x00,0x00,0x00,0x00,0x00,0x00,0x00,0x00,
    0x00,0x00,0x06,0xDB,0x6D,0xB6,0xC0,0x00,0x00,0x03,0x6D,0xB6,0xDB,0x60,0x00,0x00,
    0x00,0x00,0x06,0xDB,0x6D,0xB6,0xC0,0x00,0x00,0x03,0x6D,0xB6,0xDB,0x60,0x00,0x00,
    0x00,0x00,0x00,0x00,0x00,0x00,0x00,0x00,0x00,0x00,0x00,0x00,0x00,0x00,0x00,0x00,
    0x00,0x00,0x00,0xDB,0x6D,0xB6,0xDB,0x6C,0x36,0xDB,0x6D,0xB6,0xDB,0x00,0x00,0x00,
    0x00,0x00,0x00,0xDB,0x6D,0xB6,0xDB,0x6C,0x36,0xDB,0x6D,0xB6,0xDB,0x00,0x00,0x00,
    0x00,0x00,0x00,0x00,0x00,0x00,0x00,0x00,0x00,0x00,0x00,0x00,0x00,0x00,0x00,0x00,
    0x00,0x00,0x00,0x1B,0x6D,0xB6,0xDB,0x6D,0xB6,0xDB,0x6D,0xB6,0xD8,0x00,0x00,0x00,
    0x00,0x00,0x00,0x1B,0x6D,0xB6,0xDB,0x6D,0xB6,0xDB,0x6D,0xB6,0xD8,0x00,0x00,0x00,
    0x00,0x00,0x00,0x00,0x00,0x00,0x00,0x00,0x00,0x00,0x00,0x00,0x00,0x00,0x00,0x00,
    0x00,0x00,0x00,0x03,0x6D,0xB6,0xDB,0x6D,0xB6,0xDB,0x6D,0xB6,0xC0,0x00,0x00,0x00,
    0x00,0x00,0x00,0x03,0x6D,0xB6,0xDB,0x6D,0xB6,0xDB,0x6D,0xB6,0xC0,0x00,0x00,0x00,
    0x00,0x00,0x00,0x00,0x00,0x00,0x00,0x00,0x00,0x00,0x00,0x00,0x00,0x00,0x00,0x00,
    0x00,0x00,0x00,0x00,0x6D,0xB6,0xDB,0x6D,0xB6,0xDB,0x6D,0xB6,0x00,0x00,0x00,0x00,
    0x00,0x00,0x00,0x00,0x6D,0xB6,0xDB,0x6D,0xB6,0xDB,0x6D,0xB6,0x00,0x00,0x00,0x00,
    0x00,0x00,0x00,0x00,0x00,0x00,0x00,0x00,0x00,0x00,0x00,0x00,0x00,0x00,0x00,0x00,
    0x00,0x00,0x00,0x00,0x01,0xB6,0xDB,0x6D,0xB6,0xDB,0x6D,0x80,0x00,0x00,0x00,0x00,
    0x00,0x00,0x00,0x00,0x01,0xB6,0xDB,0x6D,0xB6,0xDB,0x6D,0x80,0x00,0x00,0x00,0x00,
    0x00,0x00,0x00,0x00,0x00,0x00,0x00,0x00,0x00,0x00,0x00,0x00,0x00,0x00,0x00,0x00,
    0x00,0x00,0x00,0x00,0x00,0x36,0xDB,0x6D,0xB6,0xDB,0x6C,0x00,0x00,0x00,0x00,0x00,
    0x00,0x00,0x00,0x00,0x00,0x36,0xDB,0x6D,0xB6,0xDB,0x6C,0x00,0x00,0x00,0x00,0x00,
    0x00,0x00,0x00,0x00,0x00,0x00,0x00,0x00,0x00,0x00,0x00,0x00,0x00,0x00,0x00,0x00,
    0x00,0x00,0x00,0x00,0x00,0x00,0xDB,0x6D,0xB6,0xDB,0x00,0x00,0x00,0x00,0x00,0x00,
    0x00,0x00,0x00,0x00,0x00,0x00,0xDB,0x6D,0xB6,0xDB,0x00,0x00,0x00,0x00,0x00,0x00,
    0x00,0x00,0x00,0x00,0x00,0x00,0x00,0x00,0x00,0x00,0x00,0x00,0x00,0x00,0x00,0x00,
    0x00,0x00,0x00,0x00,0x00,0x00,0x00,0x0D,0xB0,0x00,0x00,0x00,0x00,0x00,0x00,0x00,
    0x00,0x00,0x00,0x00,0x00,0x00,0x00,0x0D,0xB0,0x00,0x00,0x00,0x00,0x00,0x00,0x00,
    0x00,0x00,0x00,0x00,0x00,0x00,0x00,0x00,0x00,0x00,0x00,0x00,0x00,0x00,0x00,0x00,
  },
  {  // 15: V1_WIDE_RISE_2
    0x00,0x00,0x00,0x00,0x00,0x00,0x00,0x00,0x00,0x00,0x00,0x00,0x00,0x00,0x00,0x00,
    0x00,0x00,0x00,0x00,0x00,0x00,0x00,0x00,0x00,0x00,0x00,0x00,0x00,0x00,0x00,0x00,
    0x00,0x00,0x00,0x00,0x00,0x00,0x00,0x00,0x00,0x00,0x00,0x00,0x00,0x00,0x00,0x00,
    0x00,0x00,0x00,0x00,0x00,0x00,0x00,0x00,0x00,0x00,0x00,0x00,0x00,0x00,0x00,0x00,
    0x00,0x00,0x00,0x00,0x00,0x06,0xD8,0x00,0x00,0x1B,0x60,0x00,0x00,0x00,0x00,0x00,
    0x00,0x00,0x00,0x00,0x00,0x06,0xD8,0x00,0x00,0x1B,0x60,0x00,0x00,0x00,0x00,0x00,
    0x00,0x00,0x00,0x00,0x00,0x00,0x00,0x00,0x00,0x00,0x00,0x00,0x00,0x00,0x00,0x00,
    0x00,0x00,0x00,0x00,0x01,0xB6,0xDB,0x00,0x00,0xDB,0x6D,0x80,0x00,0x00,0x00,0x00,
    0x00,0x00,0x00,0x00,0x01,0xB6,0xDB,0x00,0x00,0xDB,0x6D,0x80,0x00,0x00,0x00,0x00,
    0x00,0x00,0x00,0x00,0x00,0x00,0x00,0x00,0x00,0x00,0x00,0x00,0x00,0x00,0x00,0x00,
    0x00,0x00,0x00,0x00,0x0D,0xB6,0xDB,0x6D,0xB6,0xDB,0x6D,0xB0,0x00,0x00,0x00,0x00,
    0x00,0x00,0x00,0x00,0x0D,0xB6,0xDB,0x6D,0xB6,0xDB,0x6D,0xB0,0x00,0x00,0x00,0x00,
    0x00,0x00,0x00,0x00,0x00,0x00,0x00,0x00,0x00,0x00,0x00,0x00,0x00,0x00,0x00,0x00,
    0x00,0x00,0x00,0x00,0x6D,0xB6,0xDB,0x6D,0xB6,0xDB,0x6D,0xB6,0x00,0x00,0x00,0x00,
    0x00,0x00,0x00,0x00,0x6D,0xB6,0xDB,0x6D,0xB6,0xDB,0x6D,0xB6,0x00,0x00,0x00,0x00,
    0x00,0x00,0x00,0x00,0x00,0x00,0x00,0x00,0x00,0x00,0x00,0x00,0x00,0x00,0x00,0x00,
    0x00,0x00,0x00,0x03,0x6D,0xB6,0xDB,0x6D,0xB6,0xDB,0x6D,0xB6,0xC0,0x00,0x00,0x00,
    0x00,0x00,0x00,0x03,0x6D,0xB6,0xDB,0x6D,0xB6,0xDB,0x6D,0xB6,0xC0,0x00,0x00,0x00,
    0x00,0x00,0x00,0x00,0x00,0x00,0x00,0x00,0x00,0x00,0x00,0x00,0x00,0x00,0x00,0x00,
    0x00,0x00,0x00,0xDB,0x6D,0xB6,0xDB,0x6D,0xB6,0xDB,0x6D,0xB6,0xDB,0x00,0x00,0x00,
    0x00,0x00,0x00,0xDB,0x6D,0xB6,0xDB,0x6D,0xB6,0xDB,0x6D,0xB6,0xDB,0x00,0x00,0x00,
    0x00,0x00,0x00,0x00,0x00,0x00,0x00,0x00,0x00,0x00,0x00,0x00,0x00,0x00,0x00,0x00,
    0x00,0x00,0x36,0xDB,0x6D,0x80,0x03,0x6D,0xB6,0xC0,0x01,0xB6,0xDB,0x6C,0x00,0x00,
    0x00,0x00,0x36,0xDB,0x6D,0x80,0x03,0x6D,0xB6,0xC0,0x01,0xB6,0xDB,0x6C,0x00,0x00,
    0x00,0x00,0x00,0x00,0x00,0x00,0x00,0x00,0x00,0x00,0x00,0x00,0x00,0x00,0x00,0x00,
    0x00,0x0D,0x80,0x00,0x00,0x00,0x00,0x00,0x00,0x00,0x00,0x00,0x00,0x00,0x36,0x00,
    0x00,0x0D,0x80,0x00,0x00,0x00,0x00,0x00,0x00,0x00,0x00,0x00,0x00,0x00,0x36,0x00,
    0x00,0x00,0x00,0x00,0x00,0x00,0x00,0x00,0x00,0x00,0x00,0x00,0x00,0x00,0x00,0x00,
    0x00,0x0D,0x80,0x00,0x00,0x00,0x00,0x00,0x00,0x00,0x00,0x00,0x00,0x01,0xB0,0x00,
    0x00,0x0D,0x80,0x00,0x00,0x00,0x00,0x00,0x00,0x00,0x00,0x00,0x00,0x01,0xB0,0x00,
    0x00,0x00,0x00,0x00,0x00,0x00,0x00,0x00,0x00,0x00,0x00,0x00,0x00,0x00,0x00,0x00,
    0x00,0x01,0xB6,0x00,0x00,0x00,0x00,0x00,0x00,0x00,0x00,0x00,0x00,0x6D,0x80,0x00,
    0x00,0x01,0xB6,0x00,0x00,0x00,0x00,0x00,0x00,0x00,0x00,0x00,0x00,0x6D,0x80,0x00,
    0x00,0x00,0x00,0x00,0x00,0x00,0x00,0x00,0x00,0x00,0x00,0x00,0x00,0x00,0x00,0x00,
    0x00,0x01,0xB6,0xDB,0x00,0x00,0x00,0x00,0x00,0x00,0x00,0x06,0xDB,0x6D,0x80,0x00,
    0x00,0x01,0xB6,0xDB,0x00,0x00,0x00,0x00,0x00,0x00,0x00,0x06,0xDB,0x6D,0x80,0x00,
    0x00,0x00,0x00,0x00,0x00,0x00,0x00,0x00,0x00,0x00,0x00,0x00,0x00,0x00,0x00,0x00,
    0x00,0x00,0x36,0xDB,0x6D,0x80,0x00,0x00,0x00,0x00,0x0D,0xB6,0xDB,0x6C,0x00,0x00,
    0x00,0x00,0x36,0xDB,0x6D,0x80,0x00,0x00,0x00,0x00,0x0D,0xB6,0xDB,0x6C,0x00,0x00,
    0x00,0x00,0x00,0x00,0x00,0x00,0x00,0x00,0x00,0x00,0x00,0x00,0x00,0x00,0x00,0x00,
    0x00,0x00,0x06,0xDB,0x6D,0xB6,0xD8,0x00,0x00,0x1B,0x6D,0xB6,0xDB,0x60,0x00,0x00,
    0x00,0x00,0x06,0xDB,0x6D,0xB6,0xD8,0x00,0x00,0x1B,0x6D,0xB6,0xDB,0x60,0x00,0x00,
    0x00,0x00,0x00,0x00,0x00,0x00,0x00,0x00,0x00,0x00,0x00,0x00,0x00,0x00,0x00,0x00,
    0x00,0x00,0x00,0xDB,0x6D,0xB6,0xDB,0x6D,0xB6,0xDB,0x6D,0xB6,0xDB,0x00,0x00,0x00,
    0x00,0x00,0x00,0xDB,0x6D,0xB6,0xDB,0x6D,0xB6,0xDB,0x6D,0xB6,0xDB,0x00,0x00,0x00,
    0x00,0x00,0x00,0x00,0x00,0x00,0x00,0x00,0x00,0x00,0x00,0x00,0x00,0x00,0x00,0x00,
    0x00,0x00,0x00,0x1B,0x6D,0xB6,0xDB,0x6D,0xB6,0xDB,0x6D,0xB6,0xD8,0x00,0x00,0x00,
    0x00,0x00,0x00,0x1B,0x6D,0xB6,0xDB,0x6D,0xB6,0xDB,0x6D,0xB6,0xD8,0x00,0x00,0x00,
    0x00,0x00,0x00,0x00,0x00,0x00,0x00,0x00,0x00,0x00,0x00,0x00,0x00,0x00,0x00,0x00,
    0x00,0x00,0x00,0x00,0x6D,0xB6,0xDB,0x6D,0xB6,0xDB,0x6D,0xB6,0x00,0x00,0x00,0x00,
    0x00,0x00,0x00,0x00,0x6D,0xB6,0xDB,0x6D,0xB6,0xDB,0x6D,0xB6,0x00,0x00,0x00,0x00,
    0x00,0x00,0x00,0x00,0x00,0x00,0x00,0x00,0x00,0x00,0x00,0x00,0x00,0x00,0x00,0x00,
    0x00,0x00,0x00,0x00,0x0D,0xB6,0xDB,0x6D,0xB6,0xDB,0x6D,0xB0,0x00,0x00,0x00,0x00,
    0x00,0x00,0x00,0x00,0x0D,0xB6,0xDB,0x6D,0xB6,0xDB,0x6D,0xB0,0x00,0x00,0x00,0x00,
    0x00,0x00,0x00,0x00,0x00,0x00,0x00,0x00,0x00,0x00,0x00,0x00,0x00,0x00,0x00,0x00,
    0x00,0x00,0x00,0x00,0x00,0x36,0xDB,0x6D,0xB6,0xDB,0x6C,0x00,0x00,0x00,0x00,0x00,
    0x00,0x00,0x00,0x00,0x00,0x36,0xDB,0x6D,0xB6,0xDB,0x6C,0x00,0x00,0x00,0x00,0x00,
    0x00,0x00,0x00,0x00,0x00,0x00,0x00,0x00,0x00,0x00,0x00,0x00,0x00,0x00,0x00,0x00,
    0x00,0x00,0x00,0x00,0x00,0x00,0xDB,0x6D,0xB6,0xDB,0x00,0x00,0x00,0x00,0x00,0x00,
    0x00,0x00,0x00,0x00,0x00,0x00,0xDB,0x6D,0xB6,0xDB,0x00,0x00,0x00,0x00,0x00,0x00,
    0x00,0x00,0x00,0x00,0x00,0x00,0x00,0x00,0x00,0x00,0x00,0x00,0x00,0x00,0x00,0x00,
    0x00,0x00,0x00,0x00,0x00,0x00,0x00,0x00,0x00,0x00,0x00,0x00,0x00,0x00,0x00,0x00,
    0x00,0x00,0x00,0x00,0x00,0x00,0x00,0x00,0x00,0x00,0x00,0x00,0x00,0x00,0x00,0x00,
    0x00,0x00,0x00,0x00,0x00,0x00,0x00,0x00,0x00,0x00,0x00,0x00,0x00,0x00,0x00,0x00,
  },
  {  // 16: V1_ROUND_RISE_1
    0x00,0x00,0x00,0x00,0x00,0x00,0x00,0x00,0x00,0x00,0x00,0x00,0x00,0x00,0x00,0x00,
    0x00,0x00,0x00,0x00,0x00,0x00,0xDB,0x00,0x00,0xDB,0x00,0x00,0x00,0x00,0x00,0x00,
    0x00,0x00,0x00,0x00,0x00,0x00,0xDB,0x00,0x00,0xDB,0x00,0x00,0x00,0x00,0x00,0x00,
    0x00,0x00,0x00,0x00,0x00,0x00,0x00,0x00,0x00,0x00,0x00,0x00,0x00,0x00,0x00,0x00,
    0x00,0x00,0x00,0x00,0x00,0x00,0xDB,0x60,0x06,0xDB,0x00,0x00,0x00,0x00,0x00,0x00,
    0x00,0x00,0x00,0x00,0x00,0x00,0xDB,0x60,0x06,0xDB,0x00,0x00,0x00,0x00,0x00,0x00,
    0x00,0x00,0x00,0x00,0x00,0x00,0x00,0x00,0x00,0x00,0x00,0x00,0x00,0x00,0x00,0x00,
    0x00,0x00,0x00,0x00,0x00,0x06,0xDB,0x6C,0x36,0xDB,0x60,0x00,0x00,0x00,0x00,0x00,
    0x00,0x00,0x00,0x00,0x00,0x06,0xDB,0x6C,0x36,0xDB,0x60,0x00,0x00,0x00,0x00,0x00,
    0x00,0x00,0x00,0x00,0x00,0x00,0x00,0x00,0x00,0x00,0x00,0x00,0x00,0x00,0x00,0x00,
    0x00,0x00,0x00,0x00,0x00,0x36,0xDB,0x6D,0xB6,0xDB,0x6C,0x00,0x00,0x00,0x00,0x00,
    0x00,0x00,0x00,0x00,0x00,0x36,0xDB,0x6D,0xB6,0xDB,0x6C,0x00,0x00,0x00,0x00,0x00,
    0x00,0x00,0x00,0x00,0x00,0x00,0x00,0x00,0x00,0x00,0x00,0x00,0x00,0x00,0x00,0x00,
    0x00,0x00,0x00,0x00,0x00,0x36,0xDB,0x6D,0xB6,0xDB,0x6C,0x00,0x00,0x00,0x00,0x00,
    0x00,0x00,0x00,0x00,0x00,0x36,0xDB,0x6D,0xB6,0xDB,0x6C,0x00,0x00,0x00,0x00,0x00,
    0x00,0x00,0x00,0x00,0x00,0x00,0x00,0x00,0x00,0x00,0x00,0x00,0x00,0x00,0x00,0x00,
    0x00,0x00,0x00,0x00,0x01,0xB6,0xDB,0x6D,0xB6,0xDB,0x6D,0x80,0x00,0x00,0x00,0x00,
    0x00,0x00,0x00,0x00,0x01,0xB6,0xDB,0x6D,0xB6,0xDB,0x6D,0x80,0x00,0x00,0x00,0x00,
    0x00,0x00,0x00,0x00,0x00,0x00,0x00,0x00,0x00,0x00,0x00,0x00,0x00,0x00,0x00,0x00,
    0x00,0x00,0x00,0x00,0x0D,0xB6,0xDB,0x6D,0xB6,0xDB,0x6D,0xB0,0x00,0x00,0x00,0x00,
    0x00,0x00,0x00,0x00,0x0D,0xB6,0xDB,0x6D,0xB6,0xDB,0x6D,0xB0,0x00,0x00,0x00,0x00,
    0x00,0x00,0x00,0x00,0x00,0x00,0x00,0x00,0x00,0x00,0x00,0x00,0x00,0x00,0x00,0x00,
    0x00,0x00,0x00,0x00,0x6D,0xB6,0x00,0x6D,0xB6,0x00,0x6D,0xB6,0xC0,0x00,0x00,0x00,
    0x00,0x00,0x00,0x00,0x6D,0xB6,0x00,0x6D,0xB6,0x00,0x6D,0xB6,0xC0,0x00,0x00,0x00,
    0x00,0x00,0x00,0x00,0x00,0x00,0x00,0x00,0x00,0x00,0x00,0x00,0x00,0x00,0x00,0x00,
    0x00,0x00,0x00,0x1B,0x00,0x00,0x00,0x0D,0xB0,0x00,0x00,0x00,0x18,0x00,0x00,0x00,
    0x00,0x00,0x00,0x1B,0x00,0x00,0x00,0x0D,0xB0,0x00,0x00,0x00,0x18,0x00,0x00,0x00,
    0x00,0x00,0x00,0x00,0x00,0x00,0x00,0x00,0x00,0x00,0x00,0x00,0x00,0x00,0x00,0x00,
    0x00,0x00,0x00,0xC0,0x00,0x00,0x00,0x00,0x00,0x00,0x00,0x00,0x1B,0x00,0x00,0x00,
    0x00,0x00,0x00,0xC0,0x00,0x00,0x00,0x00,0x00,0x00,0x00,0x00,0x1B,0x00,0x00,0x00,
    0x00,0x00,0x00,0x00,0x00,0x00,0x00,0x00,0x00,0x00,0x00,0x00,0x00,0x00,0x00,0x00,
    0x00,0x00,0x00,0x1B,0x00,0x00,0x00,0x00,0x00,0x00,0x00,0x00,0xD8,0x00,0x00,0x00,
    0x00,0x00,0x00,0x1B,0x00,0x00,0x00,0x00,0x00,0x00,0x00,0x00,0xD8,0x00,0x00,0x00,
    0x00,0x00,0x00,0x00,0x00,0x00,0x00,0x00,0x00,0x00,0x00,0x00,0x00,0x00,0x00,0x00,
    0x00,0x00,0x00,0x1B,0x6D,0x80,0x00,0x00,0x00,0x00,0x01,0xB6,0xD8,0x00,0x00,0x00,
    0x00,0x00,0x00,0x1B,0x6D,0x80,0x00,0x00,0x00,0x00,0x01,0xB6,0xD8,0x00,0x00,0x00,
    0x00,0x00,0x00,0x00,0x00,0x00,0x00,0x00,0x00,0x00,0x00,0x00,0x00,0x00,0x00,0x00,
    0x00,0x00,0x00,0x03,0x6D,0xB6,0x00,0x00,0x00,0x00,0x6D,0xB6,0xC0,0x00,0x00,0x00,
    0x00,0x00,0x00,0x03,0x6D,0xB6,0x00,0x00,0x00,0x00,0x6D,0xB6,0xC0,0x00,0x00,0x00,
    0x00,0x00,0x00,0x00,0x00,0x00,0x00,0x00,0x00,0x00,0x00,0x00,0x00,0x00,0x00,0x00,
    0x00,0x00,0x00,0x00,0x6D,0xB6,0xD8,0x00,0x00,0x1B,0x6D,0xB6,0x00,0x00,0x00,0x00,
    0x00,0x00,0x00,0x00,0x6D,0xB6,0xD8,0x00,0x00,0x1B,0x6D,0xB6,0x00,0x00,0x00,0x00,
    0x00,0x00,0x00,0x00,0x00,0x00,0x00,0x00,0x00,0x00,0x00,0x00,0x00,0x00,0x00,0x00,
    0x00,0x00,0x00,0x00,0x6D,0xB6,0xDB,0x6D,0xB6,0xDB,0x6D,0xB6,0x00,0x00,0x00,0x00,
    0x00,0x00,0x00,0x00,0x6D,0xB6,0xDB,0x6D,0xB6,0xDB,0x6D,0xB6,0x00,0x00,0x00,0x00,
    0x00,0x00,0x00,0x00,0x00,0x00,0x00,0x00,0x00,0x00,0x00,0x00,0x00,0x00,0x00,0x00,
    0x00,0x00,0x00,0x00,0x0D,0xB6,0xDB,0x6D,0xB6,0xDB,0x6D,0xB0,0x00,0x00,0x00,0x00,
    0x00,0x00,0x00,0x00,0x0D,0xB6,0xDB,0x6D,0xB6,0xDB,0x6D,0xB0,0x00,0x00,0x00,0x00,
    0x00,0x00,0x00,0x00,0x00,0x00,0x00,0x00,0x00,0x00,0x00,0x00,0x00,0x00,0x00,0x00,
    0x00,0x00,0x00,0x00,0x01,0xB6,0xDB,0x6D,0xB6,0xDB,0x6D,0x80,0x00,0x00,0x00,0x00,
    0x00,0x00,0x00,0x00,0x01,0xB6,0xDB,0x6D,0xB6,0xDB,0x6D,0x80,0x00,0x00,0x00,0x00,
    0x00,0x00,0x00,0x00,0x00,0x00,0x00,0x00,0x00,0x00,0x00,0x00,0x00,0x00,0x00,0x00,
    0x00,0x00,0x00,0x00,0x00,0x36,0xDB,0x6D,0xB6,0xDB,0x6C,0x00,0x00,0x00,0x00,0x00,
    0x00,0x00,0x00,0x00,0x00,0x36,0xDB,0x6D,0xB6,0xDB,0x6C,0x00,0x00,0x00,0x00,0x00,
    0x00,0x00,0x00,0x00,0x00,0x00,0x00,0x00,0x00,0x00,0x00,0x00,0x00,0x00,0x00,0x00,
    0x00,0x00,0x00,0x00,0x00,0x36,0xDB,0x6D,0xB6,0xDB,0x60,0x00,0x00,0x00,0x00,0x00,
    0x00,0x00,0x00,0x00,0x00,0x36,0xDB,0x6D,0xB6,0xDB,0x60,0x00,0x00,0x00,0x00,0x00,
    0x00,0x00,0x00,0x00,0x00,0x00,0x00,0x00,0x00,0x00,0x00,0x00,0x00,0x00,0x00,0x00,
    0x00,0x00,0x00,0x00,0x00,0x00,0xDB,0x6D,0xB6,0xDB,0x00,0x00,0x00,0x00,0x00,0x00,
    0x00,0x00,0x00,0x00,0x00,0x00,0xDB,0x6D,0xB6,0xDB,0x00,0x00,0x00,0x00,0x00,0x00,
    0x00,0x00,0x00,0x00,0x00,0x00,0x00,0x00,0x00,0x00,0x00,0x00,0x00,0x00,0x00,0x00,
    0x00,0x00,0x00,0x00,0x00,0x00,0x1B,0x6D,0xB6,0xD8,0x00,0x00,0x00,0x00,0x00,0x00,
    0x00,0x00,0x00,0x00,0x00,0x00,0x1B,0x6D,0xB6,0xD8,0x00,0x00,0x00,0x00,0x00,0x00,
    0x00,0x00,0x00,0x00,0x00,0x00,0x00,0x00,0x00,0x00,0x00,0x00,0x00,0x00,0x00,0x00,
  },
  {  // 17: V1_ROUND_RISE_2
    0x00,0x00,0x00,0x00,0x00,0x00,0x00,0x00,0x00,0x00,0x00,0x00,0x00,0x00,0x00,0x00,
    0x00,0x00,0x00,0x00,0x00,0x00,0xDB,0x60,0x06,0xDB,0x00,0x00,0x00,0x00,0x00,0x00,
    0x00,0x00,0x00,0x00,0x00,0x00,0xDB,0x60,0x06,0xDB,0x00,0x00,0x00,0x00,0x00,0x00,
    0x00,0x00,0x00,0x00,0x00,0x00,0x00,0x00,0x00,0x00,0x00,0x00,0x00,0x00,0x00,0x00,
    0x00,0x00,0x00,0x00,0x00,0x06,0xDB,0x6D,0xB6,0xDB,0x60,0x00,0x00,0x00,0x00,0x00,
    0x00,0x00,0x00,0x00,0x00,0x06,0xDB,0x6D,0xB6,0xDB,0x60,0x00,0x00,0x00,0x00,0x00,
    0x00,0x00,0x00,0x00,0x00,0x00,0x00,0x00,0x00,0x00,0x00,0x00,0x00,0x00,0x00,0x00,
    0x00,0x00,0x00,0x00,0x00,0x06,0xDB,0x6D,0xB6,0xDB,0x60,0x00,0x00,0x00,0x00,0x00,
    0x00,0x00,0x00,0x00,0x00,0x06,0xDB,0x6D,0xB6,0xDB,0x60,0x00,0x00,0x00,0x00,0x00,
    0x00,0x00,0x00,0x00,0x00,0x00,0x00,0x00,0x00,0x00,0x00,0x00,0x00,0x00,0x00,0x00,
    0x00,0x00,0x00,0x00,0x00,0x36,0xDB,0x6D,0xB6,0xDB,0x6C,0x00,0x00,0x00,0x00,0x00,
    0x00,0x00,0x00,0x00,0x00,0x36,0xDB,0x6D,0xB6,0xDB,0x6C,0x00,0x00,0x00,0x00,0x00,
    0x00,0x00,0x00,0x00,0x00,0x00,0x00,0x00,0x00,0x00,0x00,0x00,0x00,0x00,0x00,0x00,
    0x00,0x00,0x00,0x00,0x00,0x36,0xDB,0x6D,0xB6,0xDB,0x6C,0x00,0x00,0x00,0x00,0x00,
    0x00,0x00,0x00,0x00,0x00,0x36,0xDB,0x6D,0xB6,0xDB,0x6C,0x00,0x00,0x00,0x00,0x00,
    0x00,0x00,0x00,0x00,0x00,0x00,0x00,0x00,0x00,0x00,0x00,0x00,0x00,0x00,0x00,0x00,
    0x00,0x00,0x00,0x00,0x01,0xB6,0xC0,0x0D,0xB0,0x03,0x6D,0x80,0x00,0x00,0x00,0x00,
    0x00,0x00,0x00,0x00,0x01,0xB6,0xC0,0x0D,0xB0,0x03,0x6D,0x80,0x00,0x00,0x00,0x00,
    0x00,0x00,0x00,0x00,0x00,0x00,0x00,0x00,0x00,0x00,0x00,0x00,0x00,0x00,0x00,0x00,
    0x00,0x00,0x00,0x00,0x0D,0xB0,0x00,0x00,0x00,0x00,0x0D,0xB0,0x00,0x00,0x00,0x00,
    0x00,0x00,0x00,0x00,0x0D,0xB0,0x00,0x00,0x00,0x00,0x0D,0xB0,0x00,0x00,0x00,0x00,
    0x00,0x00,0x00,0x00,0x00,0x00,0x00,0x00,0x00,0x00,0x00,0x00,0x00,0x00,0x00,0x00,
    0x00,0x00,0x00,0x00,0x60,0x00,0x00,0x00,0x00,0x00,0x00,0x06,0x00,0x00,0x00,0x00,
    0x00,0x00,0x00,0x00,0x60,0x00,0x00,0x00,0x00,0x00,0x00,0x06,0x00,0x00,0x00,0x00,
    0x00,0x00,0x00,0x00,0x00,0x00,0x00,0x00,0x00,0x00,0x00,0x00,0x00,0x00,0x00,0x00,
    0x00,0x00,0x00,0x03,0x00,0x00,0x00,0x00,0x00,0x00,0x00,0x00,0xC0,0x00,0x00,0x00,
    0x00,0x00,0x00,0x03,0x00,0x00,0x00,0x00,0x00,0x00,0x00,0x00,0xC0,0x00,0x00,0x00,
    0x00,0x00,0x00,0x00,0x00,0x00,0x00,0x00,0x00,0x00,0x00,0x00,0x00,0x00,0x00,0x00,
    0x00,0x00,0x00,0x00,0x00,0x00,0x00,0x00,0x00,0x00,0x00,0x00,0x00,0x00,0x00,0x00,
    0x00,0x00,0x00,0x00,0x00,0x00,0x00,0x00,0x00,0x00,0x00,0x00,0x00,0x00,0x00,0x00,
    0x00,0x00,0x00,0x00,0x00,0x00,0x00,0x00,0x00,0x00,0x00,0x00,0x00,0x00,0x00,0x00,
    0x00,0x00,0x00,0x18,0x00,0x00,0x00,0x00,0x00,0x00,0x00,0x00,0x18,0x00,0x00,0x00,
    0x00,0x00,0x00,0x18,0x00,0x00,0x00,0x00,0x00,0x00,0x00,0x00,0x18,0x00,0x00,0x00,
    0x00,0x00,0x00,0x00,0x00,0x00,0x00,0x00,0x00,0x00,0x00,0x00,0x00,0x00,0x00,0x00,
    0x00,0x00,0x00,0x03,0x60,0x00,0x00,0x00,0x00,0x00,0x00,0x06,0xC0,0x00,0x00,0x00,
    0x00,0x00,0x00,0x03,0x60,0x00,0x00,0x00,0x00,0x00,0x00,0x06,0xC0,0x00,0x00,0x00,
    0x00,0x00,0x00,0x00,0x00,0x00,0x00,0x00,0x00,0x00,0x00,0x00,0x00,0x00,0x00,0x00,
    0x00,0x00,0x00,0x03,0x6C,0x00,0x00,0x00,0x00,0x00,0x00,0x36,0xC0,0x00,0x00,0x00,
    0x00,0x00,0x00,0x03,0x6C,0x00,0x00,0x00,0x00,0x00,0x00,0x36,0xC0,0x00,0x00,0x00,
    0x00,0x00,0x00,0x00,0x00,0x00,0x00,0x00,0x00,0x00,0x00,0x00,0x00,0x00,0x00,0x00,
    0x00,0x00,0x00,0x00,0x6D,0xB0,0x00,0x00,0x00,0x00,0x0D,0xB6,0x00,0x00,0x00,0x00,
    0x00,0x00,0x00,0x00,0x6D,0xB0,0x00,0x00,0x00,0x00,0x0D,0xB6,0x00,0x00,0x00,0x00,
    0x00,0x00,0x00,0x00,0x00,0x00,0x00,0x00,0x00,0x00,0x00,0x00,0x00,0x00,0x00,0x00,
    0x00,0x00,0x00,0x00,0x6D,0xB6,0x00,0x00,0x00,0x00,0x6D,0xB6,0x00,0x00,0x00,0x00,
    0x00,0x00,0x00,0x00,0x6D,0xB6,0x00,0x00,0x00,0x00,0x6D,0xB6,0x00,0x00,0x00,0x00,
    0x00,0x00,0x00,0x00,0x00,0x00,0x00,0x00,0x00,0x00,0x00,0x00,0x00,0x00,0x00,0x00,
    0x00,0x00,0x00,0x00,0x0D,0xB6,0xC0,0x00,0x00,0x03,0x6D,0xB0,0x00,0x00,0x00,0x00,
    0x00,0x00,0x00,0x00,0x0D,0xB6,0xC0,0x00,0x00,0x03,0x6D,0xB0,0x00,0x00,0x00,0x00,
    0x00,0x00,0x00,0x00,0x00,0x00,0x00,0x00,0x00,0x00,0x00,0x00,0x00,0x00,0x00,0x00,
    0x00,0x00,0x00,0x00,0x0D,0xB6,0xDB,0x00,0x00,0xDB,0x6D,0xB0,0x00,0x00,0x00,0x00,
    0x00,0x00,0x00,0x00,0x0D,0xB6,0xDB,0x00,0x00,0xDB,0x6D,0xB0,0x00,0x00,0x00,0x00,
    0x00,0x00,0x00,0x00,0x00,0x00,0x00,0x00,0x00,0x00,0x00,0x00,0x00,0x00,0x00,0x00,
    0x00,0x00,0x00,0x00,0x01,0xB6,0xDB,0x6C,0x36,0xDB,0x6D,0x80,0x00,0x00,0x00,0x00,
    0x00,0x00,0x00,0x00,0x01,0xB6,0xDB,0x6C,0x36,0xDB,0x6D,0x80,0x00,0x00,0x00,0x00,
    0x00,0x00,0x00,0x00,0x00,0x00,0x00,0x00,0x00,0x00,0x00,0x00,0x00,0x00,0x00,0x00,
    0x00,0x00,0x00,0x00,0x00,0x36,0xDB,0x6D,0xB6,0xDB,0x6C,0x00,0x00,0x00,0x00,0x00,
    0x00,0x00,0x00,0x00,0x00,0x36,0xDB,0x6D,0xB6,0xDB,0x6C,0x00,0x00,0x00,0x00,0x00,
    0x00,0x00,0x00,0x00,0x00,0x00,0x00,0x00,0x00,0x00,0x00,0x00,0x00,0x00,0x00,0x00,
    0x00,0x00,0x00,0x00,0x00,0x36,0xDB,0x6D,0xB6,0xDB,0x6C,0x00,0x00,0x00,0x00,0x00,
    0x00,0x00,0x00,0x00,0x00,0x36,0xDB,0x6D,0xB6,0xDB,0x6C,0x00,0x00,0x00,0x00,0x00,
    0x00,0x00,0x00,0x00,0x00,0x00,0x00,0x00,0x00,0x00,0x00,0x00,0x00,0x00,0x00,0x00,
    0x00,0x00,0x00,0x00,0x00,0x06,0xDB,0x6D,0xB6,0xDB,0x60,0x00,0x00,0x00,0x00,0x00,
    0x00,0x00,0x00,0x00,0x00,0x06,0xDB,0x6D,0xB6,0xDB,0x60,0x00,0x00,0x00,0x00,0x00,
    0x00,0x00,0x00,0x00,0x00,0x00,0x00,0x00,0x00,0x00,0x00,0x00,0x00,0x00,0x00,0x00,
  },
  {  // 18: V1_SIDE_L_RISE_1
    0x00,0x00,0x00,0x00,0x00,0x00,0x00,0x00,0x00,0x00,0x00,0x00,0x00,0x00,0x00,0x00,
    0x00,0x00,0x00,0x00,0x00,0x00,0x00,0x00,0x00,0x00,0x00,0x00,0x00,0x00,0x00,0x00,
    0x00,0x00,0x00,0x00,0x00,0x00,0x00,0x00,0x00,0x00,0x00,0x00,0x00,0x00,0x00,0x00,
    0x00,0x00,0x00,0x00,0x00,0x00,0x00,0x00,0x00,0x00,0x00,0x00,0x00,0x00,0x00,0x00,
    0x00,0x00,0x00,0x00,0x00,0x36,0xC0,0x00,0x00,0xDB,0x60,0x00,0x00,0x00,0x00,0x00,
    0x00,0x00,0x00,0x00,0x00,0x36,0xC0,0x00,0x00,0xDB,0x60,0x00,0x00,0x00,0x00,0x00,
    0x00,0x00,0x00,0x00,0x00,0x00,0x00,0x00,0x00,0x00,0x00,0x00,0x00,0x00,0x00,0x00,
    0x00,0x00,0x00,0x00,0x01,0xB6,0xDB,0x00,0x36,0xDB,0x6C,0x00,0x00,0x00,0x00,0x00,
    0x00,0x00,0x00,0x00,0x01,0xB6,0xDB,0x00,0x36,0xDB,0x6C,0x00,0x00,0x00,0x00,0x00,
    0x00,0x00,0x00,0x00,0x00,0x00,0x00,0x00,0x00,0x00,0x00,0x00,0x00,0x00,0x00,0x00,
    0x00,0x00,0x00,0x00,0x0D,0xB6,0xDB,0x6D,0xB6,0xDB,0x6D,0x80,0x00,0x00,0x00,0x00,
    0x00,0x00,0x00,0x00,0x0D,0xB6,0xDB,0x6D,0xB6,0xDB,0x6D,0x80,0x00,0x00,0x00,0x00,
    0x00,0x00,0x00,0x00,0x00,0x00,0x00,0x00,0x00,0x00,0x00,0x00,0x00,0x00,0x00,0x00,
    0x00,0x00,0x00,0x00,0x6D,0xB6,0xDB,0x6D,0xB6,0xDB,0x6D,0xB0,0x00,0x00,0x00,0x00,
    0x00,0x00,0x00,0x00,0x6D,0xB6,0xDB,0x6D,0xB6,0xDB,0x6D,0xB0,0x00,0x00,0x00,0x00,
    0x00,0x00,0x00,0x00,0x00,0x00,0x00,0x00,0x00,0x00,0x00,0x00,0x00,0x00,0x00,0x00,
    0x00,0x00,0x00,0x03,0x6D,0xB6,0xDB,0x6D,0xB6,0xDB,0x6D,0xB6,0x00,0x00,0x00,0x00,
    0x00,0x00,0x00,0x03,0x6D,0xB6,0xDB,0x6D,0xB6,0xDB,0x6D,0xB6,0x00,0x00,0x00,0x00,
    0x00,0x00,0x00,0x00,0x00,0x00,0x00,0x00,0x00,0x00,0x00,0x00,0x00,0x00,0x00,0x00,
    0x00,0x00,0x00,0x1B,0x6D,0xB6,0xDB,0x6D,0xB6,0xDB,0x6D,0xB6,0xD8,0x00,0x00,0x00,
    0x00,0x00,0x00,0x1B,0x6D,0xB6,0xDB,0x6D,0xB6,0xDB,0x6D,0xB6,0xD8,0x00,0x00,0x00,
    0x00,0x00,0x00,0x00,0x00,0x00,0x00,0x00,0x00,0x00,0x00,0x00,0x00,0x00,0x00,0x00,
    0x00,0x00,0x06,0xDB,0x6D,0xB6,0xDB,0x6D,0xB6,0xC0,0x6D,0xB6,0xDB,0x60,0x00,0x00,
    0x00,0x00,0x06,0xDB,0x6D,0xB6,0xDB,0x6D,0xB6,0xC0,0x6D,0xB6,0xDB,0x60,0x00,0x00,
    0x00,0x00,0x00,0x00,0x00,0x00,0x00,0x00,0x00,0x00,0x00,0x00,0x00,0x00,0x00,0x00,
    0x00,0x01,0xB6,0x00,0x00,0x00,0x00,0x6D,0xB0,0x00,0x00,0x00,0x00,0x01,0x80,0x00,
    0x00,0x01,0xB6,0x00,0x00,0x00,0x00,0x6D,0xB0,0x00,0x00,0x00,0x00,0x01,0x80,0x00,
    0x00,0x00,0x00,0x00,0x00,0x00,0x00,0x00,0x00,0x00,0x00,0x00,0x00,0x00,0x00,0x00,
    0x00,0x0D,0x80,0x00,0x00,0x00,0x00,0x00,0x00,0x00,0x00,0x00,0x00,0x0D,0xB0,0x00,
    0x00,0x0D,0x80,0x00,0x00,0x00,0x00,0x00,0x00,0x00,0x00,0x00,0x00,0x0D,0xB0,0x00,
    0x00,0x00,0x00,0x00,0x00,0x00,0x00,0x00,0x00,0x00,0x00,0x00,0x00,0x00,0x00,0x00,
    0x00,0x0D,0xB0,0x00,0x00,0x00,0x00,0x00,0x00,0x00,0x00,0x00,0x1B,0x6C,0x00,0x00,
    0x00,0x0D,0xB0,0x00,0x00,0x00,0x00,0x00,0x00,0x00,0x00,0x00,0x1B,0x6C,0x00,0x00,
    0x00,0x00,0x00,0x00,0x00,0x00,0x00,0x00,0x00,0x00,0x00,0x00,0x00,0x00,0x00,0x00,
    0x00,0x01,0xB6,0xDB,0x00,0x00,0x00,0x00,0x00,0x00,0x00,0x36,0xDB,0x60,0x00,0x00,
    0x00,0x01,0xB6,0xDB,0x00,0x00,0x00,0x00,0x00,0x00,0x00,0x36,0xDB,0x60,0x00,0x00,
    0x00,0x00,0x00,0x00,0x00,0x00,0x00,0x00,0x00,0x00,0x00,0x00,0x00,0x00,0x00,0x00,
    0x00,0x00,0x36,0xDB,0x6D,0x80,0x00,0x00,0x00,0x00,0x6D,0xB6,0xDB,0x60,0x00,0x00,
    0x00,0x00,0x36,0xDB,0x6D,0x80,0x00,0x00,0x00,0x00,0x6D,0xB6,0xDB,0x60,0x00,0x00,
    0x00,0x00,0x00,0x00,0x00,0x00,0x00,0x00,0x00,0x00,0x00,0x00,0x00,0x00,0x00,0x00,
    0x00,0x00,0x36,0xDB,0x6D,0xB6,0xD8,0x00,0x06,0xDB,0x6D,0xB6,0xDB,0x00,0x00,0x00,
    0x00,0x00,0x36,0xDB,0x6D,0xB6,0xD8,0x00,0x06,0xDB,0x6D,0xB6,0xDB,0x00,0x00,0x00,
    0x00,0x00,0x00,0x00,0x00,0x00,0x00,0x00,0x00,0x00,0x00,0x00,0x00,0x00,0x00,0x00,
    0x00,0x00,0x06,0xDB,0x6D,0xB6,0xDB,0x6D,0xB6,0xDB,0x6D,0xB6,0xD8,0x00,0x00,0x00,
    0x00,0x00,0x06,0xDB,0x6D,0xB6,0xDB,0x6D,0xB6,0xDB,0x6D,0xB6,0xD8,0x00,0x00,0x00,
    0x00,0x00,0x00,0x00,0x00,0x00,0x00,0x00,0x00,0x00,0x00,0x00,0x00,0x00,0x00,0x00,
    0x00,0x00,0x00,0xDB,0x6D,0xB6,0xDB,0x6D,0xB6,0xDB,0x6D,0xB6,0x00,0x00,0x00,0x00,
    0x00,0x00,0x00,0xDB,0x6D,0xB6,0xDB,0x6D,0xB6,0xDB,0x6D,0xB6,0x00,0x00,0x00,0x00,
    0x00,0x00,0x00,0x00,0x00,0x00,0x00,0x00,0x00,0x00,0x00,0x00,0x00,0x00,0x00,0x00,
    0x00,0x00,0x00,0x03,0x6D,0xB6,0xDB,0x6D,0xB6,0xDB,0x6D,0xB0,0x00,0x00,0x00,0x00,
    0x00,0x00,0x00,0x03,0x6D,0xB6,0xDB,0x6D,0xB6,0xDB,0x6D,0xB0,0x00,0x00,0x00,0x00,
    0x00,0x00,0x00,0x00,0x00,0x00,0x00,0x00,0x00,0x00,0x00,0x00,0x00,0x00,0x00,0x00,
    0x00,0x00,0x00,0x00,0x6D,0xB6,0xDB,0x6D,0xB6,0xDB,0x6D,0x80,0x00,0x00,0x00,0x00,
    0x00,0x00,0x00,0x00,0x6D,0xB6,0xDB,0x6D,0xB6,0xDB,0x6D,0x80,0x00,0x00,0x00,0x00,
    0x00,0x00,0x00,0x00,0x00,0x00,0x00,0x00,0x00,0x00,0x00,0x00,0x00,0x00,0x00,0x00,
    0x00,0x00,0x00,0x00,0x0D,0xB6,0xDB,0x6D,0xB6,0xDB,0x60,0x00,0x00,0x00,0x00,0x00,
    0x00,0x00,0x00,0x00,0x0D,0xB6,0xDB,0x6D,0xB6,0xDB,0x60,0x00,0x00,0x00,0x00,0x00,
    0x00,0x00,0x00,0x00,0x00,0x00,0x00,0x00,0x00,0x00,0x00,0x00,0x00,0x00,0x00,0x00,
    0x00,0x00,0x00,0x00,0x00,0x36,0xDB,0x6D,0xB6,0xD8,0x00,0x00,0x00,0x00,0x00,0x00,
    0x00,0x00,0x00,0x00,0x00,0x36,0xDB,0x6D,0xB6,0xD8,0x00,0x00,0x00,0x00,0x00,0x00,
    0x00,0x00,0x00,0x00,0x00,0x00,0x00,0x00,0x00,0x00,0x00,0x00,0x00,0x00,0x00,0x00,
    0x00,0x00,0x00,0x00,0x00,0x00,0x00,0x6D,0x80,0x00,0x00,0x00,0x00,0x00,0x00,0x00,
    0x00,0x00,0x00,0x00,0x00,0x00,0x00,0x6D,0x80,0x00,0x00,0x00,0x00,0x00,0x00,0x00,
    0x00,0x00,0x00,0x00,0x00,0x00,0x00,0x00,0x00,0x00,0x00,0x00,0x00,0x00,0x00,0x00,
  },
  {  // 19: V1_SIDE_L_RISE_2
    0x00,0x00,0x00,0x00,0x00,0x00,0x00,0x00,0x00,0x00,0x00,0x00,0x00,0x00,0x00,0x00,
    0x00,0x00,0x00,0x00,0x00,0x00,0x00,0x00,0x00,0x1B,0x00,0x00,0x00,0x00,0x00,0x00,
    0x00,0x00,0x00,0x00,0x00,0x00,0x00,0x00,0x00,0x1B,0x00,0x00,0x00,0x00,0x00,0x00,
    0x00,0x00,0x00,0x00,0x00,0x00,0x00,0x00,0x00,0x00,0x00,0x00,0x00,0x00,0x00,0x00,
    0x00,0x00,0x00,0x00,0x01,0xB6,0xD8,0x00,0x06,0xDB,0x60,0x00,0x00,0x00,0x00,0x00,
    0x00,0x00,0x00,0x00,0x01,0xB6,0xD8,0x00,0x06,0xDB,0x60,0x00,0x00,0x00,0x00,0x00,
    0x00,0x00,0x00,0x00,0x00,0x00,0x00,0x00,0x00,0x00,0x00,0x00,0x00,0x00,0x00,0x00,
    0x00,0x00,0x00,0x00,0x0D,0xB6,0xDB,0x60,0x36,0xDB,0x6C,0x00,0x00,0x00,0x00,0x00,
    0x00,0x00,0x00,0x00,0x0D,0xB6,0xDB,0x60,0x36,0xDB,0x6C,0x00,0x00,0x00,0x00,0x00,
    0x00,0x00,0x00,0x00,0x00,0x00,0x00,0x00,0x00,0x00,0x00,0x00,0x00,0x00,0x00,0x00,
    0x00,0x00,0x00,0x00,0x6D,0xB6,0xDB,0x6D,0xB6,0xDB,0x6D,0xB0,0x00,0x00,0x00,0x00,
    0x00,0x00,0x00,0x00,0x6D,0xB6,0xDB,0x6D,0xB6,0xDB,0x6D,0xB0,0x00,0x00,0x00,0x00,
    0x00,0x00,0x00,0x00,0x00,0x00,0x00,0x00,0x00,0x00,0x00,0x00,0x00,0x00,0x00,0x00,
    0x00,0x00,0x00,0x03,0x6D,0xB6,0xDB,0x6D,0xB6,0xDB,0x6D,0xB6,0x00,0x00,0x00,0x00,
    0x00,0x00,0x00,0x03,0x6D,0xB6,0xDB,0x6D,0xB6,0xDB,0x6D,0xB6,0x00,0x00,0x00,0x00,
    0x00,0x00,0x00,0x00,0x00,0x00,0x00,0x00,0x00,0x00,0x00,0x00,0x00,0x00,0x00,0x00,
    0x00,0x00,0x00,0x1B,0x6D,0xB6,0xDB,0x6D,0xB6,0xDB,0x6D,0xB6,0xC0,0x00,0x00,0x00,
    0x00,0x00,0x00,0x1B,0x6D,0xB6,0xDB,0x6D,0xB6,0xDB,0x6D,0xB6,0xC0,0x00,0x00,0x00,
    0x00,0x00,0x00,0x00,0x00,0x00,0x00,0x00,0x00,0x00,0x00,0x00,0x00,0x00,0x00,0x00,
    0x00,0x00,0x00,0xDB,0x6D,0xB0,0x1B,0x6D,0xB6,0x00,0x01,0xB6,0xDB,0x00,0x00,0x00,
    0x00,0x00,0x00,0xDB,0x6D,0xB0,0x1B,0x6D,0xB6,0x00,0x01,0xB6,0xDB,0x00,0x00,0x00,
    0x00,0x00,0x00,0x00,0x00,0x00,0x00,0x00,0x00,0x00,0x00,0x00,0x00,0x00,0x00,0x00,
    0x00,0x00,0x36,0x00,0x00,0x00,0x00,0x00,0x00,0x00,0x00,0x00,0x00,0x6C,0x00,0x00,
    0x00,0x00,0x36,0x00,0x00,0x00,0x00,0x00,0x00,0x00,0x00,0x00,0x00,0x6C,0x00,0x00,
    0x00,0x00,0x00,0x00,0x00,0x00,0x00,0x00,0x00,0x00,0x00,0x00,0x00,0x00,0x00,0x00,
    0x00,0x0C,0x00,0x00,0x00,0x00,0x00,0x00,0x00,0x00,0x00,0x00,0x00,0x00,0x30,0x00,
    0x00,0x0C,0x00,0x00,0x00,0x00,0x00,0x00,0x00,0x00,0x00,0x00,0x00,0x00,0x30,0x00,
    0x00,0x00,0x00,0x00,0x00,0x00,0x00,0x00,0x00,0x00,0x00,0x00,0x00,0x00,0x00,0x00,
    0x00,0x6C,0x00,0x00,0x00,0x00,0x00,0x00,0x00,0x00,0x00,0x00,0x00,0x01,0xB0,0x00,
    0x00,0x6C,0x00,0x00,0x00,0x00,0x00,0x00,0x00,0x00,0x00,0x00,0x00,0x01,0xB0,0x00,
    0x00,0x00,0x00,0x00,0x00,0x00,0x00,0x00,0x00,0x00,0x00,0x00,0x00,0x00,0x00,0x00,
    0x00,0x0C,0x00,0x00,0x00,0x00,0x00,0x00,0x00,0x00,0x00,0x00,0x00,0x0D,0x80,0x00,
    0x00,0x0C,0x00,0x00,0x00,0x00,0x00,0x00,0x00,0x00,0x00,0x00,0x00,0x0D,0x80,0x00,
    0x00,0x00,0x00,0x00,0x00,0x00,0x00,0x00,0x00,0x00,0x00,0x00,0x00,0x00,0x00,0x00,
    0x00,0x0D,0xB0,0x00,0x00,0x00,0x00,0x00,0x00,0x00,0x00,0x00,0x03,0x6C,0x00,0x00,
    0x00,0x0D,0xB0,0x00,0x00,0x00,0x00,0x00,0x00,0x00,0x00,0x00,0x03,0x6C,0x00,0x00,
    0x00,0x00,0x00,0x00,0x00,0x00,0x00,0x00,0x00,0x00,0x00,0x00,0x00,0x00,0x00,0x00,
    0x00,0x01,0xB6,0xC0,0x00,0x00,0x00,0x00,0x00,0x00,0x00,0x06,0xDB,0x6C,0x00,0x00,
    0x00,0x01,0xB6,0xC0,0x00,0x00,0x00,0x00,0x00,0x00,0x00,0x06,0xDB,0x6C,0x00,0x00,
    0x00,0x00,0x00,0x00,0x00,0x00,0x00,0x00,0x00,0x00,0x00,0x00,0x00,0x00,0x00,0x00,
    0x00,0x01,0xB6,0xDB,0x6C,0x00,0x00,0x00,0x00,0x00,0x0D,0xB6,0xDB,0x60,0x00,0x00,
    0x00,0x01,0xB6,0xDB,0x6C,0x00,0x00,0x00,0x00,0x00,0x0D,0xB6,0xDB,0x60,0x00,0x00,
    0x00,0x00,0x00,0x00,0x00,0x00,0x00,0x00,0x00,0x00,0x00,0x00,0x00,0x00,0x00,0x00,
    0x00,0x00,0x36,0xDB,0x6D,0xB6,0x00,0x00,0x00,0x03,0x6D,0xB6,0xDB,0x00,0x00,0x00,
    0x00,0x00,0x36,0xDB,0x6D,0xB6,0x00,0x00,0x00,0x03,0x6D,0xB6,0xDB,0x00,0x00,0x00,
    0x00,0x00,0x00,0x00,0x00,0x00,0x00,0x00,0x00,0x00,0x00,0x00,0x00,0x00,0x00,0x00,
    0x00,0x00,0x06,0xDB,0x6D,0xB6,0xDB,0x61,0xB6,0xDB,0x6D,0xB6,0xD8,0x00,0x00,0x00,
    0x00,0x00,0x06,0xDB,0x6D,0xB6,0xDB,0x61,0xB6,0xDB,0x6D,0xB6,0xD8,0x00,0x00,0x00,
    0x00,0x00,0x00,0x00,0x00,0x00,0x00,0x00,0x00,0x00,0x00,0x00,0x00,0x00,0x00,0x00,
    0x00,0x00,0x00,0xDB,0x6D,0xB6,0xDB,0x6D,0xB6,0xDB,0x6D,0xB6,0xC0,0x00,0x00,0x00,
    0x00,0x00,0x00,0xDB,0x6D,0xB6,0xDB,0x6D,0xB6,0xDB,0x6D,0xB6,0xC0,0x00,0x00,0x00,
    0x00,0x00,0x00,0x00,0x00,0x00,0x00,0x00,0x00,0x00,0x00,0x00,0x00,0x00,0x00,0x00,
    0x00,0x00,0x00,0x1B,0x6D,0xB6,0xDB,0x6D,0xB6,0xDB,0x6D,0xB6,0x00,0x00,0x00,0x00,
    0x00,0x00,0x00,0x1B,0x6D,0xB6,0xDB,0x6D,0xB6,0xDB,0x6D,0xB6,0x00,0x00,0x00,0x00,
    0x00,0x00,0x00,0x00,0x00,0x00,0x00,0x00,0x00,0x00,0x00,0x00,0x00,0x00,0x00,0x00,
    0x00,0x00,0x00,0x00,0x6D,0xB6,0xDB,0x6D,0xB6,0xDB,0x6D,0xB0,0x00,0x00,0x00,0x00,
    0x00,0x00,0x00,0x00,0x6D,0xB6,0xDB,0x6D,0xB6,0xDB,0x6D,0xB0,0x00,0x00,0x00,0x00,
    0x00,0x00,0x00,0x00,0x00,0x00,0x00,0x00,0x00,0x00,0x00,0x00,0x00,0x00,0x00,0x00,
    0x00,0x00,0x00,0x00,0x0D,0xB6,0xDB,0x6D,0xB6,0xDB,0x6C,0x00,0x00,0x00,0x00,0x00,
    0x00,0x00,0x00,0x00,0x0D,0xB6,0xDB,0x6D,0xB6,0xDB,0x6C,0x00,0x00,0x00,0x00,0x00,
    0x00,0x00,0x00,0x00,0x00,0x00,0x00,0x00,0x00,0x00,0x00,0x00,0x00,0x00,0x00,0x00,
    0x00,0x00,0x00,0x00,0x00,0x36,0xDB,0x6D,0xB6,0xDB,0x00,0x00,0x00,0x00,0x00,0x00,
    0x00,0x00,0x00,0x00,0x00,0x36,0xDB,0x6D,0xB6,0xDB,0x00,0x00,0x00,0x00,0x00,0x00,
    0x00,0x00,0x00,0x00,0x00,0x00,0x00,0x00,0x00,0x00,0x00,0x00,0x00,0x00,0x00,0x00,
  },
  {  // 20: V1_SIDE_R_RISE_1
    0x00,0x00,0x00,0x00,0x00,0x00,0x00,0x00,0x00,0x00,0x00,0x00,0x00,0x00,0x00,0x00,
    0x00,0x00,0x00,0x00,0x00,0x00,0x00,0x00,0x00,0x00,0x00,0x00,0x00,0x00,0x00,0x00,
    0x00,0x00,0x00,0x00,0x00,0x00,0x00,0x00,0x00,0x00,0x00,0x00,0x00,0x00,0x00,0x00,
    0x00,0x00,0x00,0x00,0x00,0x00,0x00,0x00,0x00,0x00,0x00,0x00,0x00,0x00,0x00,0x00,
    0x00,0x00,0x00,0x00,0x00,0x06,0xDB,0x00,0x00,0x03,0x6C,0x00,0x00,0x00,0x00,0x00,
    0x00,0x00,0x00,0x00,0x00,0x06,0xDB,0x00,0x00,0x03,0x6C,0x00,0x00,0x00,0x00,0x00,
    0x00,0x00,0x00,0x00,0x00,0x00,0x00,0x00,0x00,0x00,0x00,0x00,0x00,0x00,0x00,0x00,
    0x00,0x00,0x00,0x00,0x00,0x36,0xDB,0x6C,0x00,0xDB,0x6D,0x80,0x00,0x00,0x00,0x00,
    0x00,0x00,0x00,0x00,0x00,0x36,0xDB,0x6C,0x00,0xDB,0x6D,0x80,0x00,0x00,0x00,0x00,
    0x00,0x00,0x00,0x00,0x00,0x00,0x00,0x00,0x00,0x00,0x00,0x00,0x00,0x00,0x00,0x00,
    0x00,0x00,0x00,0x00,0x01,0xB6,0xDB,0x6D,0xB6,0xDB,0x6D,0xB0,0x00,0x00,0x00,0x00,
    0x00,0x00,0x00,0x00,0x01,0xB6,0xDB,0x6D,0xB6,0xDB,0x6D,0xB0,0x00,0x00,0x00,0x00,
    0x00,0x00,0x00,0x00,0x00,0x00,0x00,0x00,0x00,0x00,0x00,0x00,0x00,0x00,0x00,0x00,
    0x00,0x00,0x00,0x00,0x0D,0xB6,0xDB,0x6D,0xB6,0xDB,0x6D,0xB6,0x00,0x00,0x00,0x00,
    0x00,0x00,0x00,0x00,0x0D,0xB6,0xDB,0x6D,0xB6,0xDB,0x6D,0xB6,0x00,0x00,0x00,0x00,
    0x00,0x00,0x00,0x00,0x00,0x00,0x00,0x00,0x00,0x00,0x00,0x00,0x00,0x00,0x00,0x00,
    0x00,0x00,0x00,0x00,0x6D,0xB6,0xDB,0x6D,0xB6,0xDB,0x6D,0xB6,0xC0,0x00,0x00,0x00,
    0x00,0x00,0x00,0x00,0x6D,0xB6,0xDB,0x6D,0xB6,0xDB,0x6D,0xB6,0xC0,0x00,0x00,0x00,
    0x00,0x00,0x00,0x00,0x00,0x00,0x00,0x00,0x00,0x00,0x00,0x00,0x00,0x00,0x00,0x00,
    0x00,0x00,0x00,0x1B,0x6D,0xB6,0xDB,0x6D,0xB6,0xDB,0x6D,0xB6,0xD8,0x00,0x00,0x00,
    0x00,0x00,0x00,0x1B,0x6D,0xB6,0xDB,0x6D,0xB6,0xDB,0x6D,0xB6,0xD8,0x00,0x00,0x00,
    0x00,0x00,0x00,0x00,0x00,0x00,0x00,0x00,0x00,0x00,0x00,0x00,0x00,0x00,0x00,0x00,
    0x00,0x00,0x06,0xDB,0x6D,0xB0,0x03,0x6D,0xB6,0xDB,0x6D,0xB6,0xDB,0x60,0x00,0x00,
    0x00,0x00,0x06,0xDB,0x6D,0xB0,0x03,0x6D,0xB6,0xDB,0x6D,0xB6,0xDB,0x60,0x00,0x00,
    0x00,0x00,0x00,0x00,0x00,0x00,0x00,0x00,0x00,0x00,0x00,0x00,0x00,0x00,0x00,0x00,
    0x00,0x01,0x80,0x00,0x00,0x00,0x00,0x0D,0xB6,0x00,0x00,0x00,0x00,0x6D,0x80,0x00,
    0x00,0x01,0x80,0x00,0x00,0x00,0x00,0x0D,0xB6,0x00,0x00,0x00,0x00,0x6D,0x80,0x00,
    0x00,0x00,0x00,0x00,0x00,0x00,0x00,0x00,0x00,0x00,0x00,0x00,0x00,0x00,0x00,0x00,
    0x00,0x01,0xB0,0x00,0x00,0x00,0x00,0x00,0x00,0x00,0x00,0x00,0x00,0x00,0x36,0x00,
    0x00,0x01,0xB0,0x00,0x00,0x00,0x00,0x00,0x00,0x00,0x00,0x00,0x00,0x00,0x36,0x00,
    0x00,0x00,0x00,0x00,0x00,0x00,0x00,0x00,0x00,0x00,0x00,0x00,0x00,0x00,0x00,0x00,
    0x00,0x00,0x36,0xD8,0x00,0x00,0x00,0x00,0x00,0x00,0x00,0x00,0x00,0x01,0xB0,0x00,
    0x00,0x00,0x36,0xD8,0x00,0x00,0x00,0x00,0x00,0x00,0x00,0x00,0x00,0x01,0xB0,0x00,
    0x00,0x00,0x00,0x00,0x00,0x00,0x00,0x00,0x00,0x00,0x00,0x00,0x00,0x00,0x00,0x00,
    0x00,0x00,0x06,0xDB,0x6C,0x00,0x00,0x00,0x00,0x00,0x00,0x00,0x1B,0x6D,0x80,0x00,
    0x00,0x00,0x06,0xDB,0x6C,0x00,0x00,0x00,0x00,0x00,0x00,0x00,0x1B,0x6D,0x80,0x00,
    0x00,0x00,0x00,0x00,0x00,0x00,0x00,0x00,0x00,0x00,0x00,0x00,0x00,0x00,0x00,0x00,
    0x00,0x00,0x06,0xDB,0x6D,0xB6,0x00,0x00,0x00,0x00,0x01,0xB6,0xDB,0x6D,0x80,0x00,
    0x00,0x00,0x06,0xDB,0x6D,0xB6,0x00,0x00,0x00,0x00,0x01,0xB6,0xDB,0x6D,0x80,0x00,
    0x00,0x00,0x00,0x00,0x00,0x00,0x00,0x00,0x00,0x00,0x00,0x00,0x00,0x00,0x00,0x00,
    0x00,0x00,0x00,0xDB,0x6D,0xB6,0xDB,0x00,0x00,0x03,0x6D,0xB6,0xDB,0x6C,0x00,0x00,
    0x00,0x00,0x00,0xDB,0x6D,0xB6,0xDB,0x00,0x00,0x03,0x6D,0xB6,0xDB,0x6C,0x00,0x00,
    0x00,0x00,0x00,0x00,0x00,0x00,0x00,0x00,0x00,0x00,0x00,0x00,0x00,0x00,0x00,0x00,
    0x00,0x00,0x00,0x1B,0x6D,0xB6,0xDB,0x6D,0xB6,0xDB,0x6D,0xB6,0xDB,0x60,0x00,0x00,
    0x00,0x00,0x00,0x1B,0x6D,0xB6,0xDB,0x6D,0xB6,0xDB,0x6D,0xB6,0xDB,0x60,0x00,0x00,
    0x00,0x00,0x00,0x00,0x00,0x00,0x00,0x00,0x00,0x00,0x00,0x00,0x00,0x00,0x00,0x00,
    0x00,0x00,0x00,0x03,0x6D,0xB6,0xDB,0x6D,0xB6,0xDB,0x6D,0xB6,0xDB,0x00,0x00,0x00,
    0x00,0x00,0x00,0x03,0x6D,0xB6,0xDB,0x6D,0xB6,0xDB,0x6D,0xB6,0xDB,0x00,0x00,0x00,
    0x00,0x00,0x00,0x00,0x00,0x00,0x00,0x00,0x00,0x00,0x00,0x00,0x00,0x00,0x00,0x00,
    0x00,0x00,0x00,0x00,0x0D,0xB6,0xDB,0x6D,0xB6,0xDB,0x6D,0xB6,0xC0,0x00,0x00,0x00,
    0x00,0x00,0x00,0x00,0x0D,0xB6,0xDB,0x6D,0xB6,0xDB,0x6D,0xB6,0xC0,0x00,0x00,0x00,
    0x00,0x00,0x00,0x00,0x00,0x00,0x00,0x00,0x00,0x00,0x00,0x00,0x00,0x00,0x00,0x00,
    0x00,0x00,0x00,0x00,0x01,0xB6,0xDB,0x6D,0xB6,0xDB,0x6D,0xB6,0x00,0x00,0x00,0x00,
    0x00,0x00,0x00,0x00,0x01,0xB6,0xDB,0x6D,0xB6,0xDB,0x6D,0xB6,0x00,0x00,0x00,0x00,
    0x00,0x00,0x00,0x00,0x00,0x00,0x00,0x00,0x00,0x00,0x00,0x00,0x00,0x00,0x00,0x00,
    0x00,0x00,0x00,0x00,0x00,0x36,0xDB,0x6D,0xB6,0xDB,0x6D,0xB0,0x00,0x00,0x00,0x00,
    0x00,0x00,0x00,0x00,0x00,0x36,0xDB,0x6D,0xB6,0xDB,0x6D,0xB0,0x00,0x00,0x00,0x00,
    0x00,0x00,0x00,0x00,0x00,0x00,0x00,0x00,0x00,0x00,0x00,0x00,0x00,0x00,0x00,0x00,
    0x00,0x00,0x00,0x00,0x00,0x00,0xDB,0x6D,0xB6,0xDB,0x6C,0x00,0x00,0x00,0x00,0x00,
    0x00,0x00,0x00,0x00,0x00,0x00,0xDB,0x6D,0xB6,0xDB,0x6C,0x00,0x00,0x00,0x00,0x00,
    0x00,0x00,0x00,0x00,0x00,0x00,0x00,0x00,0x00,0x00,0x00,0x00,0x00,0x00,0x00,0x00,
    0x00,0x00,0x00,0x00,0x00,0x00,0x00,0x0D,0xB6,0xC0,0x00,0x00,0x00,0x00,0x00,0x00,
    0x00,0x00,0x00,0x00,0x00,0x00,0x00,0x0D,0xB6,0xC0,0x00,0x00,0x00,0x00,0x00,0x00,
    0x00,0x00,0x00,0x00,0x00,0x00,0x00,0x00,0x00,0x00,0x00,0x00,0x00,0x00,0x00,0x00,
  },
  {  // 21: V1_SIDE_R_RISE_2
    0x00,0x00,0x00,0x00,0x00,0x00,0x00,0x00,0x00,0x00,0x00,0x00,0x00,0x00,0x00,0x00,
    0x00,0x00,0x00,0x00,0x00,0x00,0xD8,0x00,0x00,0x00,0x00,0x00,0x00,0x00,0x00,0x00,
    0x00,0x00,0x00,0x00,0x00,0x00,0xD8,0x00,0x00,0x00,0x00,0x00,0x00,0x00,0x00,0x00,
    0x00,0x00,0x00,0x00,0x00,0x00,0x00,0x00,0x00,0x00,0x00,0x00,0x00,0x00,0x00,0x00,
    0x00,0x00,0x00,0x00,0x00,0x36,0xDB,0x60,0x00,0x1B,0x6D,0x80,0x00,0x00,0x00,0x00,
    0x00,0x00,0x00,0x00,0x00,0x36,0xDB,0x60,0x00,0x1B,0x6D,0x80,0x00,0x00,0x00,0x00,
    0x00,0x00,0x00,0x00,0x00,0x00,0x00,0x00,0x00,0x00,0x00,0x00,0x00,0x00,0x00,0x00,
    0x00,0x00,0x00,0x00,0x01,0xB6,0xDB,0x6C,0x06,0xDB,0x6D,0xB0,0x00,0x00,0x00,0x00,
    0x00,0x00,0x00,0x00,0x01,0xB6,0xDB,0x6C,0x06,0xDB,0x6D,0xB0,0x00,0x00,0x00,0x00,
    0x00,0x00,0x00,0x00,0x00,0x00,0x00,0x00,0x00,0x00,0x00,0x00,0x00,0x00,0x00,0x00,
    0x00,0x00,0x00,0x00,0x0D,0xB6,0xDB,0x6D,0xB6,0xDB,0x6D,0xB6,0x00,0x00,0x00,0x00,
    0x00,0x00,0x00,0x00,0x0D,0xB6,0xDB,0x6D,0xB6,0xDB,0x6D,0xB6,0x00,0x00,0x00,0x00,
    0x00,0x00,0x00,0x00,0x00,0x00,0x00,0x00,0x00,0x00,0x00,0x00,0x00,0x00,0x00,0x00,
    0x00,0x00,0x00,0x00,0x6D,0xB6,0xDB,0x6D,0xB6,0xDB,0x6D,0xB6,0xC0,0x00,0x00,0x00,
    0x00,0x00,0x00,0x00,0x6D,0xB6,0xDB,0x6D,0xB6,0xDB,0x6D,0xB6,0xC0,0x00,0x00,0x00,
    0x00,0x00,0x00,0x00,0x00,0x00,0x00,0x00,0x00,0x00,0x00,0x00,0x00,0x00,0x00,0x00,
    0x00,0x00,0x00,0x03,0x6D,0xB6,0xDB,0x6D,0xB6,0xDB,0x6D,0xB6,0xD8,0x00,0x00,0x00,
    0x00,0x00,0x00,0x03,0x6D,0xB6,0xDB,0x6D,0xB6,0xDB,0x6D,0xB6,0xD8,0x00,0x00,0x00,
    0x00,0x00,0x00,0x00,0x00,0x00,0x00,0x00,0x00,0x00,0x00,0x00,0x00,0x00,0x00,0x00,
    0x00,0x00,0x00,0xDB,0x6C,0x00,0x00,0x0D,0xB6,0xC0,0x0D,0xB6,0xDB,0x00,0x00,0x00,
    0x00,0x00,0x00,0xDB,0x6C,0x00,0x00,0x0D,0xB6,0xC0,0x0D,0xB6,0xDB,0x00,0x00,0x00,
    0x00,0x00,0x00,0x00,0x00,0x00,0x00,0x00,0x00,0x00,0x00,0x00,0x00,0x00,0x00,0x00,
    0x00,0x00,0x30,0x00,0x00,0x00,0x00,0x00,0x00,0x00,0x00,0x00,0x03,0x6C,0x00,0x00,
    0x00,0x00,0x30,0x00,0x00,0x00,0x00,0x00,0x00,0x00,0x00,0x00,0x03,0x6C,0x00,0x00,
    0x00,0x00,0x00,0x00,0x00,0x00,0x00,0x00,0x00,0x00,0x00,0x00,0x00,0x00,0x00,0x00,
    0x00,0x0C,0x00,0x00,0x00,0x00,0x00,0x00,0x00,0x00,0x00,0x00,0x00,0x00,0x30,0x00,
    0x00,0x0C,0x00,0x00,0x00,0x00,0x00,0x00,0x00,0x00,0x00,0x00,0x00,0x00,0x30,0x00,
    0x00,0x00,0x00,0x00,0x00,0x00,0x00,0x00,0x00,0x00,0x00,0x00,0x00,0x00,0x00,0x00,
    0x00,0x0D,0x80,0x00,0x00,0x00,0x00,0x00,0x00,0x00,0x00,0x00,0x00,0x00,0x06,0x00,
    0x00,0x0D,0x80,0x00,0x00,0x00,0x00,0x00,0x00,0x00,0x00,0x00,0x00,0x00,0x06,0x00,
    0x00,0x00,0x00,0x00,0x00,0x00,0x00,0x00,0x00,0x00,0x00,0x00,0x00,0x00,0x00,0x00,
    0x00,0x01,0xB0,0x00,0x00,0x00,0x00,0x00,0x00,0x00,0x00,0x00,0x00,0x00,0x36,0xC0,
    0x00,0x01,0xB0,0x00,0x00,0x00,0x00,0x00,0x00,0x00,0x00,0x00,0x00,0x00,0x36,0xC0,
    0x00,0x00,0x00,0x00,0x00,0x00,0x00,0x00,0x00,0x00,0x00,0x00,0x00,0x00,0x00,0x00,
    0x00,0x00,0x36,0xC0,0x00,0x00,0x00,0x00,0x00,0x00,0x00,0x00,0x00,0x01,0xB0,0x00,
    0x00,0x00,0x36,0xC0,0x00,0x00,0x00,0x00,0x00,0x00,0x00,0x00,0x00,0x01,0xB0,0x00,
    0x00,0x00,0x00,0x00,0x00,0x00,0x00,0x00,0x00,0x00,0x00,0x00,0x00,0x00,0x00,0x00,
    0x00,0x00,0x36,0xDB,0x60,0x00,0x00,0x00,0x00,0x00,0x00,0x00,0x03,0x6D,0x80,0x00,
    0x00,0x00,0x36,0xDB,0x60,0x00,0x00,0x00,0x00,0x00,0x00,0x00,0x03,0x6D,0x80,0x00,
    0x00,0x00,0x00,0x00,0x00,0x00,0x00,0x00,0x00,0x00,0x00,0x00,0x00,0x00,0x00,0x00,
    0x00,0x00,0x06,0xDB,0x6D,0xB0,0x00,0x00,0x00,0x00,0x00,0x06,0xDB,0x6D,0x80,0x00,
    0x00,0x00,0x06,0xDB,0x6D,0xB0,0x00,0x00,0x00,0x00,0x00,0x06,0xDB,0x6D,0x80,0x00,
    0x00,0x00,0x00,0x00,0x00,0x00,0x00,0x00,0x00,0x00,0x00,0x00,0x00,0x00,0x00,0x00,
    0x00,0x00,0x00,0xDB,0x6D,0xB6,0xC0,0x00,0x00,0x00,0x0D,0xB6,0xDB,0x6C,0x00,0x00,
    0x00,0x00,0x00,0xDB,0x6D,0xB6,0xC0,0x00,0x00,0x00,0x0D,0xB6,0xDB,0x6C,0x00,0x00,
    0x00,0x00,0x00,0x00,0x00,0x00,0x00,0x00,0x00,0x00,0x00,0x00,0x00,0x00,0x00,0x00,
    0x00,0x00,0x00,0x1B,0x6D,0xB6,0xDB,0x6C,0x00,0xDB,0x6D,0xB6,0xDB,0x60,0x00,0x00,
    0x00,0x00,0x00,0x1B,0x6D,0xB6,0xDB,0x6C,0x00,0xDB,0x6D,0xB6,0xDB,0x60,0x00,0x00,
    0x00,0x00,0x00,0x00,0x00,0x00,0x00,0x00,0x00,0x00,0x00,0x00,0x00,0x00,0x00,0x00,
    0x00,0x00,0x00,0x03,0x6D,0xB6,0xDB,0x6D,0xB6,0xDB,0x6D,0xB6,0xDB,0x00,0x00,0x00,
    0x00,0x00,0x00,0x03,0x6D,0xB6,0xDB,0x6D,0xB6,0xDB,0x6D,0xB6,0xDB,0x00,0x00,0x00,
    0x00,0x00,0x00,0x00,0x00,0x00,0x00,0x00,0x00,0x00,0x00,0x00,0x00,0x00,0x00,0x00,
    0x00,0x00,0x00,0x00,0x6D,0xB6,0xDB,0x6D,0xB6,0xDB,0x6D,0xB6,0xD8,0x00,0x00,0x00,
    0x00,0x00,0x00,0x00,0x6D,0xB6,0xDB,0x6D,0xB6,0xDB,0x6D,0xB6,0xD8,0x00,0x00,0x00,
    0x00,0x00,0x00,0x00,0x00,0x00,0x00,0x00,0x00,0x00,0x00,0x00,0x00,0x00,0x00,0x00,
    0x00,0x00,0x00,0x00,0x0D,0xB6,0xDB,0x6D,0xB6,0xDB,0x6D,0xB6,0xC0,0x00,0x00,0x00,
    0x00,0x00,0x00,0x00,0x0D,0xB6,0xDB,0x6D,0xB6,0xDB,0x6D,0xB6,0xC0,0x00,0x00,0x00,
    0x00,0x00,0x00,0x00,0x00,0x00,0x00,0x00,0x00,0x00,0x00,0x00,0x00,0x00,0x00,0x00,
    0x00,0x00,0x00,0x00,0x00,0x36,0xDB,0x6D,0xB6,0xDB,0x6D,0xB0,0x00,0x00,0x00,0x00,
    0x00,0x00,0x00,0x00,0x00,0x36,0xDB,0x6D,0xB6,0xDB,0x6D,0xB0,0x00,0x00,0x00,0x00,
    0x00,0x00,0x00,0x00,0x00,0x00,0x00,0x00,0x00,0x00,0x00,0x00,0x00,0x00,0x00,0x00,
    0x00,0x00,0x00,0x00,0x00,0x00,0xDB,0x6D,0xB6,0xDB,0x6D,0x80,0x00,0x00,0x00,0x00,
    0x00,0x00,0x00,0x00,0x00,0x00,0xDB,0x6D,0xB6,0xDB,0x6D,0x80,0x00,0x00,0x00,0x00,
    0x00,0x00,0x00,0x00,0x00,0x00,0x00,0x00,0x00,0x00,0x00,0x00,0x00,0x00,0x00,0x00,
  },
  {  // 22: V1_SCREAM_CROP
    0x00,0x00,0x00,0x00,0x00,0x00,0x00,0x00,0x00,0x00,0x00,0x00,0x00,0x00,0x00,0x00,
    0x00,0x00,0x00,0x00,0x00,0x06,0xDB,0x6D,0xB6,0xDB,0x60,0x00,0x00,0x00,0x00,0x00,
    0x00,0x00,0x00,0x00,0x00,0x06,0xDB,0x6D,0xB6,0xDB,0x60,0x00,0x00,0x00,0x00,0x00,
    0x00,0x00,0x00,0x00,0x00,0x00,0x00,0x00,0x00,0x00,0x00,0x00,0x00,0x00,0x00,0x00,
    0x00,0x00,0x00,0x00,0x00,0x36,0xDB,0x6D,0xB6,0xDB,0x6C,0x00,0x00,0x00,0x00,0x00,
    0x00,0x00,0x00,0x00,0x00,0x36,0xDB,0x6D,0xB6,0xDB,0x6C,0x00,0x00,0x00,0x00,0x00,
    0x00,0x00,0x00,0x00,0x00,0x00,0x00,0x00,0x00,0x00,0x00,0x00,0x00,0x00,0x00,0x00,
    0x00,0x00,0x00,0x00,0x01,0xB0,0x00,0x00,0x00,0x00,0x0D,0x80,0x00,0x00,0x00,0x00,
    0x00,0x00,0x00,0x00,0x01,0xB0,0x00,0x00,0x00,0x00,0x0D,0x80,0x00,0x00,0x00,0x00,
    0x00,0x00,0x00,0x00,0x00,0x00,0x00,0x00,0x00,0x00,0x00,0x00,0x00,0x00,0x00,0x00,
    0x00,0x00,0x00,0x00,0x0C,0x00,0x00,0x00,0x00,0x00,0x00,0x30,0x00,0x00,0x00,0x00,
    0x00,0x00,0x00,0x00,0x0C,0x00,0x00,0x00,0x00,0x00,0x00,0x30,0x00,0x00,0x00,0x00,
    0x00,0x00,0x00,0x00,0x00,0x00,0x00,0x00,0x00,0x00,0x00,0x00,0x00,0x00,0x00,0x00,
    0x00,0x00,0x00,0x00,0x60,0x00,0x00,0x00,0x00,0x00,0x00,0x06,0x00,0x00,0x00,0x00,
    0x00,0x00,0x00,0x00,0x60,0x00,0x00,0x00,0x00,0x00,0x00,0x06,0x00,0x00,0x00,0x00,
    0x00,0x00,0x00,0x00,0x00,0x00,0x00,0x00,0x00,0x00,0x00,0x00,0x00,0x00,0x00,0x00,
    0x00,0x00,0x00,0x03,0x00,0x00,0x00,0x00,0x00,0x00,0x00,0x00,0xC0,0x00,0x00,0x00,
    0x00,0x00,0x00,0x03,0x00,0x00,0x00,0x00,0x00,0x00,0x00,0x00,0xC0,0x00,0x00,0x00,
    0x00,0x00,0x00,0x00,0x00,0x00,0x00,0x00,0x00,0x00,0x00,0x00,0x00,0x00,0x00,0x00,
    0x00,0x00,0x00,0x03,0x00,0x00,0x00,0x00,0x00,0x00,0x00,0x00,0xC0,0x00,0x00,0x00,
    0x00,0x00,0x00,0x03,0x00,0x00,0x00,0x00,0x00,0x00,0x00,0x00,0xC0,0x00,0x00,0x00,
    0x00,0x00,0x00,0x00,0x00,0x00,0x00,0x00,0x00,0x00,0x00,0x00,0x00,0x00,0x00,0x00,
    0x00,0x00,0x00,0x18,0x00,0x00,0x00,0x00,0x00,0x00,0x00,0x00,0x18,0x00,0x00,0x00,
    0x00,0x00,0x00,0x18,0x00,0x00,0x00,0x00,0x00,0x00,0x00,0x00,0x18,0x00,0x00,0x00,
    0x00,0x00,0x00,0x00,0x00,0x00,0x00,0x00,0x00,0x00,0x00,0x00,0x00,0x00,0x00,0x00,
    0x00,0x00,0x00,0x00,0x00,0x00,0x00,0x00,0x00,0x00,0x00,0x00,0x00,0x00,0x00,0x00,
    0x00,0x00,0x00,0x00,0x00,0x00,0x00,0x00,0x00,0x00,0x00,0x00,0x00,0x00,0x00,0x00,
    0x00,0x00,0x00,0x00,0x00,0x00,0x00,0x00,0x00,0x00,0x00,0x00,0x00,0x00,0x00,0x00,
    0x00,0x00,0x00,0x00,0x00,0x00,0x00,0x00,0x00,0x00,0x00,0x00,0x00,0x00,0x00,0x00,
    0x00,0x00,0x00,0x00,0x00,0x00,0x00,0x00,0x00,0x00,0x00,0x00,0x00,0x00,0x00,0x00,
    0x00,0x00,0x00,0x00,0x00,0x00,0x00,0x00,0x00,0x00,0x00,0x00,0x00,0x00,0x00,0x00,
    0x00,0x00,0x00,0xC0,0x00,0x00,0x00,0x00,0x00,0x00,0x00,0x00,0x03,0x00,0x00,0x00,
    0x00,0x00,0x00,0xC0,0x00,0x00,0x00,0x00,0x00,0x00,0x00,0x00,0x03,0x00,0x00,0x00,
    0x00,0x00,0x00,0x00,0x00,0x00,0x00,0x00,0x00,0x00,0x00,0x00,0x00,0x00,0x00,0x00,
    0x00,0x00,0x00,0x00,0x00,0x00,0x00,0x00,0x00,0x00,0x00,0x00,0x00,0x00,0x00,0x00,
    0x00,0x00,0x00,0x00,0x00,0x00,0x00,0x00,0x00,0x00,0x00,0x00,0x00,0x00,0x00,0x00,
    0x00,0x00,0x00,0x00,0x00,0x00,0x00,0x00,0x00,0x00,0x00,0x00,0x00,0x00,0x00,0x00,
    0x00,0x00,0x00,0x18,0x00,0x00,0x00,0x00,0x00,0x00,0x00,0x00,0x18,0x00,0x00,0x00,
    0x00,0x00,0x00,0x18,0x00,0x00,0x00,0x00,0x00,0x00,0x00,0x00,0x18,0x00,0x00,0x00,
    0x00,0x00,0x00,0x00,0x00,0x00,0x00,0x00,0x00,0x00,0x00,0x00,0x00,0x00,0x00,0x00,
    0x00,0x00,0x00,0x1B,0x00,0x00,0x00,0x00,0x00,0x00,0x00,0x00,0xD8,0x00,0x00,0x00,
    0x00,0x00,0x00,0x1B,0x00,0x00,0x00,0x00,0x00,0x00,0x00,0x00,0xD8,0x00,0x00,0x00,
    0x00,0x00,0x00,0x00,0x00,0x00,0x00,0x00,0x00,0x00,0x00,0x00,0x00,0x00,0x00,0x00,
    0x00,0x00,0x00,0x1B,0x00,0x00,0x00,0x00,0x00,0x00,0x00,0x00,0xD8,0x00,0x00,0x00,
    0x00,0x00,0x00,0x1B,0x00,0x00,0x00,0x00,0x00,0x00,0x00,0x00,0xD8,0x00,0x00,0x00,
    0x00,0x00,0x00,0x00,0x00,0x00,0x00,0x00,0x00,0x00,0x00,0x00,0x00,0x00,0x00,0x00,
    0x00,0x00,0x00,0x03,0x60,0x00,0x00,0x00,0x00,0x00,0x00,0x06,0xC0,0x00,0x00,0x00,
    0x00,0x00,0x00,0x03,0x60,0x00,0x00,0x00,0x00,0x00,0x00,0x06,0xC0,0x00,0x00,0x00,
    0x00,0x00,0x00,0x00,0x00,0x00,0x00,0x00,0x00,0x00,0x00,0x00,0x00,0x00,0x00,0x00,
    0x00,0x00,0x00,0x03,0x6C,0x00,0x00,0x00,0x00,0x00,0x00,0x36,0xC0,0x00,0x00,0x00,
    0x00,0x00,0x00,0x03,0x6C,0x00,0x00,0x00,0x00,0x00,0x00,0x36,0xC0,0x00,0x00,0x00,
    0x00,0x00,0x00,0x00,0x00,0x00,0x00,0x00,0x00,0x00,0x00,0x00,0x00,0x00,0x00,0x00,
    0x00,0x00,0x00,0x00,0x6D,0x80,0x00,0x00,0x00,0x00,0x01,0xB6,0x00,0x00,0x00,0x00,
    0x00,0x00,0x00,0x00,0x6D,0x80,0x00,0x00,0x00,0x00,0x01,0xB6,0x00,0x00,0x00,0x00,
    0x00,0x00,0x00,0x00,0x00,0x00,0x00,0x00,0x00,0x00,0x00,0x00,0x00,0x00,0x00,0x00,
    0x00,0x00,0x00,0x00,0x6D,0xB0,0x00,0x00,0x00,0x00,0x0D,0xB6,0x00,0x00,0x00,0x00,
    0x00,0x00,0x00,0x00,0x6D,0xB0,0x00,0x00,0x00,0x00,0x0D,0xB6,0x00,0x00,0x00,0x00,
    0x00,0x00,0x00,0x00,0x00,0x00,0x00,0x00,0x00,0x00,0x00,0x00,0x00,0x00,0x00,0x00,
    0x00,0x00,0x00,0x00,0x0D,0xB6,0xC0,0x00,0x00,0x03,0x6D,0xB0,0x00,0x00,0x00,0x00,
    0x00,0x00,0x00,0x00,0x0D,0xB6,0xC0,0x00,0x00,0x03,0x6D,0xB0,0x00,0x00,0x00,0x00,
    0x00,0x00,0x00,0x00,0x00,0x00,0x00,0x00,0x00,0x00,0x00,0x00,0x00,0x00,0x00,0x00,
    0x00,0x00,0x00,0x00,0x0D,0xB6,0xD8,0x00,0x00,0x1B,0x6D,0xB0,0x00,0x00,0x00,0x00,
    0x00,0x00,0x00,0x00,0x0D,0xB6,0xD8,0x00,0x00,0x1B,0x6D,0xB0,0x00,0x00,0x00,0x00,
    0x00,0x00,0x00,0x00,0x00,0x00,0x00,0x00,0x00,0x00,0x00,0x00,0x00,0x00,0x00,0x00,
  },
  {  // 23: V1_WIDE_CROP
    0x00,0x00,0x00,0x00,0x00,0x00,0x00,0x00,0x00,0x00,0x00,0x00,0x00,0x00,0x00,0x00,
    0x00,0x00,0x00,0x00,0x00,0x00,0x00,0x00,0x00,0x00,0x00,0x00,0x00,0x00,0x00,0x00,
    0x00,0x00,0x00,0x00,0x00,0x00,0x00,0x00,0x00,0x00,0x00,0x00,0x00,0x00,0x00,0x00,
    0x00,0x00,0x00,0x00,0x00,0x00,0x00,0x00,0x00,0x00,0x00,0x00,0x00,0x00,0x00,0x00,
    0x00,0x00,0x00,0x00,0x00,0x00,0x00,0x00,0x00,0x00,0x00,0x00,0x00,0x00,0x00,0x00,
    0x00,0x00,0x00,0x00,0x00,0x00,0x00,0x00,0x00,0x00,0x00,0x00,0x00,0x00,0x00,0x00,
    0x00,0x00,0x00,0x00,0x00,0x00,0x00,0x00,0x00,0x00,0x00,0x00,0x00,0x00,0x00,0x00,
    0x00,0x00,0x00,0x00,0x00,0x36,0xC0,0x00,0x00,0x03,0x6C,0x00,0x00,0x00,0x00,0x00,
    0x00,0x00,0x00,0x00,0x00,0x36,0xC0,0x00,0x00,0x03,0x6C,0x00,0x00,0x00,0x00,0x00,
    0x00,0x00,0x00,0x00,0x00,0x00,0x00,0x00,0x00,0x00,0x00,0x00,0x00,0x00,0x00,0x00,
    0x00,0x00,0x00,0x00,0x0D,0xB6,0xDB,0x00,0x00,0xDB,0x6D,0xB0,0x00,0x00,0x00,0x00,
    0x00,0x00,0x00,0x00,0x0D,0xB6,0xDB,0x00,0x00,0xDB,0x6D,0xB0,0x00,0x00,0x00,0x00,
    0x00,0x00,0x00,0x00,0x00,0x00,0x00,0x00,0x00,0x00,0x00,0x00,0x00,0x00,0x00,0x00,
    0x00,0x00,0x00,0x00,0x6D,0xB6,0xDB,0x6D,0xB6,0xDB,0x6D,0xB6,0x00,0x00,0x00,0x00,
    0x00,0x00,0x00,0x00,0x6D,0xB6,0xDB,0x6D,0xB6,0xDB,0x6D,0xB6,0x00,0x00,0x00,0x00,
    0x00,0x00,0x00,0x00,0x00,0x00,0x00,0x00,0x00,0x00,0x00,0x00,0x00,0x00,0x00,0x00,
    0x00,0x00,0x00,0x1B,0x6D,0xB6,0xDB,0x6D,0xB6,0xDB,0x6D,0xB6,0xD8,0x00,0x00,0x00,
    0x00,0x00,0x00,0x1B,0x6D,0xB6,0xDB,0x6D,0xB6,0xDB,0x6D,0xB6,0xD8,0x00,0x00,0x00,
    0x00,0x00,0x00,0x00,0x00,0x00,0x00,0x00,0x00,0x00,0x00,0x00,0x00,0x00,0x00,0x00,
    0x00,0x00,0x36,0xDB,0x6D,0xB6,0xDB,0x6D,0xB6,0xDB,0x6D,0xB6,0xDB,0x6C,0x00,0x00,
    0x00,0x00,0x36,0xDB,0x6D,0xB6,0xDB,0x6D,0xB6,0xDB,0x6D,0xB6,0xDB,0x6C,0x00,0x00,
    0x00,0x00,0x00,0x00,0x00,0x00,0x00,0x00,0x00,0x00,0x00,0x00,0x00,0x00,0x00,0x00,
    0x03,0x60,0x00,0x1B,0x6D,0xB6,0xDB,0x6D,0xB6,0xDB,0x6D,0xB6,0xD8,0x00,0x06,0xD8,
    0x03,0x60,0x00,0x1B,0x6D,0xB6,0xDB,0x6D,0xB6,0xDB,0x6D,0xB6,0xD8,0x00,0x06,0xD8,
    0x00,0x00,0x00,0x00,0x00,0x00,0x00,0x00,0x00,0x00,0x00,0x00,0x00,0x00,0x00,0x00,
    0x00,0x6C,0x00,0x00,0x00,0x00,0x00,0x0D,0xB0,0x00,0x00,0x00,0x00,0x00,0x36,0x00,
    0x00,0x6C,0x00,0x00,0x00,0x00,0x00,0x0D,0xB0,0x00,0x00,0x00,0x00,0x00,0x36,0x00,
    0x00,0x00,0x00,0x00,0x00,0x00,0x00,0x00,0x00,0x00,0x00,0x00,0x00,0x00,0x00,0x00,
    0x00,0x0D,0xB6,0x00,0x00,0x00,0x00,0x00,0x00,0x00,0x00,0x00,0x00,0x6D,0xB0,0x00,
    0x00,0x0D,0xB6,0x00,0x00,0x00,0x00,0x00,0x00,0x00,0x00,0x00,0x00,0x6D,0xB0,0x00,
    0x00,0x00,0x00,0x00,0x00,0x00,0x00,0x00,0x00,0x00,0x00,0x00,0x00,0x00,0x00,0x00,
    0x00,0x0D,0xB6,0xDB,0x00,0x00,0x00,0x00,0x00,0x00,0x00,0x00,0xDB,0x6D,0xB0,0x00,
    0x00,0x0D,0xB6,0xDB,0x00,0x00,0x00,0x00,0x00,0x00,0x00,0x00,0xDB,0x6D,0xB0,0x00,
    0x00,0x00,0x00,0x00,0x00,0x00,0x00,0x00,0x00,0x00,0x00,0x00,0x00,0x00,0x00,0x00,
    0x00,0x00,0x36,0xDB,0x6D,0x80,0x00,0x00,0x00,0x00,0x01,0xB6,0xDB,0x6C,0x00,0x00,
    0x00,0x00,0x36,0xDB,0x6D,0x80,0x00,0x00,0x00,0x00,0x01,0xB6,0xDB,0x6C,0x00,0x00,
    0x00,0x00,0x00,0x00,0x00,0x00,0x00,0x00,0x00,0x00,0x00,0x00,0x00,0x00,0x00,0x00,
    0x00,0x00,0x06,0xDB,0x6D,0xB6,0xD8,0x00,0x00,0x1B,0x6D,0xB6,0xDB,0x60,0x00,0x00,
    0x00,0x00,0x06,0xDB,0x6D,0xB6,0xD8,0x00,0x00,0x1B,0x6D,0xB6,0xDB,0x60,0x00,0x00,
    0x00,0x00,0x00,0x00,0x00,0x00,0x00,0x00,0x00,0x00,0x00,0x00,0x00,0x00,0x00,0x00,
    0x00,0x00,0x00,0xDB,0x6D,0xB6,0xDB,0x6D,0xB6,0xDB,0x6D,0xB6,0xDB,0x00,0x00,0x00,
    0x00,0x00,0x00,0xDB,0x6D,0xB6,0xDB,0x6D,0xB6,0xDB,0x6D,0xB6,0xDB,0x00,0x00,0x00,
    0x00,0x00,0x00,0x00,0x00,0x00,0x00,0x00,0x00,0x00,0x00,0x00,0x00,0x00,0x00,0x00,
    0x00,0x00,0x00,0x1B,0x6D,0xB6,0xDB,0x6D,0xB6,0xDB,0x6D,0xB6,0xD8,0x00,0x00,0x00,
    0x00,0x00,0x00,0x1B,0x6D,0xB6,0xDB,0x6D,0xB6,0xDB,0x6D,0xB6,0xD8,0x00,0x00,0x00,
    0x00,0x00,0x00,0x00,0x00,0x00,0x00,0x00,0x00,0x00,0x00,0x00,0x00,0x00,0x00,0x00,
    0x00,0x00,0x00,0x00,0x6D,0xB6,0xDB,0x6D,0xB6,0xDB,0x6D,0xB6,0x00,0x00,0x00,0x00,
    0x00,0x00,0x00,0x00,0x6D,0xB6,0xDB,0x6D,0xB6,0xDB,0x6D,0xB6,0x00,0x00,0x00,0x00,
    0x00,0x00,0x00,0x00,0x00,0x00,0x00,0x00,0x00,0x00,0x00,0x00,0x00,0x00,0x00,0x00,
    0x00,0x00,0x00,0x00,0x01,0xB6,0xDB,0x6D,0xB6,0xDB,0x6D,0x80,0x00,0x00,0x00,0x00,
    0x00,0x00,0x00,0x00,0x01,0xB6,0xDB,0x6D,0xB6,0xDB,0x6D,0x80,0x00,0x00,0x00,0x00,
    0x00,0x00,0x00,0x00,0x00,0x00,0x00,0x00,0x00,0x00,0x00,0x00,0x00,0x00,0x00,0x00,
    0x00,0x00,0x00,0x00,0x00,0x06,0xDB,0x6D,0xB6,0xDB,0x60,0x00,0x00,0x00,0x00,0x00,
    0x00,0x00,0x00,0x00,0x00,0x06,0xDB,0x6D,0xB6,0xDB,0x60,0x00,0x00,0x00,0x00,0x00,
    0x00,0x00,0x00,0x00,0x00,0x00,0x00,0x00,0x00,0x00,0x00,0x00,0x00,0x00,0x00,0x00,
    0x00,0x00,0x00,0x00,0x00,0x00,0x00,0x6D,0xB6,0x00,0x00,0x00,0x00,0x00,0x00,0x00,
    0x00,0x00,0x00,0x00,0x00,0x00,0x00,0x6D,0xB6,0x00,0x00,0x00,0x00,0x00,0x00,0x00,
    0x00,0x00,0x00,0x00,0x00,0x00,0x00,0x00,0x00,0x00,0x00,0x00,0x00,0x00,0x00,0x00,
    0x00,0x00,0x00,0x00,0x00,0x00,0x00,0x00,0x00,0x00,0x00,0x00,0x00,0x00,0x00,0x00,
    0x00,0x00,0x00,0x00,0x00,0x00,0x00,0x00,0x00,0x00,0x00,0x00,0x00,0x00,0x00,0x00,
    0x00,0x00,0x00,0x00,0x00,0x00,0x00,0x00,0x00,0x00,0x00,0x00,0x00,0x00,0x00,0x00,
    0x00,0x00,0x00,0x00,0x00,0x00,0x00,0x00,0x00,0x00,0x00,0x00,0x00,0x00,0x00,0x00,
    0x00,0x00,0x00,0x00,0x00,0x00,0x00,0x00,0x00,0x00,0x00,0x00,0x00,0x00,0x00,0x00,
    0x00,0x00,0x00,0x00,0x00,0x00,0x00,0x00,0x00,0x00,0x00,0x00,0x00,0x00,0x00,0x00,
  },
  {  // 24: V1_ROUND_CROP
    0x00,0x00,0x00,0x00,0x00,0x00,0x00,0x00,0x00,0x00,0x00,0x00,0x00,0x00,0x00,0x00,
    0x00,0x00,0x00,0x00,0x00,0x00,0x1B,0x6D,0xB6,0xD8,0x00,0x00,0x00,0x00,0x00,0x00,
    0x00,0x00,0x00,0x00,0x00,0x00,0x1B,0x6D,0xB6,0xD8,0x00,0x00,0x00,0x00,0x00,0x00,
    0x00,0x00,0x00,0x00,0x00,0x00,0x00,0x00,0x00,0x00,0x00,0x00,0x00,0x00,0x00,0x00,
    0x00,0x00,0x00,0x00,0x00,0x00,0xDB,0x6D,0xB6,0xDB,0x00,0x00,0x00,0x00,0x00,0x00,
    0x00,0x00,0x00,0x00,0x00,0x00,0xDB,0x6D,0xB6,0xDB,0x00,0x00,0x00,0x00,0x00,0x00,
    0x00,0x00,0x00,0x00,0x00,0x00,0x00,0x00,0x00,0x00,0x00,0x00,0x00,0x00,0x00,0x00,
    0x00,0x00,0x00,0x00,0x00,0x00,0xDB,0x6D,0xB6,0xDB,0x00,0x00,0x00,0x00,0x00,0x00,
    0x00,0x00,0x00,0x00,0x00,0x00,0xDB,0x6D,0xB6,0xDB,0x00,0x00,0x00,0x00,0x00,0x00,
    0x00,0x00,0x00,0x00,0x00,0x00,0x00,0x00,0x00,0x00,0x00,0x00,0x00,0x00,0x00,0x00,
    0x00,0x00,0x00,0x00,0x00,0x06,0xD8,0x0D,0xB0,0x1B,0x60,0x00,0x00,0x00,0x00,0x00,
    0x00,0x00,0x00,0x00,0x00,0x06,0xD8,0x0D,0xB0,0x1B,0x60,0x00,0x00,0x00,0x00,0x00,
    0x00,0x00,0x00,0x00,0x00,0x00,0x00,0x00,0x00,0x00,0x00,0x00,0x00,0x00,0x00,0x00,
    0x00,0x00,0x00,0x00,0x00,0x06,0xC0,0x00,0x00,0x03,0x60,0x00,0x00,0x00,0x00,0x00,
    0x00,0x00,0x00,0x00,0x00,0x06,0xC0,0x00,0x00,0x03,0x60,0x00,0x00,0x00,0x00,0x00,
    0x00,0x00,0x00,0x00,0x00,0x00,0x00,0x00,0x00,0x00,0x00,0x00,0x00,0x00,0x00,0x00,
    0x00,0x00,0x00,0x00,0x00,0x36,0x00,0x00,0x00,0x00,0x6C,0x00,0x00,0x00,0x00,0x00,
    0x00,0x00,0x00,0x00,0x00,0x36,0x00,0x00,0x00,0x00,0x6C,0x00,0x00,0x00,0x00,0x00,
    0x00,0x00,0x00,0x00,0x00,0x00,0x00,0x00,0x00,0x00,0x00,0x00,0x00,0x00,0x00,0x00,
    0x00,0x00,0x00,0x00,0x00,0x00,0x00,0x00,0x00,0x00,0x00,0x00,0x00,0x00,0x00,0x00,
    0x00,0x00,0x00,0x00,0x00,0x00,0x00,0x00,0x00,0x00,0x00,0x00,0x00,0x00,0x00,0x00,
    0x00,0x00,0x00,0x00,0x00,0x00,0x00,0x00,0x00,0x00,0x00,0x00,0x00,0x00,0x00,0x00,
    0x00,0x00,0x00,0x00,0x01,0x80,0x00,0x00,0x00,0x00,0x01,0x80,0x00,0x00,0x00,0x00,
    0x00,0x00,0x00,0x00,0x01,0x80,0x00,0x00,0x00,0x00,0x01,0x80,0x00,0x00,0x00,0x00,
    0x00,0x00,0x00,0x00,0x00,0x00,0x00,0x00,0x00,0x00,0x00,0x00,0x00,0x00,0x00,0x00,
    0x00,0x00,0x00,0x00,0x0C,0x00,0x00,0x00,0x00,0x00,0x00,0x30,0x00,0x00,0x00,0x00,
    0x00,0x00,0x00,0x00,0x0C,0x00,0x00,0x00,0x00,0x00,0x00,0x30,0x00,0x00,0x00,0x00,
    0x00,0x00,0x00,0x00,0x00,0x00,0x00,0x00,0x00,0x00,0x00,0x00,0x00,0x00,0x00,0x00,
    0x00,0x00,0x00,0x00,0x00,0x00,0x00,0x00,0x00,0x00,0x00,0x00,0x00,0x00,0x00,0x00,
    0x00,0x00,0x00,0x00,0x00,0x00,0x00,0x00,0x00,0x00,0x00,0x00,0x00,0x00,0x00,0x00,
    0x00,0x00,0x00,0x00,0x00,0x00,0x00,0x00,0x00,0x00,0x00,0x00,0x00,0x00,0x00,0x00,
    0x00,0x00,0x00,0x00,0x00,0x00,0x00,0x00,0x00,0x00,0x00,0x00,0x00,0x00,0x00,0x00,
    0x00,0x00,0x00,0x00,0x00,0x00,0x00,0x00,0x00,0x00,0x00,0x00,0x00,0x00,0x00,0x00,
    0x00,0x00,0x00,0x00,0x00,0x00,0x00,0x00,0x00,0x00,0x00,0x00,0x00,0x00,0x00,0x00,
    0x00,0x00,0x00,0x00,0x0C,0x00,0x00,0x00,0x00,0x00,0x00,0x30,0x00,0x00,0x00,0x00,
    0x00,0x00,0x00,0x00,0x0C,0x00,0x00,0x00,0x00,0x00,0x00,0x30,0x00,0x00,0x00,0x00,
    0x00,0x00,0x00,0x00,0x00,0x00,0x00,0x00,0x00,0x00,0x00,0x00,0x00,0x00,0x00,0x00,
    0x00,0x00,0x00,0x00,0x0D,0x80,0x00,0x00,0x00,0x00,0x01,0xB0,0x00,0x00,0x00,0x00,
    0x00,0x00,0x00,0x00,0x0D,0x80,0x00,0x00,0x00,0x00,0x01,0xB0,0x00,0x00,0x00,0x00,
    0x00,0x00,0x00,0x00,0x00,0x00,0x00,0x00,0x00,0x00,0x00,0x00,0x00,0x00,0x00,0x00,
    0x00,0x00,0x00,0x00,0x01,0xB0,0x00,0x00,0x00,0x00,0x0D,0x80,0x00,0x00,0x00,0x00,
    0x00,0x00,0x00,0x00,0x01,0xB0,0x00,0x00,0x00,0x00,0x0D,0x80,0x00,0x00,0x00,0x00,
    0x00,0x00,0x00,0x00,0x00,0x00,0x00,0x00,0x00,0x00,0x00,0x00,0x00,0x00,0x00,0x00,
    0x00,0x00,0x00,0x00,0x01,0xB6,0x00,0x00,0x00,0x00,0x6D,0x80,0x00,0x00,0x00,0x00,
    0x00,0x00,0x00,0x00,0x01,0xB6,0x00,0x00,0x00,0x00,0x6D,0x80,0x00,0x00,0x00,0x00,
    0x00,0x00,0x00,0x00,0x00,0x00,0x00,0x00,0x00,0x00,0x00,0x00,0x00,0x00,0x00,0x00,
    0x00,0x00,0x00,0x00,0x01,0xB6,0x00,0x00,0x00,0x00,0x6D,0x80,0x00,0x00,0x00,0x00,
    0x00,0x00,0x00,0x00,0x01,0xB6,0x00,0x00,0x00,0x00,0x6D,0x80,0x00,0x00,0x00,0x00,
    0x00,0x00,0x00,0x00,0x00,0x00,0x00,0x00,0x00,0x00,0x00,0x00,0x00,0x00,0x00,0x00,
    0x00,0x00,0x00,0x00,0x00,0x36,0xC0,0x00,0x00,0x03,0x6C,0x00,0x00,0x00,0x00,0x00,
    0x00,0x00,0x00,0x00,0x00,0x36,0xC0,0x00,0x00,0x03,0x6C,0x00,0x00,0x00,0x00,0x00,
    0x00,0x00,0x00,0x00,0x00,0x00,0x00,0x00,0x00,0x00,0x00,0x00,0x00,0x00,0x00,0x00,
    0x00,0x00,0x00,0x00,0x00,0x36,0xD8,0x00,0x00,0x1B,0x6C,0x00,0x00,0x00,0x00,0x00,
    0x00,0x00,0x00,0x00,0x00,0x36,0xD8,0x00,0x00,0x1B,0x6C,0x00,0x00,0x00,0x00,0x00,
    0x00,0x00,0x00,0x00,0x00,0x00,0x00,0x00,0x00,0x00,0x00,0x00,0x00,0x00,0x00,0x00,
    0x00,0x00,0x00,0x00,0x00,0x06,0xDB,0x00,0x00,0xDB,0x60,0x00,0x00,0x00,0x00,0x00,
    0x00,0x00,0x00,0x00,0x00,0x06,0xDB,0x00,0x00,0xDB,0x60,0x00,0x00,0x00,0x00,0x00,
    0x00,0x00,0x00,0x00,0x00,0x00,0x00,0x00,0x00,0x00,0x00,0x00,0x00,0x00,0x00,0x00,
    0x00,0x00,0x00,0x00,0x00,0x06,0xDB,0x60,0x06,0xDB,0x60,0x00,0x00,0x00,0x00,0x00,
    0x00,0x00,0x00,0x00,0x00,0x06,0xDB,0x60,0x06,0xDB,0x60,0x00,0x00,0x00,0x00,0x00,
    0x00,0x00,0x00,0x00,0x00,0x00,0x00,0x00,0x00,0x00,0x00,0x00,0x00,0x00,0x00,0x00,
    0x00,0x00,0x00,0x00,0x00,0x06,0xDB,0x6D,0xB6,0xDB,0x60,0x00,0x00,0x00,0x00,0x00,
    0x00,0x00,0x00,0x00,0x00,0x06,0xDB,0x6D,0xB6,0xDB,0x60,0x00,0x00,0x00,0x00,0x00,
    0x00,0x00,0x00,0x00,0x00,0x00,0x00,0x00,0x00,0x00,0x00,0x00,0x00,0x00,0x00,0x00,
  },
  {  // 25: V1_SIDE_L_CROP
    0x00,0x00,0x00,0x00,0x00,0x00,0x00,0x00,0x00,0x00,0x00,0x00,0x00,0x00,0x00,0x00,
    0x00,0x00,0x00,0x00,0x00,0x00,0x00,0x00,0x00,0x00,0x00,0x00,0x00,0x00,0x00,0x00,
    0x00,0x00,0x00,0x00,0x00,0x00,0x00,0x00,0x00,0x00,0x00,0x00,0x00,0x00,0x00,0x00,
    0x00,0x00,0x00,0x00,0x00,0x00,0x00,0x00,0x00,0x00,0x00,0x00,0x00,0x00,0x00,0x00,
    0x00,0x00,0x00,0x00,0x00,0x00,0x00,0x00,0x00,0xDB,0x00,0x00,0x00,0x00,0x00,0x00,
    0x00,0x00,0x00,0x00,0x00,0x00,0x00,0x00,0x00,0xDB,0x00,0x00,0x00,0x00,0x00,0x00,
    0x00,0x00,0x00,0x00,0x00,0x00,0x00,0x00,0x00,0x00,0x00,0x00,0x00,0x00,0x00,0x00,
    0x00,0x00,0x00,0x00,0x0D,0xB6,0x00,0x00,0x36,0xDB,0x60,0x00,0x00,0x00,0x00,0x00,
    0x00,0x00,0x00,0x00,0x0D,0xB6,0x00,0x00,0x36,0xDB,0x60,0x00,0x00,0x00,0x00,0x00,
    0x00,0x00,0x00,0x00,0x00,0x00,0x00,0x00,0x00,0x00,0x00,0x00,0x00,0x00,0x00,0x00,
    0x00,0x00,0x00,0x00,0x6D,0xB6,0xDB,0x6D,0xB6,0xDB,0x6C,0x00,0x00,0x00,0x00,0x00,
    0x00,0x00,0x00,0x00,0x6D,0xB6,0xDB,0x6D,0xB6,0xDB,0x6C,0x00,0x00,0x00,0x00,0x00,
    0x00,0x00,0x00,0x00,0x00,0x00,0x00,0x00,0x00,0x00,0x00,0x00,0x00,0x00,0x00,0x00,
    0x00,0x00,0x00,0x1B,0x6D,0xB6,0xDB,0x6D,0xB6,0xDB,0x6D,0xB0,0x00,0x00,0x00,0x00,
    0x00,0x00,0x00,0x1B,0x6D,0xB6,0xDB,0x6D,0xB6,0xDB,0x6D,0xB0,0x00,0x00,0x00,0x00,
    0x00,0x00,0x00,0x00,0x00,0x00,0x00,0x00,0x00,0x00,0x00,0x00,0x00,0x00,0x00,0x00,
    0x00,0x00,0x00,0xDB,0x6D,0xB6,0xDB,0x6D,0xB6,0xDB,0x6D,0xB6,0xC0,0x00,0x00,0x00,
    0x00,0x00,0x00,0xDB,0x6D,0xB6,0xDB,0x6D,0xB6,0xDB,0x6D,0xB6,0xC0,0x00,0x00,0x00,
    0x00,0x00,0x00,0x00,0x00,0x00,0x00,0x00,0x00,0x00,0x00,0x00,0x00,0x00,0x00,0x00,
    0x00,0x00,0x06,0xDB,0x6D,0xB6,0xDB,0x6D,0xB6,0xDB,0x6D,0xB6,0xDB,0x00,0x00,0x00,
    0x00,0x00,0x06,0xDB,0x6D,0xB6,0xDB,0x6D,0xB6,0xDB,0x6D,0xB6,0xDB,0x00,0x00,0x00,
    0x00,0x00,0x00,0x00,0x00,0x00,0x00,0x00,0x00,0x00,0x00,0x00,0x00,0x00,0x00,0x00,
    0x00,0x01,0xB6,0xDB,0x60,0x00,0x1B,0x60,0x00,0x00,0x00,0x00,0x00,0x01,0x80,0x00,
    0x00,0x01,0xB6,0xDB,0x60,0x00,0x1B,0x60,0x00,0x00,0x00,0x00,0x00,0x01,0x80,0x00,
    0x00,0x00,0x00,0x00,0x00,0x00,0x00,0x00,0x00,0x00,0x00,0x00,0x00,0x00,0x00,0x00,
    0x00,0x6D,0x80,0x00,0x00,0x00,0x00,0x00,0x00,0x00,0x00,0x00,0x00,0x0D,0xB0,0x00,
    0x00,0x6D,0x80,0x00,0x00,0x00,0x00,0x00,0x00,0x00,0x00,0x00,0x00,0x0D,0xB0,0x00,
    0x00,0x00,0x00,0x00,0x00,0x00,0x00,0x00,0x00,0x00,0x00,0x00,0x00,0x00,0x00,0x00,
    0x18,0x00,0x00,0x00,0x00,0x00,0x00,0x00,0x00,0x00,0x00,0x00,0x00,0x6C,0x00,0x00,
    0x18,0x00,0x00,0x00,0x00,0x00,0x00,0x00,0x00,0x00,0x00,0x00,0x00,0x6C,0x00,0x00,
    0x00,0x00,0x00,0x00,0x00,0x00,0x00,0x00,0x00,0x00,0x00,0x00,0x00,0x00,0x00,0x00,
    0xD8,0x00,0x00,0x00,0x00,0x00,0x00,0x00,0x00,0x00,0x00,0x00,0xDB,0x60,0x00,0x00,
    0xD8,0x00,0x00,0x00,0x00,0x00,0x00,0x00,0x00,0x00,0x00,0x00,0xDB,0x60,0x00,0x00,
    0x00,0x00,0x00,0x00,0x00,0x00,0x00,0x00,0x00,0x00,0x00,0x00,0x00,0x00,0x00,0x00,
    0x1B,0x60,0x00,0x00,0x00,0x00,0x00,0x00,0x00,0x00,0x01,0xB6,0xDB,0x60,0x00,0x00,
    0x1B,0x60,0x00,0x00,0x00,0x00,0x00,0x00,0x00,0x00,0x01,0xB6,0xDB,0x60,0x00,0x00,
    0x00,0x00,0x00,0x00,0x00,0x00,0x00,0x00,0x00,0x00,0x00,0x00,0x00,0x00,0x00,0x00,
    0x03,0x6D,0xB0,0x00,0x00,0x00,0x00,0x00,0x00,0x00,0x6D,0xB6,0xD8,0x00,0x00,0x00,
    0x03,0x6D,0xB0,0x00,0x00,0x00,0x00,0x00,0x00,0x00,0x6D,0xB6,0xD8,0x00,0x00,0x00,
    0x00,0x00,0x00,0x00,0x00,0x00,0x00,0x00,0x00,0x00,0x00,0x00,0x00,0x00,0x00,0x00,
    0x00,0x6D,0xB6,0xDB,0x60,0x00,0x00,0x00,0x00,0xDB,0x6D,0xB6,0xC0,0x00,0x00,0x00,
    0x00,0x6D,0xB6,0xDB,0x60,0x00,0x00,0x00,0x00,0xDB,0x6D,0xB6,0xC0,0x00,0x00,0x00,
    0x00,0x00,0x00,0x00,0x00,0x00,0x00,0x00,0x00,0x00,0x00,0x00,0x00,0x00,0x00,0x00,
    0x00,0x0D,0xB6,0xDB,0x6D,0xB6,0xD8,0x6D,0xB6,0xDB,0x6D,0xB6,0x00,0x00,0x00,0x00,
    0x00,0x0D,0xB6,0xDB,0x6D,0xB6,0xD8,0x6D,0xB6,0xDB,0x6D,0xB6,0x00,0x00,0x00,0x00,
    0x00,0x00,0x00,0x00,0x00,0x00,0x00,0x00,0x00,0x00,0x00,0x00,0x00,0x00,0x00,0x00,
    0x00,0x01,0xB6,0xDB,0x6D,0xB6,0xDB,0x6D,0xB6,0xDB,0x6D,0xB0,0x00,0x00,0x00,0x00,
    0x00,0x01,0xB6,0xDB,0x6D,0xB6,0xDB,0x6D,0xB6,0xDB,0x6D,0xB0,0x00,0x00,0x00,0x00,
    0x00,0x00,0x00,0x00,0x00,0x00,0x00,0x00,0x00,0x00,0x00,0x00,0x00,0x00,0x00,0x00,
    0x00,0x00,0x36,0xDB,0x6D,0xB6,0xDB,0x6D,0xB6,0xDB,0x6D,0x80,0x00,0x00,0x00,0x00,
    0x00,0x00,0x36,0xDB,0x6D,0xB6,0xDB,0x6D,0xB6,0xDB,0x6D,0x80,0x00,0x00,0x00,0x00,
    0x00,0x00,0x00,0x00,0x00,0x00,0x00,0x00,0x00,0x00,0x00,0x00,0x00,0x00,0x00,0x00,
    0x00,0x00,0x00,0xDB,0x6D,0xB6,0xDB,0x6D,0xB6,0xDB,0x60,0x00,0x00,0x00,0x00,0x00,
    0x00,0x00,0x00,0xDB,0x6D,0xB6,0xDB,0x6D,0xB6,0xDB,0x60,0x00,0x00,0x00,0x00,0x00,
    0x00,0x00,0x00,0x00,0x00,0x00,0x00,0x00,0x00,0x00,0x00,0x00,0x00,0x00,0x00,0x00,
    0x00,0x00,0x00,0x03,0x6D,0xB6,0xDB,0x6D,0xB6,0xDB,0x00,0x00,0x00,0x00,0x00,0x00,
    0x00,0x00,0x00,0x03,0x6D,0xB6,0xDB,0x6D,0xB6,0xDB,0x00,0x00,0x00,0x00,0x00,0x00,
    0x00,0x00,0x00,0x00,0x00,0x00,0x00,0x00,0x00,0x00,0x00,0x00,0x00,0x00,0x00,0x00,
    0x00,0x00,0x00,0x00,0x0D,0xB6,0xDB,0x6D,0xB6,0x00,0x00,0x00,0x00,0x00,0x00,0x00,
    0x00,0x00,0x00,0x00,0x0D,0xB6,0xDB,0x6D,0xB6,0x00,0x00,0x00,0x00,0x00,0x00,0x00,
    0x00,0x00,0x00,0x00,0x00,0x00,0x00,0x00,0x00,0x00,0x00,0x00,0x00,0x00,0x00,0x00,
    0x00,0x00,0x00,0x00,0x00,0x00,0x00,0x00,0x00,0x00,0x00,0x00,0x00,0x00,0x00,0x00,
    0x00,0x00,0x00,0x00,0x00,0x00,0x00,0x00,0x00,0x00,0x00,0x00,0x00,0x00,0x00,0x00,
    0x00,0x00,0x00,0x00,0x00,0x00,0x00,0x00,0x00,0x00,0x00,0x00,0x00,0x00,0x00,0x00,
  },
  {  // 26: V1_SIDE_R_CROP
    0x00,0x00,0x00,0x00,0x00,0x00,0x00,0x00,0x00,0x00,0x00,0x00,0x00,0x00,0x00,0x00,
    0x00,0x00,0x00,0x00,0x00,0x00,0x00,0x00,0x00,0x00,0x00,0x00,0x00,0x00,0x00,0x00,
    0x00,0x00,0x00,0x00,0x00,0x00,0x00,0x00,0x00,0x00,0x00,0x00,0x00,0x00,0x00,0x00,
    0x00,0x00,0x00,0x00,0x00,0x00,0x00,0x00,0x00,0x00,0x00,0x00,0x00,0x00,0x00,0x00,
    0x00,0x00,0x00,0x00,0x00,0x00,0x1B,0x00,0x00,0x00,0x00,0x00,0x00,0x00,0x00,0x00,
    0x00,0x00,0x00,0x00,0x00,0x00,0x1B,0x00,0x00,0x00,0x00,0x00,0x00,0x00,0x00,0x00,
    0x00,0x00,0x00,0x00,0x00,0x00,0x00,0x00,0x00,0x00,0x00,0x00,0x00,0x00,0x00,0x00,
    0x00,0x00,0x00,0x00,0x00,0x06,0xDB,0x6C,0x00,0x00,0x6D,0xB0,0x00,0x00,0x00,0x00,
    0x00,0x00,0x00,0x00,0x00,0x06,0xDB,0x6C,0x00,0x00,0x6D,0xB0,0x00,0x00,0x00,0x00,
    0x00,0x00,0x00,0x00,0x00,0x00,0x00,0x00,0x00,0x00,0x00,0x00,0x00,0x00,0x00,0x00,
    0x00,0x00,0x00,0x00,0x00,0x36,0xDB,0x6D,0xB6,0xDB,0x6D,0xB6,0x00,0x00,0x00,0x00,
    0x00,0x00,0x00,0x00,0x00,0x36,0xDB,0x6D,0xB6,0xDB,0x6D,0xB6,0x00,0x00,0x00,0x00,
    0x00,0x00,0x00,0x00,0x00,0x00,0x00,0x00,0x00,0x00,0x00,0x00,0x00,0x00,0x00,0x00,
    0x00,0x00,0x00,0x00,0x0D,0xB6,0xDB,0x6D,0xB6,0xDB,0x6D,0xB6,0xD8,0x00,0x00,0x00,
    0x00,0x00,0x00,0x00,0x0D,0xB6,0xDB,0x6D,0xB6,0xDB,0x6D,0xB6,0xD8,0x00,0x00,0x00,
    0x00,0x00,0x00,0x00,0x00,0x00,0x00,0x00,0x00,0x00,0x00,0x00,0x00,0x00,0x00,0x00,
    0x00,0x00,0x00,0x00,0x6D,0xB6,0xDB,0x6D,0xB6,0xDB,0x6D,0xB6,0xDB,0x00,0x00,0x00,
    0x00,0x00,0x00,0x00,0x6D,0xB6,0xDB,0x6D,0xB6,0xDB,0x6D,0xB6,0xDB,0x00,0x00,0x00,
    0x00,0x00,0x00,0x00,0x00,0x00,0x00,0x00,0x00,0x00,0x00,0x00,0x00,0x00,0x00,0x00,
    0x00,0x00,0x00,0xDB,0x6D,0xB6,0xDB,0x6D,0xB6,0xDB,0x6D,0xB6,0xDB,0x60,0x00,0x00,
    0x00,0x00,0x00,0xDB,0x6D,0xB6,0xDB,0x6D,0xB6,0xDB,0x6D,0xB6,0xDB,0x60,0x00,0x00,
    0x00,0x00,0x00,0x00,0x00,0x00,0x00,0x00,0x00,0x00,0x00,0x00,0x00,0x00,0x00,0x00,
    0x00,0x00,0x30,0x00,0x00,0x00,0x00,0x00,0x06,0xC0,0x00,0x06,0xDB,0x6D,0x80,0x00,
    0x00,0x00,0x30,0x00,0x00,0x00,0x00,0x00,0x06,0xC0,0x00,0x06,0xDB,0x6D,0x80,0x00,
    0x00,0x00,0x00,0x00,0x00,0x00,0x00,0x00,0x00,0x00,0x00,0x00,0x00,0x00,0x00,0x00,
    0x00,0x01,0xB0,0x00,0x00,0x00,0x00,0x00,0x00,0x00,0x00,0x00,0x00,0x01,0xB0,0x00,
    0x00,0x01,0xB0,0x00,0x00,0x00,0x00,0x00,0x00,0x00,0x00,0x00,0x00,0x01,0xB0,0x00,
    0x00,0x00,0x00,0x00,0x00,0x00,0x00,0x00,0x00,0x00,0x00,0x00,0x00,0x00,0x00,0x00,
    0x00,0x00,0x36,0x00,0x00,0x00,0x00,0x00,0x00,0x00,0x00,0x00,0x00,0x00,0x00,0x00,
    0x00,0x00,0x36,0x00,0x00,0x00,0x00,0x00,0x00,0x00,0x00,0x00,0x00,0x00,0x00,0x00,
    0x00,0x00,0x00,0x00,0x00,0x00,0x00,0x00,0x00,0x00,0x00,0x00,0x00,0x00,0x00,0x00,
    0x00,0x00,0x36,0xD8,0x00,0x00,0x00,0x00,0x00,0x00,0x00,0x00,0x00,0x00,0x00,0x1B,
    0x00,0x00,0x36,0xD8,0x00,0x00,0x00,0x00,0x00,0x00,0x00,0x00,0x00,0x00,0x00,0x1B,
    0x00,0x00,0x00,0x00,0x00,0x00,0x00,0x00,0x00,0x00,0x00,0x00,0x00,0x00,0x00,0x00,
    0x00,0x00,0x06,0xDB,0x6C,0x00,0x00,0x00,0x00,0x00,0x00,0x00,0x00,0x00,0x00,0xD8,
    0x00,0x00,0x06,0xDB,0x6C,0x00,0x00,0x00,0x00,0x00,0x00,0x00,0x00,0x00,0x00,0xD8,
    0x00,0x00,0x00,0x00,0x00,0x00,0x00,0x00,0x00,0x00,0x00,0x00,0x00,0x00,0x00,0x00,
    0x00,0x00,0x00,0xDB,0x6D,0xB6,0x00,0x00,0x00,0x00,0x00,0x00,0x00,0x0D,0xB6,0xD8,
    0x00,0x00,0x00,0xDB,0x6D,0xB6,0x00,0x00,0x00,0x00,0x00,0x00,0x00,0x0D,0xB6,0xD8,
    0x00,0x00,0x00,0x00,0x00,0x00,0x00,0x00,0x00,0x00,0x00,0x00,0x00,0x00,0x00,0x00,
    0x00,0x00,0x00,0x1B,0x6D,0xB6,0xDB,0x00,0x00,0x00,0x00,0x00,0xDB,0x6D,0xB6,0xC0,
    0x00,0x00,0x00,0x1B,0x6D,0xB6,0xDB,0x00,0x00,0x00,0x00,0x00,0xDB,0x6D,0xB6,0xC0,
    0x00,0x00,0x00,0x00,0x00,0x00,0x00,0x00,0x00,0x00,0x00,0x00,0x00,0x00,0x00,0x00,
    0x00,0x00,0x00,0x03,0x6D,0xB6,0xDB,0x6D,0xB0,0x03,0x6D,0xB6,0xDB,0x6D,0xB6,0x00,
    0x00,0x00,0x00,0x03,0x6D,0xB6,0xDB,0x6D,0xB0,0x03,0x6D,0xB6,0xDB,0x6D,0xB6,0x00,
    0x00,0x00,0x00,0x00,0x00,0x00,0x00,0x00,0x00,0x00,0x00,0x00,0x00,0x00,0x00,0x00,
    0x00,0x00,0x00,0x00,0x6D,0xB6,0xDB,0x6D,0xB6,0xDB,0x6D,0xB6,0xDB,0x6D,0x80,0x00,
    0x00,0x00,0x00,0x00,0x6D,0xB6,0xDB,0x6D,0xB6,0xDB,0x6D,0xB6,0xDB,0x6D,0x80,0x00,
    0x00,0x00,0x00,0x00,0x00,0x00,0x00,0x00,0x00,0x00,0x00,0x00,0x00,0x00,0x00,0x00,
    0x00,0x00,0x00,0x00,0x01,0xB6,0xDB,0x6D,0xB6,0xDB,0x6D,0xB6,0xDB,0x6C,0x00,0x00,
    0x00,0x00,0x00,0x00,0x01,0xB6,0xDB,0x6D,0xB6,0xDB,0x6D,0xB6,0xDB,0x6C,0x00,0x00,
    0x00,0x00,0x00,0x00,0x00,0x00,0x00,0x00,0x00,0x00,0x00,0x00,0x00,0x00,0x00,0x00,
    0x00,0x00,0x00,0x00,0x00,0x36,0xDB,0x6D,0xB6,0xDB,0x6D,0xB6,0xDB,0x60,0x00,0x00,
    0x00,0x00,0x00,0x00,0x00,0x36,0xDB,0x6D,0xB6,0xDB,0x6D,0xB6,0xDB,0x60,0x00,0x00,
    0x00,0x00,0x00,0x00,0x00,0x00,0x00,0x00,0x00,0x00,0x00,0x00,0x00,0x00,0x00,0x00,
    0x00,0x00,0x00,0x00,0x00,0x00,0xDB,0x6D,0xB6,0xDB,0x6D,0xB6,0xD8,0x00,0x00,0x00,
    0x00,0x00,0x00,0x00,0x00,0x00,0xDB,0x6D,0xB6,0xDB,0x6D,0xB6,0xD8,0x00,0x00,0x00,
    0x00,0x00,0x00,0x00,0x00,0x00,0x00,0x00,0x00,0x00,0x00,0x00,0x00,0x00,0x00,0x00,
    0x00,0x00,0x00,0x00,0x00,0x00,0x00,0x6D,0xB6,0xDB,0x6D,0xB0,0x00,0x00,0x00,0x00,
    0x00,0x00,0x00,0x00,0x00,0x00,0x00,0x6D,0xB6,0xDB,0x6D,0xB0,0x00,0x00,0x00,0x00,
    0x00,0x00,0x00,0x00,0x00,0x00,0x00,0x00,0x00,0x00,0x00,0x00,0x00,0x00,0x00,0x00,
    0x00,0x00,0x00,0x00,0x00,0x00,0x00,0x00,0x00,0x00,0x00,0x00,0x00,0x00,0x00,0x00,
    0x00,0x00,0x00,0x00,0x00,0x00,0x00,0x00,0x00,0x00,0x00,0x00,0x00,0x00,0x00,0x00,
    0x00,0x00,0x00,0x00,0x00,0x00,0x00,0x00,0x00,0x00,0x00,0x00,0x00,0x00,0x00,0x00,
  },
  {  // 27: V2_REST
    0x00,0x00,0x00,0x00,0x00,0x00,0x00,0x00,0x00,0x00,0x00,0x00,0x00,0x00,0x00,0x00,
    0x00,0x00,0x00,0x00,0x00,0x00,0x00,0x00,0x00,0x00,0x00,0x00,0x00,0x00,0x00,0x00,
    0x00,0x00,0x00,0x00,0x00,0x00,0x00,0x00,0x00,0x00,0x00,0x00,0x00,0x00,0x00,0x00,
    0x00,0x00,0x00,0x00,0x00,0x00,0x00,0x00,0x00,0x00,0x00,0x00,0x00,0x00,0x00,0x00,
    0x00,0x00,0x00,0x00,0x00,0x06,0xD8,0x00,0x00,0x1B,0x60,0x00,0x00,0x00,0x00,0x00,
    0x00,0x00,0x00,0x00,0x00,0x06,0xD8,0x00,0x00,0x1B,0x60,0x00,0x00,0x00,0x00,0x00,
    0x00,0x00,0x00,0x00,0x00,0x00,0x00,0x00,0x00,0x00,0x00,0x00,0x00,0x00,0x00,0x00,
    0x00,0x00,0x00,0x00,0x00,0x36,0xDB,0x00,0x00,0xDB,0x6C,0x00,0x00,0x00,0x00,0x00,
    0x00,0x00,0x00,0x00,0x00,0x36,0xDB,0x00,0x00,0xDB,0x6C,0x00,0x00,0x00,0x00,0x00,
    0x00,0x00,0x00,0x00,0x00,0x00,0x00,0x00,0x00,0x00,0x00,0x00,0x00,0x00,0x00,0x00,
    0x00,0x00,0x00,0x00,0x01,0xB6,0xDB,0x60,0x06,0xDB,0x6D,0x80,0x00,0x00,0x00,0x00,
    0x00,0x00,0x00,0x00,0x01,0xB6,0xDB,0x60,0x06,0xDB,0x6D,0x80,0x00,0x00,0x00,0x00,
    0x00,0x00,0x00,0x00,0x00,0x00,0x00,0x00,0x00,0x00,0x00,0x00,0x00,0x00,0x00,0x00,
    0x00,0x00,0x00,0x00,0x01,0xB6,0xDB,0x6D,0xB6,0xDB,0x6D,0x80,0x00,0x00,0x00,0x00,
    0x00,0x00,0x00,0x00,0x01,0xB6,0xDB,0x6D,0xB6,0xDB,0x6D,0x80,0x00,0x00,0x00,0x00,
    0x00,0x00,0x00,0x00,0x00,0x00,0x00,0x00,0x00,0x00,0x00,0x00,0x00,0x00,0x00,0x00,
    0x00,0x00,0x00,0x00,0x0D,0xB6,0xDB,0x6D,0xB6,0xDB,0x6D,0xB0,0x00,0x00,0x00,0x00,
    0x00,0x00,0x00,0x00,0x0D,0xB6,0xDB,0x6D,0xB6,0xDB,0x6D,0xB0,0x00,0x00,0x00,0x00,
    0x00,0x00,0x00,0x00,0x00,0x00,0x00,0x00,0x00,0x00,0x00,0x00,0x00,0x00,0x00,0x00,
    0x00,0x00,0x00,0x03,0x6D,0xB6,0xDB,0x6D,0xB6,0xDB,0x6D,0xB6,0xC0,0x00,0x00,0x00,
    0x00,0x00,0x00,0x03,0x6D,0xB6,0xDB,0x6D,0xB6,0xDB,0x6D,0xB6,0xC0,0x00,0x00,0x00,
    0x00,0x00,0x00,0x00,0x00,0x00,0x00,0x00,0x00,0x00,0x00,0x00,0x00,0x00,0x00,0x00,
    0x00,0x00,0x00,0x1B,0x6D,0xB6,0xDB,0x6D,0xB6,0xDB,0x6D,0xB6,0xD8,0x00,0x00,0x00,
    0x00,0x00,0x00,0x1B,0x6D,0xB6,0xDB,0x6D,0xB6,0xDB,0x6D,0xB6,0xD8,0x00,0x00,0x00,
    0x00,0x00,0x00,0x00,0x00,0x00,0x00,0x00,0x00,0x00,0x00,0x00,0x00,0x00,0x00,0x00,
    0x00,0x00,0x36,0xDB,0x6D,0xB6,0xDB,0x6D,0xB6,0xDB,0x6D,0xB6,0xDB,0x6C,0x00,0x00,
    0x00,0x00,0x36,0xDB,0x6D,0xB6,0xDB,0x6D,0xB6,0xDB,0x6D,0xB6,0xDB,0x6C,0x00,0x00,
    0x00,0x00,0x00,0x00,0x00,0x00,0x00,0x00,0x00,0x00,0x00,0x00,0x00,0x00,0x00,0x00,
    0x00,0x01,0xB6,0x00,0x00,0x00,0x00,0x6D,0xB6,0x00,0x00,0x00,0x00,0x6D,0x80,0x00,
    0x00,0x01,0xB6,0x00,0x00,0x00,0x00,0x6D,0xB6,0x00,0x00,0x00,0x00,0x6D,0x80,0x00,
    0x00,0x00,0x00,0x00,0x00,0x00,0x00,0x00,0x00,0x00,0x00,0x00,0x00,0x00,0x00,0x00,
    0x00,0x00,0x36,0xDB,0x6D,0x80,0x00,0x0D,0xB0,0x00,0x01,0xB6,0xDB,0x6C,0x00,0x00,
    0x00,0x00,0x36,0xDB,0x6D,0x80,0x00,0x0D,0xB0,0x00,0x01,0xB6,0xDB,0x6C,0x00,0x00,
    0x00,0x00,0x00,0x00,0x00,0x00,0x00,0x00,0x00,0x00,0x00,0x00,0x00,0x00,0x00,0x00,
    0x00,0x00,0x06,0xDB,0x6D,0xB6,0xC0,0x00,0x00,0x03,0x6D,0xB6,0xDB,0x60,0x00,0x00,
    0x00,0x00,0x06,0xDB,0x6D,0xB6,0xC0,0x00,0x00,0x03,0x6D,0xB6,0xDB,0x60,0x00,0x00,
    0x00,0x00,0x00,0x00,0x00,0x00,0x00,0x00,0x00,0x00,0x00,0x00,0x00,0x00,0x00,0x00,
    0x00,0x00,0x00,0xDB,0x6D,0xB6,0xDB,0x6D,0xB6,0xDB,0x6D,0xB6,0xDB,0x00,0x00,0x00,
    0x00,0x00,0x00,0xDB,0x6D,0xB6,0xDB,0x6D,0xB6,0xDB,0x6D,0xB6,0xDB,0x00,0x00,0x00,
    0x00,0x00,0x00,0x00,0x00,0x00,0x00,0x00,0x00,0x00,0x00,0x00,0x00,0x00,0x00,0x00,
    0x00,0x00,0x00,0x1B,0x6D,0xB6,0xDB,0x6D,0xB6,0xDB,0x6D,0xB6,0xD8,0x00,0x00,0x00,
    0x00,0x00,0x00,0x1B,0x6D,0xB6,0xDB,0x6D,0xB6,0xDB,0x6D,0xB6,0xD8,0x00,0x00,0x00,
    0x00,0x00,0x00,0x00,0x00,0x00,0x00,0x00,0x00,0x00,0x00,0x00,0x00,0x00,0x00,0x00,
    0x00,0x00,0x00,0x03,0x6D,0xB6,0xDB,0x6D,0xB6,0xDB,0x6D,0xB6,0xC0,0x00,0x00,0x00,
    0x00,0x00,0x00,0x03,0x6D,0xB6,0xDB,0x6D,0xB6,0xDB,0x6D,0xB6,0xC0,0x00,0x00,0x00,
    0x00,0x00,0x00,0x00,0x00,0x00,0x00,0x00,0x00,0x00,0x00,0x00,0x00,0x00,0x00,0x00,
    0x00,0x00,0x00,0x00,0x6D,0xB6,0xDB,0x6D,0xB6,0xDB,0x6D,0xB6,0x00,0x00,0x00,0x00,
    0x00,0x00,0x00,0x00,0x6D,0xB6,0xDB,0x6D,0xB6,0xDB,0x6D,0xB6,0x00,0x00,0x00,0x00,
    0x00,0x00,0x00,0x00,0x00,0x00,0x00,0x00,0x00,0x00,0x00,0x00,0x00,0x00,0x00,0x00,
    0x00,0x00,0x00,0x00,0x0D,0xB6,0xDB,0x6D,0xB6,0xDB,0x6D,0xB0,0x00,0x00,0x00,0x00,
    0x00,0x00,0x00,0x00,0x0D,0xB6,0xDB,0x6D,0xB6,0xDB,0x6D,0xB0,0x00,0x00,0x00,0x00,
    0x00,0x00,0x00,0x00,0x00,0x00,0x00,0x00,0x00,0x00,0x00,0x00,0x00,0x00,0x00,0x00,
    0x00,0x00,0x00,0x00,0x00,0x36,0xDB,0x6D,0xB6,0xDB,0x6C,0x00,0x00,0x00,0x00,0x00,
    0x00,0x00,0x00,0x00,0x00,0x36,0xDB,0x6D,0xB6,0xDB,0x6C,0x00,0x00,0x00,0x00,0x00,
    0x00,0x00,0x00,0x00,0x00,0x00,0x00,0x00,0x00,0x00,0x00,0x00,0x00,0x00,0x00,0x00,
    0x00,0x00,0x00,0x00,0x00,0x00,0xDB,0x6D,0xB6,0xDB,0x00,0x00,0x00,0x00,0x00,0x00,
    0x00,0x00,0x00,0x00,0x00,0x00,0xDB,0x6D,0xB6,0xDB,0x00,0x00,0x00,0x00,0x00,0x00,
    0x00,0x00,0x00,0x00,0x00,0x00,0x00,0x00,0x00,0x00,0x00,0x00,0x00,0x00,0x00,0x00,
    0x00,0x00,0x00,0x00,0x00,0x00,0x00,0x00,0x00,0x00,0x00,0x00,0x00,0x00,0x00,0x00,
    0x00,0x00,0x00,0x00,0x00,0x00,0x00,0x00,0x00,0x00,0x00,0x00,0x00,0x00,0x00,0x00,
    0x00,0x00,0x00,0x00,0x00,0x00,0x00,0x00,0x00,0x00,0x00,0x00,0x00,0x00,0x00,0x00,
    0x00,0x00,0x00,0x00,0x00,0x00,0x00,0x00,0x00,0x00,0x00,0x00,0x00,0x00,0x00,0x00,
    0x00,0x00,0x00,0x00,0x00,0x00,0x00,0x00,0x00,0x00,0x00,0x00,0x00,0x00,0x00,0x00,
    0x00,0x00,0x00,0x00,0x00,0x00,0x00,0x00,0x00,0x00,0x00,0x00,0x00,0x00,0x00,0x00,
  },
  {  // 28: V2_PRESS_MBP
    0x00,0x00,0x00,0x00,0x00,0x00,0x00,0x00,0x00,0x00,0x00,0x00,0x00,0x00,0x00,0x00,
    0x00,0x00,0x00,0x00,0x00,0x00,0x00,0x00,0x00,0x00,0x00,0x00,0x00,0x00,0x00,0x00,
    0x00,0x00,0x00,0x00,0x00,0x00,0x00,0x00,0x00,0x00,0x00,0x00,0x00,0x00,0x00,0x00,
    0x00,0x00,0x00,0x00,0x00,0x00,0x00,0x00,0x00,0x00,0x00,0x00,0x00,0x00,0x00,0x00,
    0x00,0x00,0x00,0x00,0x00,0x00,0x00,0x00,0x00,0x00,0x00,0x00,0x00,0x00,0x00,0x00,
    0x00,0x00,0x00,0x00,0x00,0x00,0x00,0x00,0x00,0x00,0x00,0x00,0x00,0x00,0x00,0x00,
    0x00,0x00,0x00,0x00,0x00,0x00,0x00,0x00,0x00,0x00,0x00,0x00,0x00,0x00,0x00,0x00,
    0x00,0x00,0x00,0x00,0x00,0x06,0xDB,0x00,0x00,0xDB,0x60,0x00,0x00,0x00,0x00,0x00,
    0x00,0x00,0x00,0x00,0x00,0x06,0xDB,0x00,0x00,0xDB,0x60,0x00,0x00,0x00,0x00,0x00,
    0x00,0x00,0x00,0x00,0x00,0x00,0x00,0x00,0x00,0x00,0x00,0x00,0x00,0x00,0x00,0x00,
    0x00,0x00,0x00,0x00,0x00,0x36,0xDB,0x60,0x06,0xDB,0x6C,0x00,0x00,0x00,0x00,0x00,
    0x00,0x00,0x00,0x00,0x00,0x36,0xDB,0x60,0x06,0xDB,0x6C,0x00,0x00,0x00,0x00,0x00,
    0x00,0x00,0x00,0x00,0x00,0x00,0x00,0x00,0x00,0x00,0x00,0x00,0x00,0x00,0x00,0x00,
    0x00,0x00,0x00,0x00,0x00,0x36,0xDB,0x6C,0x36,0xDB,0x6C,0x00,0x00,0x00,0x00,0x00,
    0x00,0x00,0x00,0x00,0x00,0x36,0xDB,0x6C,0x36,0xDB,0x6C,0x00,0x00,0x00,0x00,0x00,
    0x00,0x00,0x00,0x00,0x00,0x00,0x00,0x00,0x00,0x00,0x00,0x00,0x00,0x00,0x00,0x00,
    0x00,0x00,0x00,0x00,0x01,0xB6,0xDB,0x6D,0xB6,0xDB,0x6D,0x80,0x00,0x00,0x00,0x00,
    0x00,0x00,0x00,0x00,0x01,0xB6,0xDB,0x6D,0xB6,0xDB,0x6D,0x80,0x00,0x00,0x00,0x00,
    0x00,0x00,0x00,0x00,0x00,0x00,0x00,0x00,0x00,0x00,0x00,0x00,0x00,0x00,0x00,0x00,
    0x00,0x00,0x00,0x00,0x0D,0xB6,0xDB,0x6D,0xB6,0xDB,0x6D,0xB0,0x00,0x00,0x00,0x00,
    0x00,0x00,0x00,0x00,0x0D,0xB6,0xDB,0x6D,0xB6,0xDB,0x6D,0xB0,0x00,0x00,0x00,0x00,
    0x00,0x00,0x00,0x00,0x00,0x00,0x00,0x00,0x00,0x00,0x00,0x00,0x00,0x00,0x00,0x00,
    0x00,0x00,0x00,0x00,0x6D,0xB6,0xDB,0x6D,0xB6,0xDB,0x6D,0xB6,0x00,0x00,0x00,0x00,
    0x00,0x00,0x00,0x00,0x6D,0xB6,0xDB,0x6D,0xB6,0xDB,0x6D,0xB6,0x00,0x00,0x00,0x00,
    0x00,0x00,0x00,0x00,0x00,0x00,0x00,0x00,0x00,0x00,0x00,0x00,0x00,0x00,0x00,0x00,
    0x00,0x00,0x30,0x1B,0x6D,0xB6,0xDB,0x6D,0xB6,0xDB,0x6D,0xB6,0xD8,0x0C,0x00,0x00,
    0x00,0x00,0x30,0x1B,0x6D,0xB6,0xDB,0x6D,0xB6,0xDB,0x6D,0xB6,0xD8,0x0C,0x00,0x00,
    0x00,0x00,0x00,0x00,0x00,0x00,0x00,0x00,0x00,0x00,0x00,0x00,0x00,0x00,0x00,0x00,
    0x00,0x00,0x36,0xDB,0x6D,0xB6,0x1B,0x6D,0xB6,0xD8,0x6D,0xB6,0xDB,0x6C,0x00,0x00,
    0x00,0x00,0x36,0xDB,0x6D,0xB6,0x1B,0x6D,0xB6,0xD8,0x6D,0xB6,0xDB,0x6C,0x00,0x00,
    0x00,0x00,0x00,0x00,0x00,0x00,0x00,0x00,0x00,0x00,0x00,0x00,0x00,0x00,0x00,0x00,
    0x00,0x00,0x06,0xDB,0x6D,0xB6,0x00,0x6D,0xB6,0x00,0x6D,0xB6,0xDB,0x60,0x00,0x00,
    0x00,0x00,0x06,0xDB,0x6D,0xB6,0x00,0x6D,0xB6,0x00,0x6D,0xB6,0xDB,0x60,0x00,0x00,
    0x00,0x00,0x00,0x00,0x00,0x00,0x00,0x00,0x00,0x00,0x00,0x00,0x00,0x00,0x00,0x00,
    0x00,0x00,0x00,0xDB,0x6D,0xB6,0xDB,0x6D,0xB6,0xDB,0x6D,0xB6,0xDB,0x00,0x00,0x00,
    0x00,0x00,0x00,0xDB,0x6D,0xB6,0xDB,0x6D,0xB6,0xDB,0x6D,0xB6,0xDB,0x00,0x00,0x00,
    0x00,0x00,0x00,0x00,0x00,0x00,0x00,0x00,0x00,0x00,0x00,0x00,0x00,0x00,0x00,0x00,
    0x00,0x00,0x00,0x1B,0x6D,0xB6,0xDB,0x6D,0xB6,0xDB,0x6D,0xB6,0xD8,0x00,0x00,0x00,
    0x00,0x00,0x00,0x1B,0x6D,0xB6,0xDB,0x6D,0xB6,0xDB,0x6D,0xB6,0xD8,0x00,0x00,0x00,
    0x00,0x00,0x00,0x00,0x00,0x00,0x00,0x00,0x00,0x00,0x00,0x00,0x00,0x00,0x00,0x00,
    0x00,0x00,0x00,0x03,0x6D,0xB6,0xDB,0x6D,0xB6,0xDB,0x6D,0xB6,0xC0,0x00,0x00,0x00,
    0x00,0x00,0x00,0x03,0x6D,0xB6,0xDB,0x6D,0xB6,0xDB,0x6D,0xB6,0xC0,0x00,0x00,0x00,
    0x00,0x00,0x00,0x00,0x00,0x00,0x00,0x00,0x00,0x00,0x00,0x00,0x00,0x00,0x00,0x00,
    0x00,0x00,0x00,0x00,0x6D,0xB6,0xDB,0x6D,0xB6,0xDB,0x6D,0xB6,0x00,0x00,0x00,0x00,
    0x00,0x00,0x00,0x00,0x6D,0xB6,0xDB,0x6D,0xB6,0xDB,0x6D,0xB6,0x00,0x00,0x00,0x00,
    0x00,0x00,0x00,0x00,0x00,0x00,0x00,0x00,0x00,0x00,0x00,0x00,0x00,0x00,0x00,0x00,
    0x00,0x00,0x00,0x00,0x0D,0xB6,0xDB,0x6D,0xB6,0xDB,0x6D,0xB0,0x00,0x00,0x00,0x00,
    0x00,0x00,0x00,0x00,0x0D,0xB6,0xDB,0x6D,0xB6,0xDB,0x6D,0xB0,0x00,0x00,0x00,0x00,
    0x00,0x00,0x00,0x00,0x00,0x00,0x00,0x00,0x00,0x00,0x00,0x00,0x00,0x00,0x00,0x00,
    0x00,0x00,0x00,0x00,0x00,0x36,0xDB,0x6D,0xB6,0xDB,0x6C,0x00,0x00,0x00,0x00,0x00,
    0x00,0x00,0x00,0x00,0x00,0x36,0xDB,0x6D,0xB6,0xDB,0x6C,0x00,0x00,0x00,0x00,0x00,
    0x00,0x00,0x00,0x00,0x00,0x00,0x00,0x00,0x00,0x00,0x00,0x00,0x00,0x00,0x00,0x00,
    0x00,0x00,0x00,0x00,0x00,0x00,0xDB,0x6D,0xB6,0xDB,0x00,0x00,0x00,0x00,0x00,0x00,
    0x00,0x00,0x00,0x00,0x00,0x00,0xDB,0x6D,0xB6,0xDB,0x00,0x00,0x00,0x00,0x00,0x00,
    0x00,0x00,0x00,0x00,0x00,0x00,0x00,0x00,0x00,0x00,0x00,0x00,0x00,0x00,0x00,0x00,
    0x00,0x00,0x00,0x00,0x00,0x00,0x00,0x6D,0xB6,0x00,0x00,0x00,0x00,0x00,0x00,0x00,
    0x00,0x00,0x00,0x00,0x00,0x00,0x00,0x6D,0xB6,0x00,0x00,0x00,0x00,0x00,0x00,0x00,
    0x00,0x00,0x00,0x00,0x00,0x00,0x00,0x00,0x00,0x00,0x00,0x00,0x00,0x00,0x00,0x00,
    0x00,0x00,0x00,0x00,0x00,0x00,0x00,0x00,0x00,0x00,0x00,0x00,0x00,0x00,0x00,0x00,
    0x00,0x00,0x00,0x00,0x00,0x00,0x00,0x00,0x00,0x00,0x00,0x00,0x00,0x00,0x00,0x00,
    0x00,0x00,0x00,0x00,0x00,0x00,0x00,0x00,0x00,0x00,0x00,0x00,0x00,0x00,0x00,0x00,
    0x00,0x00,0x00,0x00,0x00,0x00,0x00,0x00,0x00,0x00,0x00,0x00,0x00,0x00,0x00,0x00,
    0x00,0x00,0x00,0x00,0x00,0x00,0x00,0x00,0x00,0x00,0x00,0x00,0x00,0x00,0x00,0x00,
    0x00,0x00,0x00,0x00,0x00,0x00,0x00,0x00,0x00,0x00,0x00,0x00,0x00,0x00,0x00,0x00,
  },
  {  // 29: V2_FV_TUCK
    0x00,0x00,0x00,0x00,0x00,0x00,0x00,0x00,0x00,0x00,0x00,0x00,0x00,0x00,0x00,0x00,
    0x00,0x00,0x00,0x00,0x00,0x00,0xC0,0x00,0x00,0x03,0x00,0x00,0x00,0x00,0x00,0x00,
    0x00,0x00,0x00,0x00,0x00,0x00,0xC0,0x00,0x00,0x03,0x00,0x00,0x00,0x00,0x00,0x00,
    0x00,0x00,0x00,0x00,0x00,0x00,0x00,0x00,0x00,0x00,0x00,0x00,0x00,0x00,0x00,0x00,
    0x00,0x00,0x00,0x00,0x00,0x06,0xDB,0x00,0x00,0xDB,0x60,0x00,0x00,0x00,0x00,0x00,
    0x00,0x00,0x00,0x00,0x00,0x06,0xDB,0x00,0x00,0xDB,0x60,0x00,0x00,0x00,0x00,0x00,
    0x00,0x00,0x00,0x00,0x00,0x00,0x00,0x00,0x00,0x00,0x00,0x00,0x00,0x00,0x00,0x00,
    0x00,0x00,0x00,0x00,0x00,0x36,0xDB,0x60,0x06,0xDB,0x6C,0x00,0x00,0x00,0x00,0x00,
    0x00,0x00,0x00,0x00,0x00,0x36,0xDB,0x60,0x06,0xDB,0x6C,0x00,0x00,0x00,0x00,0x00,
    0x00,0x00,0x00,0x00,0x00,0x00,0x00,0x00,0x00,0x00,0x00,0x00,0x00,0x00,0x00,0x00,
    0x00,0x00,0x00,0x00,0x01,0xB6,0xDB,0x6D,0xB6,0xDB,0x6D,0x80,0x00,0x00,0x00,0x00,
    0x00,0x00,0x00,0x00,0x01,0xB6,0xDB,0x6D,0xB6,0xDB,0x6D,0x80,0x00,0x00,0x00,0x00,
    0x00,0x00,0x00,0x00,0x00,0x00,0x00,0x00,0x00,0x00,0x00,0x00,0x00,0x00,0x00,0x00,
    0x00,0x00,0x00,0x00,0x0D,0xB6,0xDB,0x6D,0xB6,0xDB,0x6D,0xB0,0x00,0x00,0x00,0x00,
    0x00,0x00,0x00,0x00,0x0D,0xB6,0xDB,0x6D,0xB6,0xDB,0x6D,0xB0,0x00,0x00,0x00,0x00,
    0x00,0x00,0x00,0x00,0x00,0x00,0x00,0x00,0x00,0x00,0x00,0x00,0x00,0x00,0x00,0x00,
    0x00,0x00,0x00,0x00,0x6D,0xB6,0xDB,0x6D,0xB6,0xDB,0x6D,0xB6,0x00,0x00,0x00,0x00,
    0x00,0x00,0x00,0x00,0x6D,0xB6,0xDB,0x6D,0xB6,0xDB,0x6D,0xB6,0x00,0x00,0x00,0x00,
    0x00,0x00,0x00,0x00,0x00,0x00,0x00,0x00,0x00,0x00,0x00,0x00,0x00,0x00,0x00,0x00,
    0x00,0x00,0x00,0x03,0x6D,0xB6,0xDB,0x6D,0xB6,0xDB,0x6D,0xB6,0xC0,0x00,0x00,0x00,
    0x00,0x00,0x00,0x03,0x6D,0xB6,0xDB,0x6D,0xB6,0xDB,0x6D,0xB6,0xC0,0x00,0x00,0x00,
    0x00,0x00,0x00,0x00,0x00,0x00,0x00,0x00,0x00,0x00,0x00,0x00,0x00,0x00,0x00,0x00,
    0x00,0x00,0x00,0xDB,0x6D,0xB6,0xDB,0x6D,0xB6,0xDB,0x6D,0xB6,0xDB,0x00,0x00,0x00,
    0x00,0x00,0x00,0xDB,0x6D,0xB6,0xDB,0x6D,0xB6,0xDB,0x6D,0xB6,0xDB,0x00,0x00,0x00,
    0x00,0x00,0x00,0x00,0x00,0x00,0x00,0x00,0x00,0x00,0x00,0x00,0x00,0x00,0x00,0x00,
    0x00,0x00,0x36,0xDB,0x6D,0x80,0x03,0x6D,0xB6,0xC0,0x01,0xB6,0xDB,0x6C,0x00,0x00,
    0x00,0x00,0x36,0xDB,0x6D,0x80,0x03,0x6D,0xB6,0xC0,0x01,0xB6,0xDB,0x6C,0x00,0x00,
    0x00,0x00,0x00,0x00,0x00,0x00,0x00,0x00,0x00,0x00,0x00,0x00,0x00,0x00,0x00,0x00,
    0x00,0x01,0x80,0x00,0x00,0x00,0x00,0x0D,0xB0,0x00,0x00,0x00,0x00,0x0D,0x80,0x00,
    0x00,0x01,0x80,0x00,0x00,0x00,0x00,0x0D,0xB0,0x00,0x00,0x00,0x00,0x0D,0x80,0x00,
    0x00,0x00,0x00,0x00,0x00,0x00,0x00,0x00,0x00,0x00,0x00,0x00,0x00,0x00,0x00,0x00,
    0x00,0x00,0x36,0xDB,0x60,0x00,0x00,0x00,0x00,0x00,0x00,0x06,0xDB,0x6C,0x00,0x00,
    0x00,0x00,0x36,0xDB,0x60,0x00,0x00,0x00,0x00,0x00,0x00,0x06,0xDB,0x6C,0x00,0x00,
    0x00,0x00,0x00,0x00,0x00,0x00,0x00,0x00,0x00,0x00,0x00,0x00,0x00,0x00,0x00,0x00,
    0x00,0x00,0x36,0xDB,0x6D,0xB6,0x00,0x00,0x00,0x03,0x6D,0xB6,0xDB,0x60,0x00,0x00,
    0x00,0x00,0x36,0xDB,0x6D,0xB6,0x00,0x00,0x00,0x03,0x6D,0xB6,0xDB,0x60,0x00,0x00,
    0x00,0x00,0x00,0x00,0x00,0x00,0x00,0x00,0x00,0x00,0x00,0x00,0x00,0x00,0x00,0x00,
    0x00,0x00,0x06,0xDB,0x6D,0xB6,0xDB,0x6D,0xB6,0xDB,0x6D,0xB6,0xDB,0x60,0x00,0x00,
    0x00,0x00,0x06,0xDB,0x6D,0xB6,0xDB,0x6D,0xB6,0xDB,0x6D,0xB6,0xDB,0x60,0x00,0x00,
    0x00,0x00,0x00,0x00,0x00,0x00,0x00,0x00,0x00,0x00,0x00,0x00,0x00,0x00,0x00,0x00,
    0x00,0x00,0x00,0xDB,0x6D,0xB6,0xDB,0x6D,0xB6,0xDB,0x6D,0xB6,0xDB,0x00,0x00,0x00,
    0x00,0x00,0x00,0xDB,0x6D,0xB6,0xDB,0x6D,0xB6,0xDB,0x6D,0xB6,0xDB,0x00,0x00,0x00,
    0x00,0x00,0x00,0x00,0x00,0x00,0x00,0x00,0x00,0x00,0x00,0x00,0x00,0x00,0x00,0x00,
    0x00,0x00,0x00,0x1B,0x6D,0xB6,0xDB,0x6D,0xB6,0xDB,0x6D,0xB6,0xD8,0x00,0x00,0x00,
    0x00,0x00,0x00,0x1B,0x6D,0xB6,0xDB,0x6D,0xB6,0xDB,0x6D,0xB6,0xD8,0x00,0x00,0x00,
    0x00,0x00,0x00,0x00,0x00,0x00,0x00,0x00,0x00,0x00,0x00,0x00,0x00,0x00,0x00,0x00,
    0x00,0x00,0x00,0x03,0x6D,0xB6,0xDB,0x6D,0xB6,0xDB,0x6D,0xB6,0x00,0x00,0x00,0x00,
    0x00,0x00,0x00,0x03,0x6D,0xB6,0xDB,0x6D,0xB6,0xDB,0x6D,0xB6,0x00,0x00,0x00,0x00,
    0x00,0x00,0x00,0x00,0x00,0x00,0x00,0x00,0x00,0x00,0x00,0x00,0x00,0x00,0x00,0x00,
    0x00,0x00,0x00,0x00,0x0D,0xB6,0xDB,0x6D,0xB6,0xDB,0x6D,0xB0,0x00,0x00,0x00,0x00,
    0x00,0x00,0x00,0x00,0x0D,0xB6,0xDB,0x6D,0xB6,0xDB,0x6D,0xB0,0x00,0x00,0x00,0x00,
    0x00,0x00,0x00,0x00,0x00,0x00,0x00,0x00,0x00,0x00,0x00,0x00,0x00,0x00,0x00,0x00,
    0x00,0x00,0x00,0x00,0x01,0xB6,0xDB,0x6D,0xB6,0xDB,0x6C,0x00,0x00,0x00,0x00,0x00,
    0x00,0x00,0x00,0x00,0x01,0xB6,0xDB,0x6D,0xB6,0xDB,0x6C,0x00,0x00,0x00,0x00,0x00,
    0x00,0x00,0x00,0x00,0x00,0x00,0x00,0x00,0x00,0x00,0x00,0x00,0x00,0x00,0x00,0x00,
    0x00,0x00,0x00,0x00,0x00,0x00,0xDB,0x6D,0xB6,0xDB,0x00,0x00,0x00,0x00,0x00,0x00,
    0x00,0x00,0x00,0x00,0x00,0x00,0xDB,0x6D,0xB6,0xDB,0x00,0x00,0x00,0x00,0x00,0x00,
    0x00,0x00,0x00,0x00,0x00,0x00,0x00,0x00,0x00,0x00,0x00,0x00,0x00,0x00,0x00,0x00,
    0x00,0x00,0x00,0x00,0x00,0x00,0x00,0x00,0x00,0x00,0x00,0x00,0x00,0x00,0x00,0x00,
    0x00,0x00,0x00,0x00,0x00,0x00,0x00,0x00,0x00,0x00,0x00,0x00,0x00,0x00,0x00,0x00,
    0x00,0x00,0x00,0x00,0x00,0x00,0x00,0x00,0x00,0x00,0x00,0x00,0x00,0x00,0x00,0x00,
    0x00,0x00,0x00,0x00,0x00,0x00,0x00,0x00,0x00,0x00,0x00,0x00,0x00,0x00,0x00,0x00,
    0x00,0x00,0x00,0x00,0x00,0x00,0x00,0x00,0x00,0x00,0x00,0x00,0x00,0x00,0x00,0x00,
    0x00,0x00,0x00,0x00,0x00,0x00,0x00,0x00,0x00,0x00,0x00,0x00,0x00,0x00,0x00,0x00,
  },
  {  // 30: V2_TH_DH
    0x00,0x00,0x00,0x00,0x00,0x00,0x00,0x00,0x00,0x00,0x00,0x00,0x00,0x00,0x00,0x00,
    0x00,0x00,0x00,0x00,0x00,0x00,0xC0,0x00,0x00,0x03,0x00,0x00,0x00,0x00,0x00,0x00,
    0x00,0x00,0x00,0x00,0x00,0x00,0xC0,0x00,0x00,0x03,0x00,0x00,0x00,0x00,0x00,0x00,
    0x00,0x00,0x00,0x00,0x00,0x00,0x00,0x00,0x00,0x00,0x00,0x00,0x00,0x00,0x00,0x00,
    0x00,0x00,0x00,0x00,0x00,0x06,0xDB,0x00,0x00,0xDB,0x60,0x00,0x00,0x00,0x00,0x00,
    0x00,0x00,0x00,0x00,0x00,0x06,0xDB,0x00,0x00,0xDB,0x60,0x00,0x00,0x00,0x00,0x00,
    0x00,0x00,0x00,0x00,0x00,0x00,0x00,0x00,0x00,0x00,0x00,0x00,0x00,0x00,0x00,0x00,
    0x00,0x00,0x00,0x00,0x00,0x36,0xDB,0x60,0x06,0xDB,0x6C,0x00,0x00,0x00,0x00,0x00,
    0x00,0x00,0x00,0x00,0x00,0x36,0xDB,0x60,0x06,0xDB,0x6C,0x00,0x00,0x00,0x00,0x00,
    0x00,0x00,0x00,0x00,0x00,0x00,0x00,0x00,0x00,0x00,0x00,0x00,0x00,0x00,0x00,0x00,
    0x00,0x00,0x00,0x00,0x01,0xB6,0xDB,0x6D,0xB6,0xDB,0x6D,0x80,0x00,0x00,0x00,0x00,
    0x00,0x00,0x00,0x00,0x01,0xB6,0xDB,0x6D,0xB6,0xDB,0x6D,0x80,0x00,0x00,0x00,0x00,
    0x00,0x00,0x00,0x00,0x00,0x00,0x00,0x00,0x00,0x00,0x00,0x00,0x00,0x00,0x00,0x00,
    0x00,0x00,0x00,0x00,0x0D,0xB6,0xDB,0x6D,0xB6,0xDB,0x6D,0xB0,0x00,0x00,0x00,0x00,
    0x00,0x00,0x00,0x00,0x0D,0xB6,0xDB,0x6D,0xB6,0xDB,0x6D,0xB0,0x00,0x00,0x00,0x00,
    0x00,0x00,0x00,0x00,0x00,0x00,0x00,0x00,0x00,0x00,0x00,0x00,0x00,0x00,0x00,0x00,
    0x00,0x00,0x00,0x00,0x6D,0xB6,0xDB,0x6D,0xB6,0xDB,0x6D,0xB6,0x00,0x00,0x00,0x00,
    0x00,0x00,0x00,0x00,0x6D,0xB6,0xDB,0x6D,0xB6,0xDB,0x6D,0xB6,0x00,0x00,0x00,0x00,
    0x00,0x00,0x00,0x00,0x00,0x00,0x00,0x00,0x00,0x00,0x00,0x00,0x00,0x00,0x00,0x00,
    0x00,0x00,0x00,0x03,0x6D,0xB6,0xDB,0x6D,0xB6,0xDB,0x6D,0xB6,0xC0,0x00,0x00,0x00,
    0x00,0x00,0x00,0x03,0x6D,0xB6,0xDB,0x6D,0xB6,0xDB,0x6D,0xB6,0xC0,0x00,0x00,0x00,
    0x00,0x00,0x00,0x00,0x00,0x00,0x00,0x00,0x00,0x00,0x00,0x00,0x00,0x00,0x00,0x00,
    0x00,0x00,0x00,0xDB,0x6D,0xB6,0xDB,0x6D,0xB6,0xDB,0x6D,0xB6,0xDB,0x00,0x00,0x00,
    0x00,0x00,0x00,0xDB,0x6D,0xB6,0xDB,0x6D,0xB6,0xDB,0x6D,0xB6,0xDB,0x00,0x00,0x00,
    0x00,0x00,0x00,0x00,0x00,0x00,0x00,0x00,0x00,0x00,0x00,0x00,0x00,0x00,0x00,0x00,
    0x00,0x00,0x36,0xC0,0x00,0x00,0x00,0x6D,0xB6,0x00,0x00,0x00,0x03,0x6C,0x00,0x00,
    0x00,0x00,0x36,0xC0,0x00,0x00,0x00,0x6D,0xB6,0x00,0x00,0x00,0x03,0x6C,0x00,0x00,
    0x00,0x00,0x00,0x00,0x00,0x00,0x00,0x00,0x00,0x00,0x00,0x00,0x00,0x00,0x00,0x00,
    0x00,0x01,0x80,0x00,0x00,0x00,0x00,0x0D,0xB0,0x00,0x00,0x00,0x00,0x01,0x80,0x00,
    0x00,0x01,0x80,0x00,0x00,0x00,0x00,0x0D,0xB0,0x00,0x00,0x00,0x00,0x01,0x80,0x00,
    0x00,0x00,0x00,0x00,0x00,0x00,0x00,0x00,0x00,0x00,0x00,0x00,0x00,0x00,0x00,0x00,
    0x00,0x00,0x36,0xC0,0x00,0x00,0x00,0x00,0x00,0x00,0x00,0x00,0x03,0x6C,0x00,0x00,
    0x00,0x00,0x36,0xC0,0x00,0x00,0x00,0x00,0x00,0x00,0x00,0x00,0x03,0x6C,0x00,0x00,
    0x00,0x00,0x00,0x00,0x00,0x00,0x00,0x00,0x00,0x00,0x00,0x00,0x00,0x00,0x00,0x00,
    0x00,0x00,0x36,0xDB,0x6C,0x00,0x00,0x00,0x00,0x00,0x00,0x36,0xDB,0x6C,0x00,0x00,
    0x00,0x00,0x36,0xDB,0x6C,0x00,0x00,0x00,0x00,0x00,0x00,0x36,0xDB,0x6C,0x00,0x00,
    0x00,0x00,0x00,0x00,0x00,0x00,0x00,0x00,0x00,0x00,0x00,0x00,0x00,0x00,0x00,0x00,
    0x00,0x00,0x06,0xDB,0x6D,0xB6,0x00,0x00,0x00,0x00,0x6D,0xB6,0xDB,0x60,0x00,0x00,
    0x00,0x00,0x06,0xDB,0x6D,0xB6,0x00,0x00,0x00,0x00,0x6D,0xB6,0xDB,0x60,0x00,0x00,
    0x00,0x00,0x00,0x00,0x00,0x00,0x00,0x00,0x00,0x00,0x00,0x00,0x00,0x00,0x00,0x00,
    0x00,0x00,0x00,0xDB,0x6D,0xB6,0xDB,0x60,0x06,0xDB,0x6D,0xB6,0xDB,0x00,0x00,0x00,
    0x00,0x00,0x00,0xDB,0x6D,0xB6,0xDB,0x60,0x06,0xDB,0x6D,0xB6,0xDB,0x00,0x00,0x00,
    0x00,0x00,0x00,0x00,0x00,0x00,0x00,0x00,0x00,0x00,0x00,0x00,0x00,0x00,0x00,0x00,
    0x00,0x00,0x00,0x1B,0x6D,0xB6,0xDB,0x6D,0xB6,0xDB,0x6D,0xB6,0xD8,0x00,0x00,0x00,
    0x00,0x00,0x00,0x1B,0x6D,0xB6,0xDB,0x6D,0xB6,0xDB,0x6D,0xB6,0xD8,0x00,0x00,0x00,
    0x00,0x00,0x00,0x00,0x00,0x00,0x00,0x00,0x00,0x00,0x00,0x00,0x00,0x00,0x00,0x00,
    0x00,0x00,0x00,0x03,0x6D,0xB6,0xDB,0x6D,0xB6,0xDB,0x6D,0xB6,0xC0,0x00,0x00,0x00,
    0x00,0x00,0x00,0x03,0x6D,0xB6,0xDB,0x6D,0xB6,0xDB,0x6D,0xB6,0xC0,0x00,0x00,0x00,
    0x00,0x00,0x00,0x00,0x00,0x00,0x00,0x00,0x00,0x00,0x00,0x00,0x00,0x00,0x00,0x00,
    0x00,0x00,0x00,0x00,0x6D,0xB6,0xDB,0x6D,0xB6,0xDB,0x6D,0xB6,0x00,0x00,0x00,0x00,
    0x00,0x00,0x00,0x00,0x6D,0xB6,0xDB,0x6D,0xB6,0xDB,0x6D,0xB6,0x00,0x00,0x00,0x00,
    0x00,0x00,0x00,0x00,0x00,0x00,0x00,0x00,0x00,0x00,0x00,0x00,0x00,0x00,0x00,0x00,
    0x00,0x00,0x00,0x00,0x0D,0xB6,0xDB,0x6D,0xB6,0xDB,0x6D,0xB0,0x00,0x00,0x00,0x00,
    0x00,0x00,0x00,0x00,0x0D,0xB6,0xDB,0x6D,0xB6,0xDB,0x6D,0xB0,0x00,0x00,0x00,0x00,
    0x00,0x00,0x00,0x00,0x00,0x00,0x00,0x00,0x00,0x00,0x00,0x00,0x00,0x00,0x00,0x00,
    0x00,0x00,0x00,0x00,0x01,0xB6,0xDB,0x6D,0xB6,0xDB,0x6D,0x80,0x00,0x00,0x00,0x00,
    0x00,0x00,0x00,0x00,0x01,0xB6,0xDB,0x6D,0xB6,0xDB,0x6D,0x80,0x00,0x00,0x00,0x00,
    0x00,0x00,0x00,0x00,0x00,0x00,0x00,0x00,0x00,0x00,0x00,0x00,0x00,0x00,0x00,0x00,
    0x00,0x00,0x00,0x00,0x00,0x06,0xDB,0x6D,0xB6,0xDB,0x60,0x00,0x00,0x00,0x00,0x00,
    0x00,0x00,0x00,0x00,0x00,0x06,0xDB,0x6D,0xB6,0xDB,0x60,0x00,0x00,0x00,0x00,0x00,
    0x00,0x00,0x00,0x00,0x00,0x00,0x00,0x00,0x00,0x00,0x00,0x00,0x00,0x00,0x00,0x00,
    0x00,0x00,0x00,0x00,0x00,0x00,0x00,0x6D,0xB6,0x00,0x00,0x00,0x00,0x00,0x00,0x00,
    0x00,0x00,0x00,0x00,0x00,0x00,0x00,0x6D,0xB6,0x00,0x00,0x00,0x00,0x00,0x00,0x00,
    0x00,0x00,0x00,0x00,0x00,0x00,0x00,0x00,0x00,0x00,0x00,0x00,0x00,0x00,0x00,0x00,
  },
  {  // 31: V2_SOFT
    0x00,0x00,0x00,0x00,0x00,0x00,0x00,0x00,0x00,0x00,0x00,0x00,0x00,0x00,0x00,0x00,
    0x00,0x00,0x00,0x00,0x00,0x00,0xC0,0x00,0x00,0x03,0x00,0x00,0x00,0x00,0x00,0x00,
    0x00,0x00,0x00,0x00,0x00,0x00,0xC0,0x00,0x00,0x03,0x00,0x00,0x00,0x00,0x00,0x00,
    0x00,0x00,0x00,0x00,0x00,0x00,0x00,0x00,0x00,0x00,0x00,0x00,0x00,0x00,0x00,0x00,
    0x00,0x00,0x00,0x00,0x00,0x06,0xDB,0x00,0x00,0xDB,0x60,0x00,0x00,0x00,0x00,0x00,
    0x00,0x00,0x00,0x00,0x00,0x06,0xDB,0x00,0x00,0xDB,0x60,0x00,0x00,0x00,0x00,0x00,
    0x00,0x00,0x00,0x00,0x00,0x00,0x00,0x00,0x00,0x00,0x00,0x00,0x00,0x00,0x00,0x00,
    0x00,0x00,0x00,0x00,0x00,0x36,0xDB,0x60,0x06,0xDB,0x6C,0x00,0x00,0x00,0x00,0x00,
    0x00,0x00,0x00,0x00,0x00,0x36,0xDB,0x60,0x06,0xDB,0x6C,0x00,0x00,0x00,0x00,0x00,
    0x00,0x00,0x00,0x00,0x00,0x00,0x00,0x00,0x00,0x00,0x00,0x00,0x00,0x00,0x00,0x00,
    0x00,0x00,0x00,0x00,0x01,0xB6,0xDB,0x6D,0xB6,0xDB,0x6D,0x80,0x00,0x00,0x00,0x00,
    0x00,0x00,0x00,0x00,0x01,0xB6,0xDB,0x6D,0xB6,0xDB,0x6D,0x80,0x00,0x00,0x00,0x00,
    0x00,0x00,0x00,0x00,0x00,0x00,0x00,0x00,0x00,0x00,0x00,0x00,0x00,0x00,0x00,0x00,
    0x00,0x00,0x00,0x00,0x0D,0xB6,0xDB,0x6D,0xB6,0xDB,0x6D,0xB0,0x00,0x00,0x00,0x00,
    0x00,0x00,0x00,0x00,0x0D,0xB6,0xDB,0x6D,0xB6,0xDB,0x6D,0xB0,0x00,0x00,0x00,0x00,
    0x00,0x00,0x00,0x00,0x00,0x00,0x00,0x00,0x00,0x00,0x00,0x00,0x00,0x00,0x00,0x00,
    0x00,0x00,0x00,0x00,0x6D,0xB6,0xDB,0x6D,0xB6,0xDB,0x6D,0xB6,0x00,0x00,0x00,0x00,
    0x00,0x00,0x00,0x00,0x6D,0xB6,0xDB,0x6D,0xB6,0xDB,0x6D,0xB6,0x00,0x00,0x00,0x00,
    0x00,0x00,0x00,0x00,0x00,0x00,0x00,0x00,0x00,0x00,0x00,0x00,0x00,0x00,0x00,0x00,
    0x00,0x00,0x00,0x03,0x6D,0xB6,0xDB,0x6D,0xB6,0xDB,0x6D,0xB6,0xC0,0x00,0x00,0x00,
    0x00,0x00,0x00,0x03,0x6D,0xB6,0xDB,0x6D,0xB6,0xDB,0x6D,0xB6,0xC0,0x00,0x00,0x00,
    0x00,0x00,0x00,0x00,0x00,0x00,0x00,0x00,0x00,0x00,0x00,0x00,0x00,0x00,0x00,0x00,
    0x00,0x00,0x00,0xDB,0x6D,0xB6,0xDB,0x6D,0xB6,0xDB,0x6D,0xB6,0xDB,0x00,0x00,0x00,
    0x00,0x00,0x00,0xDB,0x6D,0xB6,0xDB,0x6D,0xB6,0xDB,0x6D,0xB6,0xDB,0x00,0x00,0x00,
    0x00,0x00,0x00,0x00,0x00,0x00,0x00,0x00,0x00,0x00,0x00,0x00,0x00,0x00,0x00,0x00,
    0x00,0x00,0x36,0xC0,0x00,0x00,0x00,0x6D,0xB6,0x00,0x00,0x00,0x03,0x6C,0x00,0x00,
    0x00,0x00,0x36,0xC0,0x00,0x00,0x00,0x6D,0xB6,0x00,0x00,0x00,0x03,0x6C,0x00,0x00,
    0x00,0x00,0x00,0x00,0x00,0x00,0x00,0x00,0x00,0x00,0x00,0x00,0x00,0x00,0x00,0x00,
    0x00,0x00,0x30,0x00,0x00,0x00,0x00,0x0D,0xB0,0x00,0x00,0x00,0x00,0x0C,0x00,0x00,
    0x00,0x00,0x30,0x00,0x00,0x00,0x00,0x0D,0xB0,0x00,0x00,0x00,0x00,0x0C,0x00,0x00,
    0x00,0x00,0x00,0x00,0x00,0x00,0x00,0x00,0x00,0x00,0x00,0x00,0x00,0x00,0x00,0x00,
    0x00,0x00,0x36,0xD8,0x00,0x00,0x00,0x00,0x00,0x00,0x00,0x00,0x1B,0x6C,0x00,0x00,
    0x00,0x00,0x36,0xD8,0x00,0x00,0x00,0x00,0x00,0x00,0x00,0x00,0x1B,0x6C,0x00,0x00,
    0x00,0x00,0x00,0x00,0x00,0x00,0x00,0x00,0x00,0x00,0x00,0x00,0x00,0x00,0x00,0x00,
    0x00,0x00,0x06,0xDB,0x6C,0x00,0x00,0x00,0x00,0x00,0x00,0x36,0xDB,0x60,0x00,0x00,
    0x00,0x00,0x06,0xDB,0x6C,0x00,0x00,0x00,0x00,0x00,0x00,0x36,0xDB,0x60,0x00,0x00,
    0x00,0x00,0x00,0x00,0x00,0x00,0x00,0x00,0x00,0x00,0x00,0x00,0x00,0x00,0x00,0x00,
    0x00,0x00,0x06,0xDB,0x6D,0xB6,0x00,0x00,0x00,0x00,0x6D,0xB6,0xDB,0x60,0x00,0x00,
    0x00,0x00,0x06,0xDB,0x6D,0xB6,0x00,0x00,0x00,0x00,0x6D,0xB6,0xDB,0x60,0x00,0x00,
    0x00,0x00,0x00,0x00,0x00,0x00,0x00,0x00,0x00,0x00,0x00,0x00,0x00,0x00,0x00,0x00,
    0x00,0x00,0x00,0xDB,0x6D,0xB6,0xDB,0x60,0x06,0xDB,0x6D,0xB6,0xDB,0x00,0x00,0x00,
    0x00,0x00,0x00,0xDB,0x6D,0xB6,0xDB,0x60,0x06,0xDB,0x6D,0xB6,0xDB,0x00,0x00,0x00,
    0x00,0x00,0x00,0x00,0x00,0x00,0x00,0x00,0x00,0x00,0x00,0x00,0x00,0x00,0x00,0x00,
    0x00,0x00,0x00,0x1B,0x6D,0xB6,0xDB,0x6D,0xB6,0xDB,0x6D,0xB6,0xD8,0x00,0x00,0x00,
    0x00,0x00,0x00,0x1B,0x6D,0xB6,0xDB,0x6D,0xB6,0xDB,0x6D,0xB6,0xD8,0x00,0x00,0x00,
    0x00,0x00,0x00,0x00,0x00,0x00,0x00,0x00,0x00,0x00,0x00,0x00,0x00,0x00,0x00,0x00,
    0x00,0x00,0x00,0x03,0x6D,0xB6,0xDB,0x6D,0xB6,0xDB,0x6D,0xB6,0xC0,0x00,0x00,0x00,
    0x00,0x00,0x00,0x03,0x6D,0xB6,0xDB,0x6D,0xB6,0xDB,0x6D,0xB6,0xC0,0x00,0x00,0x00,
    0x00,0x00,0x00,0x00,0x00,0x00,0x00,0x00,0x00,0x00,0x00,0x00,0x00,0x00,0x00,0x00,
    0x00,0x00,0x00,0x00,0x6D,0xB6,0xDB,0x6D,0xB6,0xDB,0x6D,0xB6,0x00,0x00,0x00,0x00,
    0x00,0x00,0x00,0x00,0x6D,0xB6,0xDB,0x6D,0xB6,0xDB,0x6D,0xB6,0x00,0x00,0x00,0x00,
    0x00,0x00,0x00,0x00,0x00,0x00,0x00,0x00,0x00,0x00,0x00,0x00,0x00,0x00,0x00,0x00,
    0x00,0x00,0x00,0x00,0x0D,0xB6,0xDB,0x6D,0xB6,0xDB,0x6D,0xB0,0x00,0x00,0x00,0x00,
    0x00,0x00,0x00,0x00,0x0D,0xB6,0xDB,0x6D,0xB6,0xDB,0x6D,0xB0,0x00,0x00,0x00,0x00,
    0x00,0x00,0x00,0x00,0x00,0x00,0x00,0x00,0x00,0x00,0x00,0x00,0x00,0x00,0x00,0x00,
    0x00,0x00,0x00,0x00,0x00,0x36,0xDB,0x6D,0xB6,0xDB,0x6C,0x00,0x00,0x00,0x00,0x00,
    0x00,0x00,0x00,0x00,0x00,0x36,0xDB,0x6D,0xB6,0xDB,0x6C,0x00,0x00,0x00,0x00,0x00,
    0x00,0x00,0x00,0x00,0x00,0x00,0x00,0x00,0x00,0x00,0x00,0x00,0x00,0x00,0x00,0x00,
    0x00,0x00,0x00,0x00,0x00,0x00,0xDB,0x6D,0xB6,0xDB,0x00,0x00,0x00,0x00,0x00,0x00,
    0x00,0x00,0x00,0x00,0x00,0x00,0xDB,0x6D,0xB6,0xDB,0x00,0x00,0x00,0x00,0x00,0x00,
    0x00,0x00,0x00,0x00,0x00,0x00,0x00,0x00,0x00,0x00,0x00,0x00,0x00,0x00,0x00,0x00,
    0x00,0x00,0x00,0x00,0x00,0x00,0x03,0x6D,0xB6,0xC0,0x00,0x00,0x00,0x00,0x00,0x00,
    0x00,0x00,0x00,0x00,0x00,0x00,0x03,0x6D,0xB6,0xC0,0x00,0x00,0x00,0x00,0x00,0x00,
    0x00,0x00,0x00,0x00,0x00,0x00,0x00,0x00,0x00,0x00,0x00,0x00,0x00,0x00,0x00,0x00,
  },
  {  // 32: V2_WIDE_I
    0x00,0x00,0x00,0x00,0x00,0x00,0x00,0x00,0x00,0x00,0x00,0x00,0x00,0x00,0x00,0x00,
    0x00,0x00,0x00,0x00,0x00,0x00,0x00,0x00,0x00,0x00,0x00,0x00,0x00,0x00,0x00,0x00,
    0x00,0x00,0x00,0x00,0x00,0x00,0x00,0x00,0x00,0x00,0x00,0x00,0x00,0x00,0x00,0x00,
    0x00,0x00,0x00,0x00,0x00,0x00,0x00,0x00,0x00,0x00,0x00,0x00,0x00,0x00,0x00,0x00,
    0x00,0x00,0x00,0x00,0x00,0x00,0x00,0x00,0x00,0x00,0x00,0x00,0x00,0x00,0x00,0x00,
    0x00,0x00,0x00,0x00,0x00,0x00,0x00,0x00,0x00,0x00,0x00,0x00,0x00,0x00,0x00,0x00,
    0x00,0x00,0x00,0x00,0x00,0x00,0x00,0x00,0x00,0x00,0x00,0x00,0x00,0x00,0x00,0x00,
    0x00,0x00,0x00,0x00,0x00,0x36,0xD8,0x00,0x00,0x1B,0x6C,0x00,0x00,0x00,0x00,0x00,
    0x00,0x00,0x00,0x00,0x00,0x36,0xD8,0x00,0x00,0x1B,0x6C,0x00,0x00,0x00,0x00,0x00,
    0x00,0x00,0x00,0x00,0x00,0x00,0x00,0x00,0x00,0x00,0x00,0x00,0x00,0x00,0x00,0x00,
    0x00,0x00,0x00,0x00,0x0D,0xB6,0xDB,0x60,0x06,0xDB,0x6D,0xB0,0x00,0x00,0x00,0x00,
    0x00,0x00,0x00,0x00,0x0D,0xB6,0xDB,0x60,0x06,0xDB,0x6D,0xB0,0x00,0x00,0x00,0x00,
    0x00,0x00,0x00,0x00,0x00,0x00,0x00,0x00,0x00,0x00,0x00,0x00,0x00,0x00,0x00,0x00,
    0x00,0x00,0x00,0x00,0x6D,0xB6,0xDB,0x6D,0xB6,0xDB,0x6D,0xB6,0x00,0x00,0x00,0x00,
    0x00,0x00,0x00,0x00,0x6D,0xB6,0xDB,0x6D,0xB6,0xDB,0x6D,0xB6,0x00,0x00,0x00,0x00,
    0x00,0x00,0x00,0x00,0x00,0x00,0x00,0x00,0x00,0x00,0x00,0x00,0x00,0x00,0x00,0x00,
    0x00,0x00,0x00,0x1B,0x6D,0xB6,0xDB,0x6D,0xB6,0xDB,0x6D,0xB6,0xD8,0x00,0x00,0x00,
    0x00,0x00,0x00,0x1B,0x6D,0xB6,0xDB,0x6D,0xB6,0xDB,0x6D,0xB6,0xD8,0x00,0x00,0x00,
    0x00,0x00,0x00,0x00,0x00,0x00,0x00,0x00,0x00,0x00,0x00,0x00,0x00,0x00,0x00,0x00,
    0x00,0x00,0x00,0xDB,0x6D,0xB6,0xDB,0x6D,0xB6,0xDB,0x6D,0xB6,0xDB,0x00,0x00,0x00,
    0x00,0x00,0x00,0xDB,0x6D,0xB6,0xDB,0x6D,0xB6,0xDB,0x6D,0xB6,0xDB,0x00,0x00,0x00,
    0x00,0x00,0x00,0x00,0x00,0x00,0x00,0x00,0x00,0x00,0x00,0x00,0x00,0x00,0x00,0x00,
    0x00,0x01,0xB6,0xDB,0x6D,0xB0,0x1B,0x6D,0xB6,0xD8,0x0D,0xB6,0xDB,0x6D,0x80,0x00,
    0x00,0x01,0xB6,0xDB,0x6D,0xB0,0x1B,0x6D,0xB6,0xD8,0x0D,0xB6,0xDB,0x6D,0x80,0x00,
    0x00,0x00,0x00,0x00,0x00,0x00,0x00,0x00,0x00,0x00,0x00,0x00,0x00,0x00,0x00,0x00,
    0x00,0x60,0x00,0x00,0x00,0x00,0x00,0x00,0x00,0x00,0x00,0x00,0x00,0x00,0x06,0x00,
    0x00,0x60,0x00,0x00,0x00,0x00,0x00,0x00,0x00,0x00,0x00,0x00,0x00,0x00,0x06,0x00,
    0x00,0x00,0x00,0x00,0x00,0x00,0x00,0x00,0x00,0x00,0x00,0x00,0x00,0x00,0x00,0x00,
    0x03,0x60,0x00,0x00,0x00,0x00,0x00,0x00,0x00,0x00,0x00,0x00,0x00,0x00,0x06,0xD8,
    0x03,0x60,0x00,0x00,0x00,0x00,0x00,0x00,0x00,0x00,0x00,0x00,0x00,0x00,0x06,0xD8,
    0x00,0x00,0x00,0x00,0x00,0x00,0x00,0x00,0x00,0x00,0x00,0x00,0x00,0x00,0x00,0x00,
    0x00,0x6D,0xB0,0x00,0x00,0x00,0x00,0x00,0x00,0x00,0x00,0x00,0x00,0x0D,0xB6,0x00,
    0x00,0x6D,0xB0,0x00,0x00,0x00,0x00,0x00,0x00,0x00,0x00,0x00,0x00,0x0D,0xB6,0x00,
    0x00,0x00,0x00,0x00,0x00,0x00,0x00,0x00,0x00,0x00,0x00,0x00,0x00,0x00,0x00,0x00,
    0x00,0x0D,0xB6,0xDB,0x00,0x00,0x00,0x00,0x00,0x00,0x00,0x00,0xDB,0x6D,0xB0,0x00,
    0x00,0x0D,0xB6,0xDB,0x00,0x00,0x00,0x00,0x00,0x00,0x00,0x00,0xDB,0x6D,0xB0,0x00,
    0x00,0x00,0x00,0x00,0x00,0x00,0x00,0x00,0x00,0x00,0x00,0x00,0x00,0x00,0x00,0x00,
    0x00,0x01,0xB6,0xDB,0x6D,0xB0,0x00,0x00,0x00,0x00,0x0D,0xB6,0xDB,0x6D,0x80,0x00,
    0x00,0x01,0xB6,0xDB,0x6D,0xB0,0x00,0x00,0x00,0x00,0x0D,0xB6,0xDB,0x6D,0x80,0x00,
    0x00,0x00,0x00,0x00,0x00,0x00,0x00,0x00,0x00,0x00,0x00,0x00,0x00,0x00,0x00,0x00,
    0x00,0x00,0x36,0xDB,0x6D,0xB6,0xDB,0x00,0x00,0xDB,0x6D,0xB6,0xDB,0x6C,0x00,0x00,
    0x00,0x00,0x36,0xDB,0x6D,0xB6,0xDB,0x00,0x00,0xDB,0x6D,0xB6,0xDB,0x6C,0x00,0x00,
    0x00,0x00,0x00,0x00,0x00,0x00,0x00,0x00,0x00,0x00,0x00,0x00,0x00,0x00,0x00,0x00,
    0x00,0x00,0x00,0xDB,0x6D,0xB6,0xDB,0x6D,0xB6,0xDB,0x6D,0xB6,0xDB,0x00,0x00,0x00,
    0x00,0x00,0x00,0xDB,0x6D,0xB6,0xDB,0x6D,0xB6,0xDB,0x6D,0xB6,0xDB,0x00,0x00,0x00,
    0x00,0x00,0x00,0x00,0x00,0x00,0x00,0x00,0x00,0x00,0x00,0x00,0x00,0x00,0x00,0x00,
    0x00,0x00,0x00,0x1B,0x6D,0xB6,0xDB,0x6D,0xB6,0xDB,0x6D,0xB6,0xD8,0x00,0x00,0x00,
    0x00,0x00,0x00,0x1B,0x6D,0xB6,0xDB,0x6D,0xB6,0xDB,0x6D,0xB6,0xD8,0x00,0x00,0x00,
    0x00,0x00,0x00,0x00,0x00,0x00,0x00,0x00,0x00,0x00,0x00,0x00,0x00,0x00,0x00,0x00,
    0x00,0x00,0x00,0x03,0x6D,0xB6,0xDB,0x6D,0xB6,0xDB,0x6D,0xB6,0xC0,0x00,0x00,0x00,
    0x00,0x00,0x00,0x03,0x6D,0xB6,0xDB,0x6D,0xB6,0xDB,0x6D,0xB6,0xC0,0x00,0x00,0x00,
    0x00,0x00,0x00,0x00,0x00,0x00,0x00,0x00,0x00,0x00,0x00,0x00,0x00,0x00,0x00,0x00,
    0x00,0x00,0x00,0x00,0x01,0xB6,0xDB,0x6D,0xB6,0xDB,0x6D,0x80,0x00,0x00,0x00,0x00,
    0x00,0x00,0x00,0x00,0x01,0xB6,0xDB,0x6D,0xB6,0xDB,0x6D,0x80,0x00,0x00,0x00,0x00,
    0x00,0x00,0x00,0x00,0x00,0x00,0x00,0x00,0x00,0x00,0x00,0x00,0x00,0x00,0x00,0x00,
    0x00,0x00,0x00,0x00,0x00,0x06,0xDB,0x6D,0xB6,0xDB,0x60,0x00,0x00,0x00,0x00,0x00,
    0x00,0x00,0x00,0x00,0x00,0x06,0xDB,0x6D,0xB6,0xDB,0x60,0x00,0x00,0x00,0x00,0x00,
    0x00,0x00,0x00,0x00,0x00,0x00,0x00,0x00,0x00,0x00,0x00,0x00,0x00,0x00,0x00,0x00,
    0x00,0x00,0x00,0x00,0x00,0x00,0x00,0x00,0x00,0x00,0x00,0x00,0x00,0x00,0x00,0x00,
    0x00,0x00,0x00,0x00,0x00,0x00,0x00,0x00,0x00,0x00,0x00,0x00,0x00,0x00,0x00,0x00,
    0x00,0x00,0x00,0x00,0x00,0x00,0x00,0x00,0x00,0x00,0x00,0x00,0x00,0x00,0x00,0x00,
    0x00,0x00,0x00,0x00,0x00,0x00,0x00,0x00,0x00,0x00,0x00,0x00,0x00,0x00,0x00,0x00,
    0x00,0x00,0x00,0x00,0x00,0x00,0x00,0x00,0x00,0x00,0x00,0x00,0x00,0x00,0x00,0x00,
    0x00,0x00,0x00,0x00,0x00,0x00,0x00,0x00,0x00,0x00,0x00,0x00,0x00,0x00,0x00,0x00,
  },
  {  // 33: V2_MID_E
    0x00,0x00,0x00,0x00,0x00,0x00,0x00,0x00,0x00,0x00,0x00,0x00,0x00,0x00,0x00,0x00,
    0x00,0x00,0x00,0x00,0x00,0x00,0x00,0x00,0x00,0x00,0x00,0x00,0x00,0x00,0x00,0x00,
    0x00,0x00,0x00,0x00,0x00,0x00,0x00,0x00,0x00,0x00,0x00,0x00,0x00,0x00,0x00,0x00,
    0x00,0x00,0x00,0x00,0x00,0x00,0x00,0x00,0x00,0x00,0x00,0x00,0x00,0x00,0x00,0x00,
    0x00,0x00,0x00,0x00,0x00,0x36,0xD8,0x00,0x00,0x1B,0x6C,0x00,0x00,0x00,0x00,0x00,
    0x00,0x00,0x00,0x00,0x00,0x36,0xD8,0x00,0x00,0x1B,0x6C,0x00,0x00,0x00,0x00,0x00,
    0x00,0x00,0x00,0x00,0x00,0x00,0x00,0x00,0x00,0x00,0x00,0x00,0x00,0x00,0x00,0x00,
    0x00,0x00,0x00,0x00,0x01,0xB6,0xDB,0x60,0x06,0xDB,0x6D,0x80,0x00,0x00,0x00,0x00,
    0x00,0x00,0x00,0x00,0x01,0xB6,0xDB,0x60,0x06,0xDB,0x6D,0x80,0x00,0x00,0x00,0x00,
    0x00,0x00,0x00,0x00,0x00,0x00,0x00,0x00,0x00,0x00,0x00,0x00,0x00,0x00,0x00,0x00,
    0x00,0x00,0x00,0x00,0x0D,0xB6,0xDB,0x6D,0xB6,0xDB,0x6D,0xB0,0x00,0x00,0x00,0x00,
    0x00,0x00,0x00,0x00,0x0D,0xB6,0xDB,0x6D,0xB6,0xDB,0x6D,0xB0,0x00,0x00,0x00,0x00,
    0x00,0x00,0x00,0x00,0x00,0x00,0x00,0x00,0x00,0x00,0x00,0x00,0x00,0x00,0x00,0x00,
    0x00,0x00,0x00,0x00,0x6D,0xB6,0xDB,0x6D,0xB6,0xDB,0x6D,0xB6,0x00,0x00,0x00,0x00,
    0x00,0x00,0x00,0x00,0x6D,0xB6,0xDB,0x6D,0xB6,0xDB,0x6D,0xB6,0x00,0x00,0x00,0x00,
    0x00,0x00,0x00,0x00,0x00,0x00,0x00,0x00,0x00,0x00,0x00,0x00,0x00,0x00,0x00,0x00,
    0x00,0x00,0x00,0x03,0x6D,0xB6,0xDB,0x6D,0xB6,0xDB,0x6D,0xB6,0xC0,0x00,0x00,0x00,
    0x00,0x00,0x00,0x03,0x6D,0xB6,0xDB,0x6D,0xB6,0xDB,0x6D,0xB6,0xC0,0x00,0x00,0x00,
    0x00,0x00,0x00,0x00,0x00,0x00,0x00,0x00,0x00,0x00,0x00,0x00,0x00,0x00,0x00,0x00,
    0x00,0x00,0x00,0xDB,0x6D,0xB6,0xDB,0x6D,0xB6,0xDB,0x6D,0xB6,0xDB,0x00,0x00,0x00,
    0x00,0x00,0x00,0xDB,0x6D,0xB6,0xDB,0x6D,0xB6,0xDB,0x6D,0xB6,0xDB,0x00,0x00,0x00,
    0x00,0x00,0x00,0x00,0x00,0x00,0x00,0x00,0x00,0x00,0x00,0x00,0x00,0x00,0x00,0x00,
    0x00,0x00,0x36,0xC0,0x00,0x00,0x00,0x0D,0xB0,0x00,0x00,0x00,0x03,0x6C,0x00,0x00,
    0x00,0x00,0x36,0xC0,0x00,0x00,0x00,0x0D,0xB0,0x00,0x00,0x00,0x03,0x6C,0x00,0x00,
    0x00,0x00,0x00,0x00,0x00,0x00,0x00,0x00,0x00,0x00,0x00,0x00,0x00,0x00,0x00,0x00,
    0x00,0x0C,0x00,0x00,0x00,0x00,0x00,0x00,0x00,0x00,0x00,0x00,0x00,0x00,0x30,0x00,
    0x00,0x0C,0x00,0x00,0x00,0x00,0x00,0x00,0x00,0x00,0x00,0x00,0x00,0x00,0x30,0x00,
    0x00,0x00,0x00,0x00,0x00,0x00,0x00,0x00,0x00,0x00,0x00,0x00,0x00,0x00,0x00,0x00,
    0x00,0x60,0x00,0x00,0x00,0x00,0x00,0x00,0x00,0x00,0x00,0x00,0x00,0x00,0x06,0x00,
    0x00,0x60,0x00,0x00,0x00,0x00,0x00,0x00,0x00,0x00,0x00,0x00,0x00,0x00,0x06,0x00,
    0x00,0x00,0x00,0x00,0x00,0x00,0x00,0x00,0x00,0x00,0x00,0x00,0x00,0x00,0x00,0x00,
    0x00,0x0D,0x80,0x00,0x00,0x00,0x00,0x00,0x00,0x00,0x00,0x00,0x00,0x01,0xB0,0x00,
    0x00,0x0D,0x80,0x00,0x00,0x00,0x00,0x00,0x00,0x00,0x00,0x00,0x00,0x01,0xB0,0x00,
    0x00,0x00,0x00,0x00,0x00,0x00,0x00,0x00,0x00,0x00,0x00,0x00,0x00,0x00,0x00,0x00,
    0x00,0x01,0xB6,0x00,0x00,0x00,0x00,0x00,0x00,0x00,0x00,0x00,0x00,0x6D,0x80,0x00,
    0x00,0x01,0xB6,0x00,0x00,0x00,0x00,0x00,0x00,0x00,0x00,0x00,0x00,0x6D,0x80,0x00,
    0x00,0x00,0x00,0x00,0x00,0x00,0x00,0x00,0x00,0x00,0x00,0x00,0x00,0x00,0x00,0x00,
    0x00,0x01,0xB6,0xDB,0x00,0x00,0x00,0x00,0x00,0x00,0x00,0x00,0xDB,0x6D,0x80,0x00,
    0x00,0x01,0xB6,0xDB,0x00,0x00,0x00,0x00,0x00,0x00,0x00,0x00,0xDB,0x6D,0x80,0x00,
    0x00,0x00,0x00,0x00,0x00,0x00,0x00,0x00,0x00,0x00,0x00,0x00,0x00,0x00,0x00,0x00,
    0x00,0x00,0x36,0xDB,0x6D,0x80,0x00,0x00,0x00,0x00,0x01,0xB6,0xDB,0x6C,0x00,0x00,
    0x00,0x00,0x36,0xDB,0x6D,0x80,0x00,0x00,0x00,0x00,0x01,0xB6,0xDB,0x6C,0x00,0x00,
    0x00,0x00,0x00,0x00,0x00,0x00,0x00,0x00,0x00,0x00,0x00,0x00,0x00,0x00,0x00,0x00,
    0x00,0x00,0x06,0xDB,0x6D,0xB6,0xC0,0x00,0x00,0x03,0x6D,0xB6,0xDB,0x60,0x00,0x00,
    0x00,0x00,0x06,0xDB,0x6D,0xB6,0xC0,0x00,0x00,0x03,0x6D,0xB6,0xDB,0x60,0x00,0x00,
    0x00,0x00,0x00,0x00,0x00,0x00,0x00,0x00,0x00,0x00,0x00,0x00,0x00,0x00,0x00,0x00,
    0x00,0x00,0x00,0xDB,0x6D,0xB6,0xDB,0x6D,0xB6,0xDB,0x6D,0xB6,0xDB,0x00,0x00,0x00,
    0x00,0x00,0x00,0xDB,0x6D,0xB6,0xDB,0x6D,0xB6,0xDB,0x6D,0xB6,0xDB,0x00,0x00,0x00,
    0x00,0x00,0x00,0x00,0x00,0x00,0x00,0x00,0x00,0x00,0x00,0x00,0x00,0x00,0x00,0x00,
    0x00,0x00,0x00,0x1B,0x6D,0xB6,0xDB,0x6D,0xB6,0xDB,0x6D,0xB6,0xD8,0x00,0x00,0x00,
    0x00,0x00,0x00,0x1B,0x6D,0xB6,0xDB,0x6D,0xB6,0xDB,0x6D,0xB6,0xD8,0x00,0x00,0x00,
    0x00,0x00,0x00,0x00,0x00,0x00,0x00,0x00,0x00,0x00,0x00,0x00,0x00,0x00,0x00,0x00,
    0x00,0x00,0x00,0x03,0x6D,0xB6,0xDB,0x6D,0xB6,0xDB,0x6D,0xB6,0xC0,0x00,0x00,0x00,
    0x00,0x00,0x00,0x03,0x6D,0xB6,0xDB,0x6D,0xB6,0xDB,0x6D,0xB6,0xC0,0x00,0x00,0x00,
    0x00,0x00,0x00,0x00,0x00,0x00,0x00,0x00,0x00,0x00,0x00,0x00,0x00,0x00,0x00,0x00,
    0x00,0x00,0x00,0x00,0x0D,0xB6,0xDB,0x6D,0xB6,0xDB,0x6D,0xB0,0x00,0x00,0x00,0x00,
    0x00,0x00,0x00,0x00,0x0D,0xB6,0xDB,0x6D,0xB6,0xDB,0x6D,0xB0,0x00,0x00,0x00,0x00,
    0x00,0x00,0x00,0x00,0x00,0x00,0x00,0x00,0x00,0x00,0x00,0x00,0x00,0x00,0x00,0x00,
    0x00,0x00,0x00,0x00,0x00,0x36,0xDB,0x6D,0xB6,0xDB,0x6C,0x00,0x00,0x00,0x00,0x00,
    0x00,0x00,0x00,0x00,0x00,0x36,0xDB,0x6D,0xB6,0xDB,0x6C,0x00,0x00,0x00,0x00,0x00,
    0x00,0x00,0x00,0x00,0x00,0x00,0x00,0x00,0x00,0x00,0x00,0x00,0x00,0x00,0x00,0x00,
    0x00,0x00,0x00,0x00,0x00,0x00,0xDB,0x6D,0xB6,0xDB,0x00,0x00,0x00,0x00,0x00,0x00,
    0x00,0x00,0x00,0x00,0x00,0x00,0xDB,0x6D,0xB6,0xDB,0x00,0x00,0x00,0x00,0x00,0x00,
    0x00,0x00,0x00,0x00,0x00,0x00,0x00,0x00,0x00,0x00,0x00,0x00,0x00,0x00,0x00,0x00,
  },
  {  // 34: V2_OPEN_AE
    0x00,0x00,0x00,0x00,0x00,0x00,0x00,0x00,0x00,0x00,0x00,0x00,0x00,0x00,0x00,0x00,
    0x00,0x00,0x00,0x00,0x00,0x36,0xDB,0x6C,0x36,0xDB,0x6C,0x00,0x00,0x00,0x00,0x00,
    0x00,0x00,0x00,0x00,0x00,0x36,0xDB,0x6C,0x36,0xDB,0x6C,0x00,0x00,0x00,0x00,0x00,
    0x00,0x00,0x00,0x00,0x00,0x00,0x00,0x00,0x00,0x00,0x00,0x00,0x00,0x00,0x00,0x00,
    0x00,0x00,0x00,0x00,0x01,0xB6,0xDB,0x6D,0xB6,0xDB,0x6D,0x80,0x00,0x00,0x00,0x00,
    0x00,0x00,0x00,0x00,0x01,0xB6,0xDB,0x6D,0xB6,0xDB,0x6D,0x80,0x00,0x00,0x00,0x00,
    0x00,0x00,0x00,0x00,0x00,0x00,0x00,0x00,0x00,0x00,0x00,0x00,0x00,0x00,0x00,0x00,
    0x00,0x00,0x00,0x00,0x0D,0xB6,0xDB,0x6D,0xB6,0xDB,0x6D,0xB0,0x00,0x00,0x00,0x00,
    0x00,0x00,0x00,0x00,0x0D,0xB6,0xDB,0x6D,0xB6,0xDB,0x6D,0xB0,0x00,0x00,0x00,0x00,
    0x00,0x00,0x00,0x00,0x00,0x00,0x00,0x00,0x00,0x00,0x00,0x00,0x00,0x00,0x00,0x00,
    0x00,0x00,0x00,0x00,0x0D,0xB6,0xDB,0x6D,0xB6,0xDB,0x6D,0xB0,0x00,0x00,0x00,0x00,
    0x00,0x00,0x00,0x00,0x0D,0xB6,0xDB,0x6D,0xB6,0xDB,0x6D,0xB0,0x00,0x00,0x00,0x00,
    0x00,0x00,0x00,0x00,0x00,0x00,0x00,0x00,0x00,0x00,0x00,0x00,0x00,0x00,0x00,0x00,
    0x00,0x00,0x00,0x00,0x6D,0xB6,0x03,0x6D,0xB6,0xC0,0x6D,0xB6,0x00,0x00,0x00,0x00,
    0x00,0x00,0x00,0x00,0x6D,0xB6,0x03,0x6D,0xB6,0xC0,0x6D,0xB6,0x00,0x00,0x00,0x00,
    0x00,0x00,0x00,0x00,0x00,0x00,0x00,0x00,0x00,0x00,0x00,0x00,0x00,0x00,0x00,0x00,
    0x00,0x00,0x00,0x1B,0x60,0x00,0x00,0x00,0x00,0x00,0x00,0x06,0xD8,0x00,0x00,0x00,
    0x00,0x00,0x00,0x1B,0x60,0x00,0x00,0x00,0x00,0x00,0x00,0x06,0xD8,0x00,0x00,0x00,
    0x00,0x00,0x00,0x00,0x00,0x00,0x00,0x00,0x00,0x00,0x00,0x00,0x00,0x00,0x00,0x00,
    0x00,0x00,0x00,0xC0,0x00,0x00,0x00,0x00,0x00,0x00,0x00,0x00,0x03,0x00,0x00,0x00,
    0x00,0x00,0x00,0xC0,0x00,0x00,0x00,0x00,0x00,0x00,0x00,0x00,0x03,0x00,0x00,0x00,
    0x00,0x00,0x00,0x00,0x00,0x00,0x00,0x00,0x00,0x00,0x00,0x00,0x00,0x00,0x00,0x00,
    0x00,0x00,0x00,0x00,0x00,0x00,0x00,0x00,0x00,0x00,0x00,0x00,0x00,0x00,0x00,0x00,
    0x00,0x00,0x00,0x00,0x00,0x00,0x00,0x00,0x00,0x00,0x00,0x00,0x00,0x00,0x00,0x00,
    0x00,0x00,0x00,0x00,0x00,0x00,0x00,0x00,0x00,0x00,0x00,0x00,0x00,0x00,0x00,0x00,
    0x00,0x00,0x00,0x00,0x00,0x00,0x00,0x00,0x00,0x00,0x00,0x00,0x00,0x00,0x00,0x00,
    0x00,0x00,0x00,0x00,0x00,0x00,0x00,0x00,0x00,0x00,0x00,0x00,0x00,0x00,0x00,0x00,
    0x00,0x00,0x00,0x00,0x00,0x00,0x00,0x00,0x00,0x00,0x00,0x00,0x00,0x00,0x00,0x00,
    0x00,0x00,0x00,0x00,0x00,0x00,0x00,0x00,0x00,0x00,0x00,0x00,0x00,0x00,0x00,0x00,
    0x00,0x00,0x00,0x00,0x00,0x00,0x00,0x00,0x00,0x00,0x00,0x00,0x00,0x00,0x00,0x00,
    0x00,0x00,0x00,0x00,0x00,0x00,0x00,0x00,0x00,0x00,0x00,0x00,0x00,0x00,0x00,0x00,
    0x00,0x00,0x00,0x00,0x00,0x00,0x00,0x00,0x00,0x00,0x00,0x00,0x00,0x00,0x00,0x00,
    0x00,0x00,0x00,0x00,0x00,0x00,0x00,0x00,0x00,0x00,0x00,0x00,0x00,0x00,0x00,0x00,
    0x00,0x00,0x00,0x00,0x00,0x00,0x00,0x00,0x00,0x00,0x00,0x00,0x00,0x00,0x00,0x00,
    0x00,0x00,0x30,0x00,0x00,0x00,0x00,0x00,0x00,0x00,0x00,0x00,0x00,0x0C,0x00,0x00,
    0x00,0x00,0x30,0x00,0x00,0x00,0x00,0x00,0x00,0x00,0x00,0x00,0x00,0x0C,0x00,0x00,
    0x00,0x00,0x00,0x00,0x00,0x00,0x00,0x00,0x00,0x00,0x00,0x00,0x00,0x00,0x00,0x00,
    0x00,0x00,0x36,0x00,0x00,0x00,0x00,0x00,0x00,0x00,0x00,0x00,0x00,0x6C,0x00,0x00,
    0x00,0x00,0x36,0x00,0x00,0x00,0x00,0x00,0x00,0x00,0x00,0x00,0x00,0x6C,0x00,0x00,
    0x00,0x00,0x00,0x00,0x00,0x00,0x00,0x00,0x00,0x00,0x00,0x00,0x00,0x00,0x00,0x00,
    0x00,0x00,0x06,0xD8,0x00,0x00,0x00,0x00,0x00,0x00,0x00,0x00,0x1B,0x60,0x00,0x00,
    0x00,0x00,0x06,0xD8,0x00,0x00,0x00,0x00,0x00,0x00,0x00,0x00,0x1B,0x60,0x00,0x00,
    0x00,0x00,0x00,0x00,0x00,0x00,0x00,0x00,0x00,0x00,0x00,0x00,0x00,0x00,0x00,0x00,
    0x00,0x00,0x06,0xDB,0x60,0x00,0x00,0x00,0x00,0x00,0x00,0x06,0xDB,0x60,0x00,0x00,
    0x00,0x00,0x06,0xDB,0x60,0x00,0x00,0x00,0x00,0x00,0x00,0x06,0xDB,0x60,0x00,0x00,
    0x00,0x00,0x00,0x00,0x00,0x00,0x00,0x00,0x00,0x00,0x00,0x00,0x00,0x00,0x00,0x00,
    0x00,0x00,0x00,0xDB,0x6C,0x00,0x00,0x00,0x00,0x00,0x00,0x36,0xDB,0x00,0x00,0x00,
    0x00,0x00,0x00,0xDB,0x6C,0x00,0x00,0x00,0x00,0x00,0x00,0x36,0xDB,0x00,0x00,0x00,
    0x00,0x00,0x00,0x00,0x00,0x00,0x00,0x00,0x00,0x00,0x00,0x00,0x00,0x00,0x00,0x00,
    0x00,0x00,0x00,0x1B,0x6D,0xB6,0x00,0x00,0x00,0x00,0x6D,0xB6,0xD8,0x00,0x00,0x00,
    0x00,0x00,0x00,0x1B,0x6D,0xB6,0x00,0x00,0x00,0x00,0x6D,0xB6,0xD8,0x00,0x00,0x00,
    0x00,0x00,0x00,0x00,0x00,0x00,0x00,0x00,0x00,0x00,0x00,0x00,0x00,0x00,0x00,0x00,
    0x00,0x00,0x00,0x1B,0x6D,0xB6,0xC0,0x00,0x00,0x03,0x6D,0xB6,0xD8,0x00,0x00,0x00,
    0x00,0x00,0x00,0x1B,0x6D,0xB6,0xC0,0x00,0x00,0x03,0x6D,0xB6,0xD8,0x00,0x00,0x00,
    0x00,0x00,0x00,0x00,0x00,0x00,0x00,0x00,0x00,0x00,0x00,0x00,0x00,0x00,0x00,0x00,
    0x00,0x00,0x00,0x03,0x6D,0xB6,0xDB,0x6D,0xB6,0xDB,0x6D,0xB6,0xC0,0x00,0x00,0x00,
    0x00,0x00,0x00,0x03,0x6D,0xB6,0xDB,0x6D,0xB6,0xDB,0x6D,0xB6,0xC0,0x00,0x00,0x00,
    0x00,0x00,0x00,0x00,0x00,0x00,0x00,0x00,0x00,0x00,0x00,0x00,0x00,0x00,0x00,0x00,
    0x00,0x00,0x00,0x00,0x6D,0xB6,0xDB,0x6D,0xB6,0xDB,0x6D,0xB6,0x00,0x00,0x00,0x00,
    0x00,0x00,0x00,0x00,0x6D,0xB6,0xDB,0x6D,0xB6,0xDB,0x6D,0xB6,0x00,0x00,0x00,0x00,
    0x00,0x00,0x00,0x00,0x00,0x00,0x00,0x00,0x00,0x00,0x00,0x00,0x00,0x00,0x00,0x00,
    0x00,0x00,0x00,0x00,0x0D,0xB6,0xDB,0x6D,0xB6,0xDB,0x6D,0xB0,0x00,0x00,0x00,0x00,
    0x00,0x00,0x00,0x00,0x0D,0xB6,0xDB,0x6D,0xB6,0xDB,0x6D,0xB0,0x00,0x00,0x00,0x00,
    0x00,0x00,0x00,0x00,0x00,0x00,0x00,0x00,0x00,0x00,0x00,0x00,0x00,0x00,0x00,0x00,
  },
  {  // 35: V2_OPEN_AH
    0x00,0x00,0x00,0x00,0x00,0x00,0x00,0x00,0x00,0x00,0x00,0x00,0x00,0x00,0x00,0x00,
    0x00,0x00,0x00,0x00,0x00,0x36,0xDB,0x6D,0xB6,0xDB,0x6C,0x00,0x00,0x00,0x00,0x00,
    0x00,0x00,0x00,0x00,0x00,0x36,0xDB,0x6D,0xB6,0xDB,0x6C,0x00,0x00,0x00,0x00,0x00,
    0x00,0x00,0x00,0x00,0x00,0x00,0x00,0x00,0x00,0x00,0x00,0x00,0x00,0x00,0x00,0x00,
    0x00,0x00,0x00,0x00,0x01,0xB6,0xDB,0x6D,0xB6,0xDB,0x6D,0x80,0x00,0x00,0x00,0x00,
    0x00,0x00,0x00,0x00,0x01,0xB6,0xDB,0x6D,0xB6,0xDB,0x6D,0x80,0x00,0x00,0x00,0x00,
    0x00,0x00,0x00,0x00,0x00,0x00,0x00,0x00,0x00,0x00,0x00,0x00,0x00,0x00,0x00,0x00,
    0x00,0x00,0x00,0x00,0x01,0xB6,0xDB,0x6D,0xB6,0xDB,0x6D,0x80,0x00,0x00,0x00,0x00,
    0x00,0x00,0x00,0x00,0x01,0xB6,0xDB,0x6D,0xB6,0xDB,0x6D,0x80,0x00,0x00,0x00,0x00,
    0x00,0x00,0x00,0x00,0x00,0x00,0x00,0x00,0x00,0x00,0x00,0x00,0x00,0x00,0x00,0x00,
    0x00,0x00,0x00,0x00,0x0D,0xB6,0xDB,0x6D,0xB6,0xDB,0x6D,0xB0,0x00,0x00,0x00,0x00,
    0x00,0x00,0x00,0x00,0x0D,0xB6,0xDB,0x6D,0xB6,0xDB,0x6D,0xB0,0x00,0x00,0x00,0x00,
    0x00,0x00,0x00,0x00,0x00,0x00,0x00,0x00,0x00,0x00,0x00,0x00,0x00,0x00,0x00,0x00,
    0x00,0x00,0x00,0x00,0x6D,0x80,0x00,0x0D,0xB0,0x00,0x01,0xB6,0x00,0x00,0x00,0x00,
    0x00,0x00,0x00,0x00,0x6D,0x80,0x00,0x0D,0xB0,0x00,0x01,0xB6,0x00,0x00,0x00,0x00,
    0x00,0x00,0x00,0x00,0x00,0x00,0x00,0x00,0x00,0x00,0x00,0x00,0x00,0x00,0x00,0x00,
    0x00,0x00,0x00,0x03,0x00,0x00,0x00,0x00,0x00,0x00,0x00,0x00,0xC0,0x00,0x00,0x00,
    0x00,0x00,0x00,0x03,0x00,0x00,0x00,0x00,0x00,0x00,0x00,0x00,0xC0,0x00,0x00,0x00,
    0x00,0x00,0x00,0x00,0x00,0x00,0x00,0x00,0x00,0x00,0x00,0x00,0x00,0x00,0x00,0x00,
    0x00,0x00,0x00,0x00,0x00,0x00,0x00,0x00,0x00,0x00,0x00,0x00,0x00,0x00,0x00,0x00,
    0x00,0x00,0x00,0x00,0x00,0x00,0x00,0x00,0x00,0x00,0x00,0x00,0x00,0x00,0x00,0x00,
    0x00,0x00,0x00,0x00,0x00,0x00,0x00,0x00,0x00,0x00,0x00,0x00,0x00,0x00,0x00,0x00,
    0x00,0x00,0x06,0x00,0x00,0x00,0x00,0x00,0x00,0x00,0x00,0x00,0x00,0x60,0x00,0x00,
    0x00,0x00,0x06,0x00,0x00,0x00,0x00,0x00,0x00,0x00,0x00,0x00,0x00,0x60,0x00,0x00,
    0x00,0x00,0x00,0x00,0x00,0x00,0x00,0x00,0x00,0x00,0x00,0x00,0x00,0x00,0x00,0x00,
    0x00,0x00,0x00,0x00,0x00,0x00,0x00,0x00,0x00,0x00,0x00,0x00,0x00,0x00,0x00,0x00,
    0x00,0x00,0x00,0x00,0x00,0x00,0x00,0x00,0x00,0x00,0x00,0x00,0x00,0x00,0x00,0x00,
    0x00,0x00,0x00,0x00,0x00,0x00,0x00,0x00,0x00,0x00,0x00,0x00,0x00,0x00,0x00,0x00,
    0x00,0x00,0x00,0x00,0x00,0x00,0x00,0x00,0x00,0x00,0x00,0x00,0x00,0x00,0x00,0x00,
    0x00,0x00,0x00,0x00,0x00,0x00,0x00,0x00,0x00,0x00,0x00,0x00,0x00,0x00,0x00,0x00,
    0x00,0x00,0x00,0x00,0x00,0x00,0x00,0x00,0x00,0x00,0x00,0x00,0x00,0x00,0x00,0x00,
    0x00,0x00,0x00,0x00,0x00,0x00,0x00,0x00,0x00,0x00,0x00,0x00,0x00,0x00,0x00,0x00,
    0x00,0x00,0x00,0x00,0x00,0x00,0x00,0x00,0x00,0x00,0x00,0x00,0x00,0x00,0x00,0x00,
    0x00,0x00,0x00,0x00,0x00,0x00,0x00,0x00,0x00,0x00,0x00,0x00,0x00,0x00,0x00,0x00,
    0x00,0x00,0x00,0x00,0x00,0x00,0x00,0x00,0x00,0x00,0x00,0x00,0x00,0x00,0x00,0x00,
    0x00,0x00,0x00,0x00,0x00,0x00,0x00,0x00,0x00,0x00,0x00,0x00,0x00,0x00,0x00,0x00,
    0x00,0x00,0x00,0x00,0x00,0x00,0x00,0x00,0x00,0x00,0x00,0x00,0x00,0x00,0x00,0x00,
    0x00,0x00,0x06,0x00,0x00,0x00,0x00,0x00,0x00,0x00,0x00,0x00,0x00,0x60,0x00,0x00,
    0x00,0x00,0x06,0x00,0x00,0x00,0x00,0x00,0x00,0x00,0x00,0x00,0x00,0x60,0x00,0x00,
    0x00,0x00,0x00,0x00,0x00,0x00,0x00,0x00,0x00,0x00,0x00,0x00,0x00,0x00,0x00,0x00,
    0x00,0x00,0x06,0xC0,0x00,0x00,0x00,0x00,0x00,0x00,0x00,0x00,0x03,0x60,0x00,0x00,
    0x00,0x00,0x06,0xC0,0x00,0x00,0x00,0x00,0x00,0x00,0x00,0x00,0x03,0x60,0x00,0x00,
    0x00,0x00,0x00,0x00,0x00,0x00,0x00,0x00,0x00,0x00,0x00,0x00,0x00,0x00,0x00,0x00,
    0x00,0x00,0x00,0xDB,0x00,0x00,0x00,0x00,0x00,0x00,0x00,0x00,0xDB,0x00,0x00,0x00,
    0x00,0x00,0x00,0xDB,0x00,0x00,0x00,0x00,0x00,0x00,0x00,0x00,0xDB,0x00,0x00,0x00,
    0x00,0x00,0x00,0x00,0x00,0x00,0x00,0x00,0x00,0x00,0x00,0x00,0x00,0x00,0x00,0x00,
    0x00,0x00,0x00,0xDB,0x60,0x00,0x00,0x00,0x00,0x00,0x00,0x06,0xDB,0x00,0x00,0x00,
    0x00,0x00,0x00,0xDB,0x60,0x00,0x00,0x00,0x00,0x00,0x00,0x06,0xDB,0x00,0x00,0x00,
    0x00,0x00,0x00,0x00,0x00,0x00,0x00,0x00,0x00,0x00,0x00,0x00,0x00,0x00,0x00,0x00,
    0x00,0x00,0x00,0x1B,0x6D,0x80,0x00,0x00,0x00,0x00,0x01,0xB6,0xD8,0x00,0x00,0x00,
    0x00,0x00,0x00,0x1B,0x6D,0x80,0x00,0x00,0x00,0x00,0x01,0xB6,0xD8,0x00,0x00,0x00,
    0x00,0x00,0x00,0x00,0x00,0x00,0x00,0x00,0x00,0x00,0x00,0x00,0x00,0x00,0x00,0x00,
    0x00,0x00,0x00,0x1B,0x6D,0xB6,0x00,0x00,0x00,0x00,0x6D,0xB6,0xD8,0x00,0x00,0x00,
    0x00,0x00,0x00,0x1B,0x6D,0xB6,0x00,0x00,0x00,0x00,0x6D,0xB6,0xD8,0x00,0x00,0x00,
    0x00,0x00,0x00,0x00,0x00,0x00,0x00,0x00,0x00,0x00,0x00,0x00,0x00,0x00,0x00,0x00,
    0x00,0x00,0x00,0x03,0x6D,0xB6,0xC0,0x00,0x00,0x03,0x6D,0xB6,0xC0,0x00,0x00,0x00,
    0x00,0x00,0x00,0x03,0x6D,0xB6,0xC0,0x00,0x00,0x03,0x6D,0xB6,0xC0,0x00,0x00,0x00,
    0x00,0x00,0x00,0x00,0x00,0x00,0x00,0x00,0x00,0x00,0x00,0x00,0x00,0x00,0x00,0x00,
    0x00,0x00,0x00,0x00,0x6D,0xB6,0xDB,0x60,0x06,0xDB,0x6D,0xB6,0x00,0x00,0x00,0x00,
    0x00,0x00,0x00,0x00,0x6D,0xB6,0xDB,0x60,0x06,0xDB,0x6D,0xB6,0x00,0x00,0x00,0x00,
    0x00,0x00,0x00,0x00,0x00,0x00,0x00,0x00,0x00,0x00,0x00,0x00,0x00,0x00,0x00,0x00,
    0x00,0x00,0x00,0x00,0x6D,0xB6,0xDB,0x6D,0xB6,0xDB,0x6D,0xB6,0x00,0x00,0x00,0x00,
    0x00,0x00,0x00,0x00,0x6D,0xB6,0xDB,0x6D,0xB6,0xDB,0x6D,0xB6,0x00,0x00,0x00,0x00,
    0x00,0x00,0x00,0x00,0x00,0x00,0x00,0x00,0x00,0x00,0x00,0x00,0x00,0x00,0x00,0x00,
  },
  {  // 36: V2_DEEP_AA
    0x00,0x00,0x00,0x00,0x00,0x00,0x00,0x00,0x00,0x00,0x00,0x00,0x00,0x00,0x00,0x00,
    0x00,0x00,0x00,0x00,0x00,0x06,0xDB,0x6D,0xB6,0xDB,0x60,0x00,0x00,0x00,0x00,0x00,
    0x00,0x00,0x00,0x00,0x00,0x06,0xDB,0x6D,0xB6,0xDB,0x60,0x00,0x00,0x00,0x00,0x00,
    0x00,0x00,0x00,0x00,0x00,0x00,0x00,0x00,0x00,0x00,0x00,0x00,0x00,0x00,0x00,0x00,
    0x00,0x00,0x00,0x00,0x00,0x36,0xDB,0x6D,0xB6,0xDB,0x6C,0x00,0x00,0x00,0x00,0x00,
    0x00,0x00,0x00,0x00,0x00,0x36,0xDB,0x6D,0xB6,0xDB,0x6C,0x00,0x00,0x00,0x00,0x00,
    0x00,0x00,0x00,0x00,0x00,0x00,0x00,0x00,0x00,0x00,0x00,0x00,0x00,0x00,0x00,0x00,
    0x00,0x00,0x00,0x00,0x01,0xB6,0xD8,0x6D,0xB6,0x1B,0x6D,0x80,0x00,0x00,0x00,0x00,
    0x00,0x00,0x00,0x00,0x01,0xB6,0xD8,0x6D,0xB6,0x1B,0x6D,0x80,0x00,0x00,0x00,0x00,
    0x00,0x00,0x00,0x00,0x00,0x00,0x00,0x00,0x00,0x00,0x00,0x00,0x00,0x00,0x00,0x00,
    0x00,0x00,0x00,0x00,0x01,0xB0,0x00,0x00,0x00,0x00,0x0D,0x80,0x00,0x00,0x00,0x00,
    0x00,0x00,0x00,0x00,0x01,0xB0,0x00,0x00,0x00,0x00,0x0D,0x80,0x00,0x00,0x00,0x00,
    0x00,0x00,0x00,0x00,0x00,0x00,0x00,0x00,0x00,0x00,0x00,0x00,0x00,0x00,0x00,0x00,
    0x00,0x00,0x00,0x00,0x00,0x00,0x00,0x00,0x00,0x00,0x00,0x00,0x00,0x00,0x00,0x00,
    0x00,0x00,0x00,0x00,0x00,0x00,0x00,0x00,0x00,0x00,0x00,0x00,0x00,0x00,0x00,0x00,
    0x00,0x00,0x00,0x00,0x00,0x00,0x00,0x00,0x00,0x00,0x00,0x00,0x00,0x00,0x00,0x00,
    0x00,0x00,0x00,0x00,0x00,0x00,0x00,0x00,0x00,0x00,0x00,0x00,0x00,0x00,0x00,0x00,
    0x00,0x00,0x00,0x00,0x00,0x00,0x00,0x00,0x00,0x00,0x00,0x00,0x00,0x00,0x00,0x00,
    0x00,0x00,0x00,0x00,0x00,0x00,0x00,0x00,0x00,0x00,0x00,0x00,0x00,0x00,0x00,0x00,
    0x00,0x00,0x00,0x03,0x00,0x00,0x00,0x00,0x00,0x00,0x00,0x00,0xC0,0x00,0x00,0x00,
    0x00,0x00,0x00,0x03,0x00,0x00,0x00,0x00,0x00,0x00,0x00,0x00,0xC0,0x00,0x00,0x00,
    0x00,0x00,0x00,0x00,0x00,0x00,0x00,0x00,0x00,0x00,0x00,0x00,0x00,0x00,0x00,0x00,
    0x00,0x00,0x00,0x18,0x00,0x00,0x00,0x00,0x00,0x00,0x00,0x00,0x18,0x00,0x00,0x00,
    0x00,0x00,0x00,0x18,0x00,0x00,0x00,0x00,0x00,0x00,0x00,0x00,0x18,0x00,0x00,0x00,
    0x00,0x00,0x00,0x00,0x00,0x00,0x00,0x00,0x00,0x00,0x00,0x00,0x00,0x00,0x00,0x00,
    0x00,0x00,0x00,0xC0,0x00,0x00,0x00,0x00,0x00,0x00,0x00,0x00,0x03,0x00,0x00,0x00,
    0x00,0x00,0x00,0xC0,0x00,0x00,0x00,0x00,0x00,0x00,0x00,0x00,0x03,0x00,0x00,0x00,
    0x00,0x00,0x00,0x00,0x00,0x00,0x00,0x00,0x00,0x00,0x00,0x00,0x00,0x00,0x00,0x00,
    0x00,0x00,0x00,0x00,0x00,0x00,0x00,0x00,0x00,0x00,0x00,0x00,0x00,0x00,0x00,0x00,
    0x00,0x00,0x00,0x00,0x00,0x00,0x00,0x00,0x00,0x00,0x00,0x00,0x00,0x00,0x00,0x00,
    0x00,0x00,0x00,0x00,0x00,0x00,0x00,0x00,0x00,0x00,0x00,0x00,0x00,0x00,0x00,0x00,
    0x00,0x00,0x00,0x00,0x00,0x00,0x00,0x00,0x00,0x00,0x00,0x00,0x00,0x00,0x00,0x00,
    0x00,0x00,0x00,0x00,0x00,0x00,0x00,0x00,0x00,0x00,0x00,0x00,0x00,0x00,0x00,0x00,
    0x00,0x00,0x00,0x00,0x00,0x00,0x00,0x00,0x00,0x00,0x00,0x00,0x00,0x00,0x00,0x00,
    0x00,0x00,0x00,0x00,0x00,0x00,0x00,0x00,0x00,0x00,0x00,0x00,0x00,0x00,0x00,0x00,
    0x00,0x00,0x00,0x00,0x00,0x00,0x00,0x00,0x00,0x00,0x00,0x00,0x00,0x00,0x00,0x00,
    0x00,0x00,0x00,0x00,0x00,0x00,0x00,0x00,0x00,0x00,0x00,0x00,0x00,0x00,0x00,0x00,
    0x00,0x00,0x00,0x00,0x00,0x00,0x00,0x00,0x00,0x00,0x00,0x00,0x00,0x00,0x00,0x00,
    0x00,0x00,0x00,0x00,0x00,0x00,0x00,0x00,0x00,0x00,0x00,0x00,0x00,0x00,0x00,0x00,
    0x00,0x00,0x00,0x00,0x00,0x00,0x00,0x00,0x00,0x00,0x00,0x00,0x00,0x00,0x00,0x00,
    0x00,0x00,0x00,0x18,0x00,0x00,0x00,0x00,0x00,0x00,0x00,0x00,0x18,0x00,0x00,0x00,
    0x00,0x00,0x00,0x18,0x00,0x00,0x00,0x00,0x00,0x00,0x00,0x00,0x18,0x00,0x00,0x00,
    0x00,0x00,0x00,0x00,0x00,0x00,0x00,0x00,0x00,0x00,0x00,0x00,0x00,0x00,0x00,0x00,
    0x00,0x00,0x00,0x1B,0x00,0x00,0x00,0x00,0x00,0x00,0x00,0x00,0xD8,0x00,0x00,0x00,
    0x00,0x00,0x00,0x1B,0x00,0x00,0x00,0x00,0x00,0x00,0x00,0x00,0xD8,0x00,0x00,0x00,
    0x00,0x00,0x00,0x00,0x00,0x00,0x00,0x00,0x00,0x00,0x00,0x00,0x00,0x00,0x00,0x00,
    0x00,0x00,0x00,0x03,0x00,0x00,0x00,0x00,0x00,0x00,0x00,0x00,0xC0,0x00,0x00,0x00,
    0x00,0x00,0x00,0x03,0x00,0x00,0x00,0x00,0x00,0x00,0x00,0x00,0xC0,0x00,0x00,0x00,
    0x00,0x00,0x00,0x00,0x00,0x00,0x00,0x00,0x00,0x00,0x00,0x00,0x00,0x00,0x00,0x00,
    0x00,0x00,0x00,0x03,0x6C,0x00,0x00,0x00,0x00,0x00,0x00,0x36,0xC0,0x00,0x00,0x00,
    0x00,0x00,0x00,0x03,0x6C,0x00,0x00,0x00,0x00,0x00,0x00,0x36,0xC0,0x00,0x00,0x00,
    0x00,0x00,0x00,0x00,0x00,0x00,0x00,0x00,0x00,0x00,0x00,0x00,0x00,0x00,0x00,0x00,
    0x00,0x00,0x00,0x03,0x6D,0x80,0x00,0x00,0x00,0x00,0x01,0xB6,0xC0,0x00,0x00,0x00,
    0x00,0x00,0x00,0x03,0x6D,0x80,0x00,0x00,0x00,0x00,0x01,0xB6,0xC0,0x00,0x00,0x00,
    0x00,0x00,0x00,0x00,0x00,0x00,0x00,0x00,0x00,0x00,0x00,0x00,0x00,0x00,0x00,0x00,
    0x00,0x00,0x00,0x00,0x6D,0xB0,0x00,0x00,0x00,0x00,0x0D,0xB6,0x00,0x00,0x00,0x00,
    0x00,0x00,0x00,0x00,0x6D,0xB0,0x00,0x00,0x00,0x00,0x0D,0xB6,0x00,0x00,0x00,0x00,
    0x00,0x00,0x00,0x00,0x00,0x00,0x00,0x00,0x00,0x00,0x00,0x00,0x00,0x00,0x00,0x00,
    0x00,0x00,0x00,0x00,0x6D,0xB6,0xC0,0x00,0x00,0x03,0x6D,0xB6,0x00,0x00,0x00,0x00,
    0x00,0x00,0x00,0x00,0x6D,0xB6,0xC0,0x00,0x00,0x03,0x6D,0xB6,0x00,0x00,0x00,0x00,
    0x00,0x00,0x00,0x00,0x00,0x00,0x00,0x00,0x00,0x00,0x00,0x00,0x00,0x00,0x00,0x00,
    0x00,0x00,0x00,0x00,0x0D,0xB6,0xD8,0x00,0x00,0x1B,0x6D,0xB0,0x00,0x00,0x00,0x00,
    0x00,0x00,0x00,0x00,0x0D,0xB6,0xD8,0x00,0x00,0x1B,0x6D,0xB0,0x00,0x00,0x00,0x00,
    0x00,0x00,0x00,0x00,0x00,0x00,0x00,0x00,0x00,0x00,0x00,0x00,0x00,0x00,0x00,0x00,
  },
  {  // 37: V2_ROUND_AO
    0x00,0x00,0x00,0x00,0x00,0x00,0x00,0x00,0x00,0x00,0x00,0x00,0x00,0x00,0x00,0x00,
    0x00,0x00,0x00,0x00,0x00,0x00,0xDB,0x6C,0x36,0xDB,0x00,0x00,0x00,0x00,0x00,0x00,
    0x00,0x00,0x00,0x00,0x00,0x00,0xDB,0x6C,0x36,0xDB,0x00,0x00,0x00,0x00,0x00,0x00,
    0x00,0x00,0x00,0x00,0x00,0x00,0x00,0x00,0x00,0x00,0x00,0x00,0x00,0x00,0x00,0x00,
    0x00,0x00,0x00,0x00,0x00,0x06,0xDB,0x6D,0xB6,0xDB,0x60,0x00,0x00,0x00,0x00,0x00,
    0x00,0x00,0x00,0x00,0x00,0x06,0xDB,0x6D,0xB6,0xDB,0x60,0x00,0x00,0x00,0x00,0x00,
    0x00,0x00,0x00,0x00,0x00,0x00,0x00,0x00,0x00,0x00,0x00,0x00,0x00,0x00,0x00,0x00,
    0x00,0x00,0x00,0x00,0x00,0x06,0xDB,0x6D,0xB6,0xDB,0x60,0x00,0x00,0x00,0x00,0x00,
    0x00,0x00,0x00,0x00,0x00,0x06,0xDB,0x6D,0xB6,0xDB,0x60,0x00,0x00,0x00,0x00,0x00,
    0x00,0x00,0x00,0x00,0x00,0x00,0x00,0x00,0x00,0x00,0x00,0x00,0x00,0x00,0x00,0x00,
    0x00,0x00,0x00,0x00,0x00,0x36,0xDB,0x6D,0xB6,0xDB,0x6C,0x00,0x00,0x00,0x00,0x00,
    0x00,0x00,0x00,0x00,0x00,0x36,0xDB,0x6D,0xB6,0xDB,0x6C,0x00,0x00,0x00,0x00,0x00,
    0x00,0x00,0x00,0x00,0x00,0x00,0x00,0x00,0x00,0x00,0x00,0x00,0x00,0x00,0x00,0x00,
    0x00,0x00,0x00,0x00,0x01,0xB6,0xD8,0x6D,0xB6,0x1B,0x6D,0x80,0x00,0x00,0x00,0x00,
    0x00,0x00,0x00,0x00,0x01,0xB6,0xD8,0x6D,0xB6,0x1B,0x6D,0x80,0x00,0x00,0x00,0x00,
    0x00,0x00,0x00,0x00,0x00,0x00,0x00,0x00,0x00,0x00,0x00,0x00,0x00,0x00,0x00,0x00,
    0x00,0x00,0x00,0x00,0x01,0xB6,0x00,0x0D,0xB0,0x00,0x6D,0x80,0x00,0x00,0x00,0x00,
    0x00,0x00,0x00,0x00,0x01,0xB6,0x00,0x0D,0xB0,0x00,0x6D,0x80,0x00,0x00,0x00,0x00,
    0x00,0x00,0x00,0x00,0x00,0x00,0x00,0x00,0x00,0x00,0x00,0x00,0x00,0x00,0x00,0x00,
    0x00,0x00,0x00,0x00,0x0C,0x00,0x00,0x00,0x00,0x00,0x00,0x30,0x00,0x00,0x00,0x00,
    0x00,0x00,0x00,0x00,0x0C,0x00,0x00,0x00,0x00,0x00,0x00,0x30,0x00,0x00,0x00,0x00,
    0x00,0x00,0x00,0x00,0x00,0x00,0x00,0x00,0x00,0x00,0x00,0x00,0x00,0x00,0x00,0x00,
    0x00,0x00,0x00,0x00,0x60,0x00,0x00,0x00,0x00,0x00,0x00,0x06,0x00,0x00,0x00,0x00,
    0x00,0x00,0x00,0x00,0x60,0x00,0x00,0x00,0x00,0x00,0x00,0x06,0x00,0x00,0x00,0x00,
    0x00,0x00,0x00,0x00,0x00,0x00,0x00,0x00,0x00,0x00,0x00,0x00,0x00,0x00,0x00,0x00,
    0x00,0x00,0x00,0x00,0x00,0x00,0x00,0x00,0x00,0x00,0x00,0x00,0x00,0x00,0x00,0x00,
    0x00,0x00,0x00,0x00,0x00,0x00,0x00,0x00,0x00,0x00,0x00,0x00,0x00,0x00,0x00,0x00,
    0x00,0x00,0x00,0x00,0x00,0x00,0x00,0x00,0x00,0x00,0x00,0x00,0x00,0x00,0x00,0x00,
    0x00,0x00,0x00,0x00,0x00,0x00,0x00,0x00,0x00,0x00,0x00,0x00,0x00,0x00,0x00,0x00,
    0x00,0x00,0x00,0x00,0x00,0x00,0x00,0x00,0x00,0x00,0x00,0x00,0x00,0x00,0x00,0x00,
    0x00,0x00,0x00,0x00,0x00,0x00,0x00,0x00,0x00,0x00,0x00,0x00,0x00,0x00,0x00,0x00,
    0x00,0x00,0x00,0x00,0x00,0x00,0x00,0x00,0x00,0x00,0x00,0x00,0x00,0x00,0x00,0x00,
    0x00,0x00,0x00,0x00,0x00,0x00,0x00,0x00,0x00,0x00,0x00,0x00,0x00,0x00,0x00,0x00,
    0x00,0x00,0x00,0x00,0x00,0x00,0x00,0x00,0x00,0x00,0x00,0x00,0x00,0x00,0x00,0x00,
    0x00,0x00,0x00,0x03,0x00,0x00,0x00,0x00,0x00,0x00,0x00,0x00,0xC0,0x00,0x00,0x00,
    0x00,0x00,0x00,0x03,0x00,0x00,0x00,0x00,0x00,0x00,0x00,0x00,0xC0,0x00,0x00,0x00,
    0x00,0x00,0x00,0x00,0x00,0x00,0x00,0x00,0x00,0x00,0x00,0x00,0x00,0x00,0x00,0x00,
    0x00,0x00,0x00,0x03,0x60,0x00,0x00,0x00,0x00,0x00,0x00,0x06,0xC0,0x00,0x00,0x00,
    0x00,0x00,0x00,0x03,0x60,0x00,0x00,0x00,0x00,0x00,0x00,0x06,0xC0,0x00,0x00,0x00,
    0x00,0x00,0x00,0x00,0x00,0x00,0x00,0x00,0x00,0x00,0x00,0x00,0x00,0x00,0x00,0x00,
    0x00,0x00,0x00,0x00,0x6D,0x80,0x00,0x00,0x00,0x00,0x01,0xB6,0x00,0x00,0x00,0x00,
    0x00,0x00,0x00,0x00,0x6D,0x80,0x00,0x00,0x00,0x00,0x01,0xB6,0x00,0x00,0x00,0x00,
    0x00,0x00,0x00,0x00,0x00,0x00,0x00,0x00,0x00,0x00,0x00,0x00,0x00,0x00,0x00,0x00,
    0x00,0x00,0x00,0x00,0x6D,0xB0,0x00,0x00,0x00,0x00,0x0D,0xB6,0x00,0x00,0x00,0x00,
    0x00,0x00,0x00,0x00,0x6D,0xB0,0x00,0x00,0x00,0x00,0x0D,0xB6,0x00,0x00,0x00,0x00,
    0x00,0x00,0x00,0x00,0x00,0x00,0x00,0x00,0x00,0x00,0x00,0x00,0x00,0x00,0x00,0x00,
    0x00,0x00,0x00,0x00,0x0D,0xB6,0x00,0x00,0x00,0x00,0x6D,0xB0,0x00,0x00,0x00,0x00,
    0x00,0x00,0x00,0x00,0x0D,0xB6,0x00,0x00,0x00,0x00,0x6D,0xB0,0x00,0x00,0x00,0x00,
    0x00,0x00,0x00,0x00,0x00,0x00,0x00,0x00,0x00,0x00,0x00,0x00,0x00,0x00,0x00,0x00,
    0x00,0x00,0x00,0x00,0x0D,0xB6,0xC0,0x00,0x00,0x03,0x6D,0xB0,0x00,0x00,0x00,0x00,
    0x00,0x00,0x00,0x00,0x0D,0xB6,0xC0,0x00,0x00,0x03,0x6D,0xB0,0x00,0x00,0x00,0x00,
    0x00,0x00,0x00,0x00,0x00,0x00,0x00,0x00,0x00,0x00,0x00,0x00,0x00,0x00,0x00,0x00,
    0x00,0x00,0x00,0x00,0x01,0xB6,0xDB,0x00,0x00,0xDB,0x6D,0x80,0x00,0x00,0x00,0x00,
    0x00,0x00,0x00,0x00,0x01,0xB6,0xDB,0x00,0x00,0xDB,0x6D,0x80,0x00,0x00,0x00,0x00,
    0x00,0x00,0x00,0x00,0x00,0x00,0x00,0x00,0x00,0x00,0x00,0x00,0x00,0x00,0x00,0x00,
    0x00,0x00,0x00,0x00,0x01,0xB6,0xDB,0x6C,0x36,0xDB,0x6D,0x80,0x00,0x00,0x00,0x00,
    0x00,0x00,0x00,0x00,0x01,0xB6,0xDB,0x6C,0x36,0xDB,0x6D,0x80,0x00,0x00,0x00,0x00,
    0x00,0x00,0x00,0x00,0x00,0x00,0x00,0x00,0x00,0x00,0x00,0x00,0x00,0x00,0x00,0x00,
    0x00,0x00,0x00,0x00,0x00,0x36,0xDB,0x6D,0xB6,0xDB,0x6C,0x00,0x00,0x00,0x00,0x00,
    0x00,0x00,0x00,0x00,0x00,0x36,0xDB,0x6D,0xB6,0xDB,0x6C,0x00,0x00,0x00,0x00,0x00,
    0x00,0x00,0x00,0x00,0x00,0x00,0x00,0x00,0x00,0x00,0x00,0x00,0x00,0x00,0x00,0x00,
    0x00,0x00,0x00,0x00,0x00,0x36,0xDB,0x6D,0xB6,0xDB,0x6C,0x00,0x00,0x00,0x00,0x00,
    0x00,0x00,0x00,0x00,0x00,0x36,0xDB,0x6D,0xB6,0xDB,0x6C,0x00,0x00,0x00,0x00,0x00,
    0x00,0x00,0x00,0x00,0x00,0x00,0x00,0x00,0x00,0x00,0x00,0x00,0x00,0x00,0x00,0x00,
  },
  {  // 38: V2_ROUND_OW
    0x00,0x00,0x00,0x00,0x00,0x00,0x00,0x00,0x00,0x00,0x00,0x00,0x00,0x00,0x00,0x00,
    0x00,0x00,0x00,0x00,0x00,0x00,0x1B,0x60,0x06,0xD8,0x00,0x00,0x00,0x00,0x00,0x00,
    0x00,0x00,0x00,0x00,0x00,0x00,0x1B,0x60,0x06,0xD8,0x00,0x00,0x00,0x00,0x00,0x00,
    0x00,0x00,0x00,0x00,0x00,0x00,0x00,0x00,0x00,0x00,0x00,0x00,0x00,0x00,0x00,0x00,
    0x00,0x00,0x00,0x00,0x00,0x00,0xDB,0x6C,0x36,0xDB,0x00,0x00,0x00,0x00,0x00,0x00,
    0x00,0x00,0x00,0x00,0x00,0x00,0xDB,0x6C,0x36,0xDB,0x00,0x00,0x00,0x00,0x00,0x00,
    0x00,0x00,0x00,0x00,0x00,0x00,0x00,0x00,0x00,0x00,0x00,0x00,0x00,0x00,0x00,0x00,
    0x00,0x00,0x00,0x00,0x00,0x00,0xDB,0x6D,0xB6,0xDB,0x00,0x00,0x00,0x00,0x00,0x00,
    0x00,0x00,0x00,0x00,0x00,0x00,0xDB,0x6D,0xB6,0xDB,0x00,0x00,0x00,0x00,0x00,0x00,
    0x00,0x00,0x00,0x00,0x00,0x00,0x00,0x00,0x00,0x00,0x00,0x00,0x00,0x00,0x00,0x00,
    0x00,0x00,0x00,0x00,0x00,0x06,0xDB,0x6D,0xB6,0xDB,0x60,0x00,0x00,0x00,0x00,0x00,
    0x00,0x00,0x00,0x00,0x00,0x06,0xDB,0x6D,0xB6,0xDB,0x60,0x00,0x00,0x00,0x00,0x00,
    0x00,0x00,0x00,0x00,0x00,0x00,0x00,0x00,0x00,0x00,0x00,0x00,0x00,0x00,0x00,0x00,
    0x00,0x00,0x00,0x00,0x00,0x36,0xDB,0x6D,0xB6,0xDB,0x6C,0x00,0x00,0x00,0x00,0x00,
    0x00,0x00,0x00,0x00,0x00,0x36,0xDB,0x6D,0xB6,0xDB,0x6C,0x00,0x00,0x00,0x00,0x00,
    0x00,0x00,0x00,0x00,0x00,0x00,0x00,0x00,0x00,0x00,0x00,0x00,0x00,0x00,0x00,0x00,
    0x00,0x00,0x00,0x00,0x00,0x36,0xDB,0x6D,0xB6,0xDB,0x6C,0x00,0x00,0x00,0x00,0x00,
    0x00,0x00,0x00,0x00,0x00,0x36,0xDB,0x6D,0xB6,0xDB,0x6C,0x00,0x00,0x00,0x00,0x00,
    0x00,0x00,0x00,0x00,0x00,0x00,0x00,0x00,0x00,0x00,0x00,0x00,0x00,0x00,0x00,0x00,
    0x00,0x00,0x00,0x00,0x01,0xB6,0xC0,0x0D,0xB0,0x03,0x6D,0x80,0x00,0x00,0x00,0x00,
    0x00,0x00,0x00,0x00,0x01,0xB6,0xC0,0x0D,0xB0,0x03,0x6D,0x80,0x00,0x00,0x00,0x00,
    0x00,0x00,0x00,0x00,0x00,0x00,0x00,0x00,0x00,0x00,0x00,0x00,0x00,0x00,0x00,0x00,
    0x00,0x00,0x00,0x00,0x0D,0x80,0x00,0x00,0x00,0x00,0x01,0xB0,0x00,0x00,0x00,0x00,
    0x00,0x00,0x00,0x00,0x0D,0x80,0x00,0x00,0x00,0x00,0x01,0xB0,0x00,0x00,0x00,0x00,
    0x00,0x00,0x00,0x00,0x00,0x00,0x00,0x00,0x00,0x00,0x00,0x00,0x00,0x00,0x00,0x00,
    0x00,0x00,0x00,0x03,0x60,0x00,0x00,0x00,0x00,0x00,0x00,0x06,0xC0,0x00,0x00,0x00,
    0x00,0x00,0x00,0x03,0x60,0x00,0x00,0x00,0x00,0x00,0x00,0x06,0xC0,0x00,0x00,0x00,
    0x00,0x00,0x00,0x00,0x00,0x00,0x00,0x00,0x00,0x00,0x00,0x00,0x00,0x00,0x00,0x00,
    0x00,0x00,0x00,0x00,0x00,0x00,0x00,0x00,0x00,0x00,0x00,0x00,0x00,0x00,0x00,0x00,
    0x00,0x00,0x00,0x00,0x00,0x00,0x00,0x00,0x00,0x00,0x00,0x00,0x00,0x00,0x00,0x00,
    0x00,0x00,0x00,0x00,0x00,0x00,0x00,0x00,0x00,0x00,0x00,0x00,0x00,0x00,0x00,0x00,
    0x00,0x00,0x00,0x03,0x00,0x00,0x00,0x00,0x00,0x00,0x00,0x00,0xC0,0x00,0x00,0x00,
    0x00,0x00,0x00,0x03,0x00,0x00,0x00,0x00,0x00,0x00,0x00,0x00,0xC0,0x00,0x00,0x00,
    0x00,0x00,0x00,0x00,0x00,0x00,0x00,0x00,0x00,0x00,0x00,0x00,0x00,0x00,0x00,0x00,
    0x00,0x00,0x00,0x00,0x6C,0x00,0x00,0x00,0x00,0x00,0x00,0x36,0x00,0x00,0x00,0x00,
    0x00,0x00,0x00,0x00,0x6C,0x00,0x00,0x00,0x00,0x00,0x00,0x36,0x00,0x00,0x00,0x00,
    0x00,0x00,0x00,0x00,0x00,0x00,0x00,0x00,0x00,0x00,0x00,0x00,0x00,0x00,0x00,0x00,
    0x00,0x00,0x00,0x00,0x6D,0x80,0x00,0x00,0x00,0x00,0x01,0xB6,0x00,0x00,0x00,0x00,
    0x00,0x00,0x00,0x00,0x6D,0x80,0x00,0x00,0x00,0x00,0x01,0xB6,0x00,0x00,0x00,0x00,
    0x00,0x00,0x00,0x00,0x00,0x00,0x00,0x00,0x00,0x00,0x00,0x00,0x00,0x00,0x00,0x00,
    0x00,0x00,0x00,0x00,0x0D,0xB6,0x00,0x00,0x00,0x00,0x6D,0xB0,0x00,0x00,0x00,0x00,
    0x00,0x00,0x00,0x00,0x0D,0xB6,0x00,0x00,0x00,0x00,0x6D,0xB0,0x00,0x00,0x00,0x00,
    0x00,0x00,0x00,0x00,0x00,0x00,0x00,0x00,0x00,0x00,0x00,0x00,0x00,0x00,0x00,0x00,
    0x00,0x00,0x00,0x00,0x0D,0xB6,0xC0,0x00,0x00,0x03,0x6D,0xB0,0x00,0x00,0x00,0x00,
    0x00,0x00,0x00,0x00,0x0D,0xB6,0xC0,0x00,0x00,0x03,0x6D,0xB0,0x00,0x00,0x00,0x00,
    0x00,0x00,0x00,0x00,0x00,0x00,0x00,0x00,0x00,0x00,0x00,0x00,0x00,0x00,0x00,0x00,
    0x00,0x00,0x00,0x00,0x01,0xB6,0xDB,0x00,0x00,0xDB,0x6D,0x80,0x00,0x00,0x00,0x00,
    0x00,0x00,0x00,0x00,0x01,0xB6,0xDB,0x00,0x00,0xDB,0x6D,0x80,0x00,0x00,0x00,0x00,
    0x00,0x00,0x00,0x00,0x00,0x00,0x00,0x00,0x00,0x00,0x00,0x00,0x00,0x00,0x00,0x00,
    0x00,0x00,0x00,0x00,0x01,0xB6,0xDB,0x6C,0x36,0xDB,0x6D,0x80,0x00,0x00,0x00,0x00,
    0x00,0x00,0x00,0x00,0x01,0xB6,0xDB,0x6C,0x36,0xDB,0x6D,0x80,0x00,0x00,0x00,0x00,
    0x00,0x00,0x00,0x00,0x00,0x00,0x00,0x00,0x00,0x00,0x00,0x00,0x00,0x00,0x00,0x00,
    0x00,0x00,0x00,0x00,0x00,0x36,0xDB,0x6D,0xB6,0xDB,0x6C,0x00,0x00,0x00,0x00,0x00,
    0x00,0x00,0x00,0x00,0x00,0x36,0xDB,0x6D,0xB6,0xDB,0x6C,0x00,0x00,0x00,0x00,0x00,
    0x00,0x00,0x00,0x00,0x00,0x00,0x00,0x00,0x00,0x00,0x00,0x00,0x00,0x00,0x00,0x00,
    0x00,0x00,0x00,0x00,0x00,0x36,0xDB,0x6D,0xB6,0xDB,0x6C,0x00,0x00,0x00,0x00,0x00,
    0x00,0x00,0x00,0x00,0x00,0x36,0xDB,0x6D,0xB6,0xDB,0x6C,0x00,0x00,0x00,0x00,0x00,
    0x00,0x00,0x00,0x00,0x00,0x00,0x00,0x00,0x00,0x00,0x00,0x00,0x00,0x00,0x00,0x00,
    0x00,0x00,0x00,0x00,0x00,0x06,0xDB,0x6D,0xB6,0xDB,0x60,0x00,0x00,0x00,0x00,0x00,
    0x00,0x00,0x00,0x00,0x00,0x06,0xDB,0x6D,0xB6,0xDB,0x60,0x00,0x00,0x00,0x00,0x00,
    0x00,0x00,0x00,0x00,0x00,0x00,0x00,0x00,0x00,0x00,0x00,0x00,0x00,0x00,0x00,0x00,
    0x00,0x00,0x00,0x00,0x00,0x00,0xDB,0x6D,0xB6,0xDB,0x00,0x00,0x00,0x00,0x00,0x00,
    0x00,0x00,0x00,0x00,0x00,0x00,0xDB,0x6D,0xB6,0xDB,0x00,0x00,0x00,0x00,0x00,0x00,
    0x00,0x00,0x00,0x00,0x00,0x00,0x00,0x00,0x00,0x00,0x00,0x00,0x00,0x00,0x00,0x00,
  },
  {  // 39: V2_PUCKER_UW
    0x00,0x00,0x00,0x00,0x00,0x00,0x00,0x00,0x00,0x00,0x00,0x00,0x00,0x00,0x00,0x00,
    0x00,0x00,0x00,0x00,0x00,0x00,0x03,0x60,0x06,0xC0,0x00,0x00,0x00,0x00,0x00,0x00,
    0x00,0x00,0x00,0x00,0x00,0x00,0x03,0x60,0x06,0xC0,0x00,0x00,0x00,0x00,0x00,0x00,
    0x00,0x00,0x00,0x00,0x00,0x00,0x00,0x00,0x00,0x00,0x00,0x00,0x00,0x00,0x00,0x00,
    0x00,0x00,0x00,0x00,0x00,0x00,0x1B,0x60,0x06,0xD8,0x00,0x00,0x00,0x00,0x00,0x00,
    0x00,0x00,0x00,0x00,0x00,0x00,0x1B,0x60,0x06,0xD8,0x00,0x00,0x00,0x00,0x00,0x00,
    0x00,0x00,0x00,0x00,0x00,0x00,0x00,0x00,0x00,0x00,0x00,0x00,0x00,0x00,0x00,0x00,
    0x00,0x00,0x00,0x00,0x00,0x00,0x1B,0x6C,0x36,0xD8,0x00,0x00,0x00,0x00,0x00,0x00,
    0x00,0x00,0x00,0x00,0x00,0x00,0x1B,0x6C,0x36,0xD8,0x00,0x00,0x00,0x00,0x00,0x00,
    0x00,0x00,0x00,0x00,0x00,0x00,0x00,0x00,0x00,0x00,0x00,0x00,0x00,0x00,0x00,0x00,
    0x00,0x00,0x00,0x00,0x00,0x00,0xDB,0x6D,0xB6,0xDB,0x00,0x00,0x00,0x00,0x00,0x00,
    0x00,0x00,0x00,0x00,0x00,0x00,0xDB,0x6D,0xB6,0xDB,0x00,0x00,0x00,0x00,0x00,0x00,
    0x00,0x00,0x00,0x00,0x00,0x00,0x00,0x00,0x00,0x00,0x00,0x00,0x00,0x00,0x00,0x00,
    0x00,0x00,0x00,0x00,0x00,0x00,0xDB,0x6D,0xB6,0xDB,0x00,0x00,0x00,0x00,0x00,0x00,
    0x00,0x00,0x00,0x00,0x00,0x00,0xDB,0x6D,0xB6,0xDB,0x00,0x00,0x00,0x00,0x00,0x00,
    0x00,0x00,0x00,0x00,0x00,0x00,0x00,0x00,0x00,0x00,0x00,0x00,0x00,0x00,0x00,0x00,
    0x00,0x00,0x00,0x00,0x00,0x06,0xDB,0x6D,0xB6,0xDB,0x60,0x00,0x00,0x00,0x00,0x00,
    0x00,0x00,0x00,0x00,0x00,0x06,0xDB,0x6D,0xB6,0xDB,0x60,0x00,0x00,0x00,0x00,0x00,
    0x00,0x00,0x00,0x00,0x00,0x00,0x00,0x00,0x00,0x00,0x00,0x00,0x00,0x00,0x00,0x00,
    0x00,0x00,0x00,0x00,0x00,0x36,0xDB,0x6D,0xB6,0xDB,0x6C,0x00,0x00,0x00,0x00,0x00,
    0x00,0x00,0x00,0x00,0x00,0x36,0xDB,0x6D,0xB6,0xDB,0x6C,0x00,0x00,0x00,0x00,0x00,
    0x00,0x00,0x00,0x00,0x00,0x00,0x00,0x00,0x00,0x00,0x00,0x00,0x00,0x00,0x00,0x00,
    0x00,0x00,0x00,0x00,0x01,0xB6,0xC0,0x0D,0xB0,0x03,0x6D,0x80,0x00,0x00,0x00,0x00,
    0x00,0x00,0x00,0x00,0x01,0xB6,0xC0,0x0D,0xB0,0x03,0x6D,0x80,0x00,0x00,0x00,0x00,
    0x00,0x00,0x00,0x00,0x00,0x00,0x00,0x00,0x00,0x00,0x00,0x00,0x00,0x00,0x00,0x00,
    0x00,0x00,0x00,0x00,0x0D,0x80,0x00,0x0D,0xB0,0x00,0x01,0xB0,0x00,0x00,0x00,0x00,
    0x00,0x00,0x00,0x00,0x0D,0x80,0x00,0x0D,0xB0,0x00,0x01,0xB0,0x00,0x00,0x00,0x00,
    0x00,0x00,0x00,0x00,0x00,0x00,0x00,0x00,0x00,0x00,0x00,0x00,0x00,0x00,0x00,0x00,
    0x00,0x00,0x00,0x00,0x0C,0x00,0x00,0x00,0x00,0x00,0x00,0x30,0x00,0x00,0x00,0x00,
    0x00,0x00,0x00,0x00,0x0C,0x00,0x00,0x00,0x00,0x00,0x00,0x30,0x00,0x00,0x00,0x00,
    0x00,0x00,0x00,0x00,0x00,0x00,0x00,0x00,0x00,0x00,0x00,0x00,0x00,0x00,0x00,0x00,
    0x00,0x00,0x00,0x00,0x0D,0x80,0x00,0x00,0x00,0x00,0x01,0xB0,0x00,0x00,0x00,0x00,
    0x00,0x00,0x00,0x00,0x0D,0x80,0x00,0x00,0x00,0x00,0x01,0xB0,0x00,0x00,0x00,0x00,
    0x00,0x00,0x00,0x00,0x00,0x00,0x00,0x00,0x00,0x00,0x00,0x00,0x00,0x00,0x00,0x00,
    0x00,0x00,0x00,0x00,0x0D,0xB6,0x00,0x00,0x00,0x00,0x6D,0xB0,0x00,0x00,0x00,0x00,
    0x00,0x00,0x00,0x00,0x0D,0xB6,0x00,0x00,0x00,0x00,0x6D,0xB0,0x00,0x00,0x00,0x00,
    0x00,0x00,0x00,0x00,0x00,0x00,0x00,0x00,0x00,0x00,0x00,0x00,0x00,0x00,0x00,0x00,
    0x00,0x00,0x00,0x00,0x01,0xB6,0xC0,0x00,0x00,0x03,0x6D,0x80,0x00,0x00,0x00,0x00,
    0x00,0x00,0x00,0x00,0x01,0xB6,0xC0,0x00,0x00,0x03,0x6D,0x80,0x00,0x00,0x00,0x00,
    0x00,0x00,0x00,0x00,0x00,0x00,0x00,0x00,0x00,0x00,0x00,0x00,0x00,0x00,0x00,0x00,
    0x00,0x00,0x00,0x00,0x01,0xB6,0xDB,0x00,0x00,0xDB,0x6D,0x80,0x00,0x00,0x00,0x00,
    0x00,0x00,0x00,0x00,0x01,0xB6,0xDB,0x00,0x00,0xDB,0x6D,0x80,0x00,0x00,0x00,0x00,
    0x00,0x00,0x00,0x00,0x00,0x00,0x00,0x00,0x00,0x00,0x00,0x00,0x00,0x00,0x00,0x00,
    0x00,0x00,0x00,0x00,0x00,0x36,0xDB,0x6C,0x36,0xDB,0x6C,0x00,0x00,0x00,0x00,0x00,
    0x00,0x00,0x00,0x00,0x00,0x36,0xDB,0x6C,0x36,0xDB,0x6C,0x00,0x00,0x00,0x00,0x00,
    0x00,0x00,0x00,0x00,0x00,0x00,0x00,0x00,0x00,0x00,0x00,0x00,0x00,0x00,0x00,0x00,
    0x00,0x00,0x00,0x00,0x00,0x36,0xDB,0x6D,0xB6,0xDB,0x6C,0x00,0x00,0x00,0x00,0x00,
    0x00,0x00,0x00,0x00,0x00,0x36,0xDB,0x6D,0xB6,0xDB,0x6C,0x00,0x00,0x00,0x00,0x00,
    0x00,0x00,0x00,0x00,0x00,0x00,0x00,0x00,0x00,0x00,0x00,0x00,0x00,0x00,0x00,0x00,
    0x00,0x00,0x00,0x00,0x00,0x06,0xDB,0x6D,0xB6,0xDB,0x60,0x00,0x00,0x00,0x00,0x00,
    0x00,0x00,0x00,0x00,0x00,0x06,0xDB,0x6D,0xB6,0xDB,0x60,0x00,0x00,0x00,0x00,0x00,
    0x00,0x00,0x00,0x00,0x00,0x00,0x00,0x00,0x00,0x00,0x00,0x00,0x00,0x00,0x00,0x00,
    0x00,0x00,0x00,0x00,0x00,0x00,0xDB,0x6D,0xB6,0xDB,0x00,0x00,0x00,0x00,0x00,0x00,
    0x00,0x00,0x00,0x00,0x00,0x00,0xDB,0x6D,0xB6,0xDB,0x00,0x00,0x00,0x00,0x00,0x00,
    0x00,0x00,0x00,0x00,0x00,0x00,0x00,0x00,0x00,0x00,0x00,0x00,0x00,0x00,0x00,0x00,
    0x00,0x00,0x00,0x00,0x00,0x00,0xDB,0x6D,0xB6,0xDB,0x00,0x00,0x00,0x00,0x00,0x00,
    0x00,0x00,0x00,0x00,0x00,0x00,0xDB,0x6D,0xB6,0xDB,0x00,0x00,0x00,0x00,0x00,0x00,
    0x00,0x00,0x00,0x00,0x00,0x00,0x00,0x00,0x00,0x00,0x00,0x00,0x00,0x00,0x00,0x00,
    0x00,0x00,0x00,0x00,0x00,0x00,0x1B,0x6D,0xB6,0xD8,0x00,0x00,0x00,0x00,0x00,0x00,
    0x00,0x00,0x00,0x00,0x00,0x00,0x1B,0x6D,0xB6,0xD8,0x00,0x00,0x00,0x00,0x00,0x00,
    0x00,0x00,0x00,0x00,0x00,0x00,0x00,0x00,0x00,0x00,0x00,0x00,0x00,0x00,0x00,0x00,
    0x00,0x00,0x00,0x00,0x00,0x00,0x03,0x6D,0xB6,0xC0,0x00,0x00,0x00,0x00,0x00,0x00,
    0x00,0x00,0x00,0x00,0x00,0x00,0x03,0x6D,0xB6,0xC0,0x00,0x00,0x00,0x00,0x00,0x00,
    0x00,0x00,0x00,0x00,0x00,0x00,0x00,0x00,0x00,0x00,0x00,0x00,0x00,0x00,0x00,0x00,
  },
  {  // 40: V2_RHOTIC_ER
    0x00,0x00,0x00,0x00,0x00,0x00,0x00,0x00,0x00,0x00,0x00,0x00,0x00,0x00,0x00,0x00,
    0x00,0x00,0x00,0x00,0x00,0x00,0x1B,0x00,0x00,0xD8,0x00,0x00,0x00,0x00,0x00,0x00,
    0x00,0x00,0x00,0x00,0x00,0x00,0x1B,0x00,0x00,0xD8,0x00,0x00,0x00,0x00,0x00,0x00,
    0x00,0x00,0x00,0x00,0x00,0x00,0x00,0x00,0x00,0x00,0x00,0x00,0x00,0x00,0x00,0x00,
    0x00,0x00,0x00,0x00,0x00,0x00,0xDB,0x60,0x06,0xDB,0x00,0x00,0x00,0x00,0x00,0x00,
    0x00,0x00,0x00,0x00,0x00,0x00,0xDB,0x60,0x06,0xDB,0x00,0x00,0x00,0x00,0x00,0x00,
    0x00,0x00,0x00,0x00,0x00,0x00,0x00,0x00,0x00,0x00,0x00,0x00,0x00,0x00,0x00,0x00,
    0x00,0x00,0x00,0x00,0x00,0x00,0xDB,0x6C,0x36,0xDB,0x60,0x00,0x00,0x00,0x00,0x00,
    0x00,0x00,0x00,0x00,0x00,0x00,0xDB,0x6C,0x36,0xDB,0x60,0x00,0x00,0x00,0x00,0x00,
    0x00,0x00,0x00,0x00,0x00,0x00,0x00,0x00,0x00,0x00,0x00,0x00,0x00,0x00,0x00,0x00,
    0x00,0x00,0x00,0x00,0x00,0x06,0xDB,0x6D,0xB6,0xDB,0x60,0x00,0x00,0x00,0x00,0x00,
    0x00,0x00,0x00,0x00,0x00,0x06,0xDB,0x6D,0xB6,0xDB,0x60,0x00,0x00,0x00,0x00,0x00,
    0x00,0x00,0x00,0x00,0x00,0x00,0x00,0x00,0x00,0x00,0x00,0x00,0x00,0x00,0x00,0x00,
    0x00,0x00,0x00,0x00,0x00,0x36,0xDB,0x6D,0xB6,0xDB,0x6C,0x00,0x00,0x00,0x00,0x00,
    0x00,0x00,0x00,0x00,0x00,0x36,0xDB,0x6D,0xB6,0xDB,0x6C,0x00,0x00,0x00,0x00,0x00,
    0x00,0x00,0x00,0x00,0x00,0x00,0x00,0x00,0x00,0x00,0x00,0x00,0x00,0x00,0x00,0x00,
    0x00,0x00,0x00,0x00,0x01,0xB6,0xDB,0x6D,0xB6,0xDB,0x6C,0x00,0x00,0x00,0x00,0x00,
    0x00,0x00,0x00,0x00,0x01,0xB6,0xDB,0x6D,0xB6,0xDB,0x6C,0x00,0x00,0x00,0x00,0x00,
    0x00,0x00,0x00,0x00,0x00,0x00,0x00,0x00,0x00,0x00,0x00,0x00,0x00,0x00,0x00,0x00,
    0x00,0x00,0x00,0x00,0x01,0xB6,0xDB,0x6D,0xB6,0xDB,0x6D,0x80,0x00,0x00,0x00,0x00,
    0x00,0x00,0x00,0x00,0x01,0xB6,0xDB,0x6D,0xB6,0xDB,0x6D,0x80,0x00,0x00,0x00,0x00,
    0x00,0x00,0x00,0x00,0x00,0x00,0x00,0x00,0x00,0x00,0x00,0x00,0x00,0x00,0x00,0x00,
    0x00,0x00,0x00,0x00,0x0D,0xB6,0x00,0x0D,0xB0,0x00,0x6D,0xB0,0x00,0x00,0x00,0x00,
    0x00,0x00,0x00,0x00,0x0D,0xB6,0x00,0x0D,0xB0,0x00,0x6D,0xB0,0x00,0x00,0x00,0x00,
    0x00,0x00,0x00,0x00,0x00,0x00,0x00,0x00,0x00,0x00,0x00,0x00,0x00,0x00,0x00,0x00,
    0x00,0x00,0x00,0x03,0x00,0x00,0x00,0x00,0x00,0x00,0x00,0x06,0xC0,0x00,0x00,0x00,
    0x00,0x00,0x00,0x03,0x00,0x00,0x00,0x00,0x00,0x00,0x00,0x06,0xC0,0x00,0x00,0x00,
    0x00,0x00,0x00,0x00,0x00,0x00,0x00,0x00,0x00,0x00,0x00,0x00,0x00,0x00,0x00,0x00,
    0x00,0x00,0x00,0x18,0x00,0x00,0x00,0x00,0x00,0x00,0x00,0x00,0x18,0x00,0x00,0x00,
    0x00,0x00,0x00,0x18,0x00,0x00,0x00,0x00,0x00,0x00,0x00,0x00,0x18,0x00,0x00,0x00,
    0x00,0x00,0x00,0x00,0x00,0x00,0x00,0x00,0x00,0x00,0x00,0x00,0x00,0x00,0x00,0x00,
    0x00,0x00,0x00,0x03,0x60,0x00,0x00,0x00,0x00,0x00,0x00,0x00,0xC0,0x00,0x00,0x00,
    0x00,0x00,0x00,0x03,0x60,0x00,0x00,0x00,0x00,0x00,0x00,0x00,0xC0,0x00,0x00,0x00,
    0x00,0x00,0x00,0x00,0x00,0x00,0x00,0x00,0x00,0x00,0x00,0x00,0x00,0x00,0x00,0x00,
    0x00,0x00,0x00,0x03,0x6D,0x80,0x00,0x00,0x00,0x00,0x00,0x36,0xC0,0x00,0x00,0x00,
    0x00,0x00,0x00,0x03,0x6D,0x80,0x00,0x00,0x00,0x00,0x00,0x36,0xC0,0x00,0x00,0x00,
    0x00,0x00,0x00,0x00,0x00,0x00,0x00,0x00,0x00,0x00,0x00,0x00,0x00,0x00,0x00,0x00,
    0x00,0x00,0x00,0x00,0x6D,0xB0,0x00,0x00,0x00,0x00,0x0D,0xB6,0x00,0x00,0x00,0x00,
    0x00,0x00,0x00,0x00,0x6D,0xB0,0x00,0x00,0x00,0x00,0x0D,0xB6,0x00,0x00,0x00,0x00,
    0x00,0x00,0x00,0x00,0x00,0x00,0x00,0x00,0x00,0x00,0x00,0x00,0x00,0x00,0x00,0x00,
    0x00,0x00,0x00,0x00,0x6D,0xB6,0xC0,0x00,0x00,0x03,0x6D,0xB6,0x00,0x00,0x00,0x00,
    0x00,0x00,0x00,0x00,0x6D,0xB6,0xC0,0x00,0x00,0x03,0x6D,0xB6,0x00,0x00,0x00,0x00,
    0x00,0x00,0x00,0x00,0x00,0x00,0x00,0x00,0x00,0x00,0x00,0x00,0x00,0x00,0x00,0x00,
    0x00,0x00,0x00,0x00,0x0D,0xB6,0xDB,0x00,0x00,0xDB,0x6D,0xB0,0x00,0x00,0x00,0x00,
    0x00,0x00,0x00,0x00,0x0D,0xB6,0xDB,0x00,0x00,0xDB,0x6D,0xB0,0x00,0x00,0x00,0x00,
    0x00,0x00,0x00,0x00,0x00,0x00,0x00,0x00,0x00,0x00,0x00,0x00,0x00,0x00,0x00,0x00,
    0x00,0x00,0x00,0x00,0x0D,0xB6,0xDB,0x6D,0xB6,0xDB,0x6D,0xB0,0x00,0x00,0x00,0x00,
    0x00,0x00,0x00,0x00,0x0D,0xB6,0xDB,0x6D,0xB6,0xDB,0x6D,0xB0,0x00,0x00,0x00,0x00,
    0x00,0x00,0x00,0x00,0x00,0x00,0x00,0x00,0x00,0x00,0x00,0x00,0x00,0x00,0x00,0x00,
    0x00,0x00,0x00,0x00,0x01,0xB6,0xDB,0x6D,0xB6,0xDB,0x6D,0x80,0x00,0x00,0x00,0x00,
    0x00,0x00,0x00,0x00,0x01,0xB6,0xDB,0x6D,0xB6,0xDB,0x6D,0x80,0x00,0x00,0x00,0x00,
    0x00,0x00,0x00,0x00,0x00,0x00,0x00,0x00,0x00,0x00,0x00,0x00,0x00,0x00,0x00,0x00,
    0x00,0x00,0x00,0x00,0x00,0x36,0xDB,0x6D,0xB6,0xDB,0x6C,0x00,0x00,0x00,0x00,0x00,
    0x00,0x00,0x00,0x00,0x00,0x36,0xDB,0x6D,0xB6,0xDB,0x6C,0x00,0x00,0x00,0x00,0x00,
    0x00,0x00,0x00,0x00,0x00,0x00,0x00,0x00,0x00,0x00,0x00,0x00,0x00,0x00,0x00,0x00,
    0x00,0x00,0x00,0x00,0x00,0x06,0xDB,0x6D,0xB6,0xDB,0x60,0x00,0x00,0x00,0x00,0x00,
    0x00,0x00,0x00,0x00,0x00,0x06,0xDB,0x6D,0xB6,0xDB,0x60,0x00,0x00,0x00,0x00,0x00,
    0x00,0x00,0x00,0x00,0x00,0x00,0x00,0x00,0x00,0x00,0x00,0x00,0x00,0x00,0x00,0x00,
    0x00,0x00,0x00,0x00,0x00,0x00,0xDB,0x6D,0xB6,0xDB,0x60,0x00,0x00,0x00,0x00,0x00,
    0x00,0x00,0x00,0x00,0x00,0x00,0xDB,0x6D,0xB6,0xDB,0x60,0x00,0x00,0x00,0x00,0x00,
    0x00,0x00,0x00,0x00,0x00,0x00,0x00,0x00,0x00,0x00,0x00,0x00,0x00,0x00,0x00,0x00,
    0x00,0x00,0x00,0x00,0x00,0x00,0x1B,0x6D,0xB6,0xDB,0x00,0x00,0x00,0x00,0x00,0x00,
    0x00,0x00,0x00,0x00,0x00,0x00,0x1B,0x6D,0xB6,0xDB,0x00,0x00,0x00,0x00,0x00,0x00,
    0x00,0x00,0x00,0x00,0x00,0x00,0x00,0x00,0x00,0x00,0x00,0x00,0x00,0x00,0x00,0x00,
  },
  {  // 41: V2_BREATH_H
    0x00,0x00,0x00,0x00,0x00,0x00,0x00,0x00,0x00,0x00,0x00,0x00,0x00,0x00,0x00,0x00,
    0x00,0x00,0x00,0x00,0x00,0x36,0xDB,0x60,0x06,0xDB,0x6C,0x00,0x00,0x00,0x00,0x00,
    0x00,0x00,0x00,0x00,0x00,0x36,0xDB,0x60,0x06,0xDB,0x6C,0x00,0x00,0x00,0x00,0x00,
    0x00,0x00,0x00,0x00,0x00,0x00,0x00,0x00,0x00,0x00,0x00,0x00,0x00,0x00,0x00,0x00,
    0x00,0x00,0x00,0x00,0x00,0x36,0xDB,0x6D,0xB6,0xDB,0x6C,0x00,0x00,0x00,0x00,0x00,
    0x00,0x00,0x00,0x00,0x00,0x36,0xDB,0x6D,0xB6,0xDB,0x6C,0x00,0x00,0x00,0x00,0x00,
    0x00,0x00,0x00,0x00,0x00,0x00,0x00,0x00,0x00,0x00,0x00,0x00,0x00,0x00,0x00,0x00,
    0x00,0x00,0x00,0x00,0x01,0xB6,0xDB,0x6D,0xB6,0xDB,0x6D,0x80,0x00,0x00,0x00,0x00,
    0x00,0x00,0x00,0x00,0x01,0xB6,0xDB,0x6D,0xB6,0xDB,0x6D,0x80,0x00,0x00,0x00,0x00,
    0x00,0x00,0x00,0x00,0x00,0x00,0x00,0x00,0x00,0x00,0x00,0x00,0x00,0x00,0x00,0x00,
    0x00,0x00,0x00,0x00,0x0D,0xB6,0xDB,0x6D,0xB6,0xDB,0x6D,0xB0,0x00,0x00,0x00,0x00,
    0x00,0x00,0x00,0x00,0x0D,0xB6,0xDB,0x6D,0xB6,0xDB,0x6D,0xB0,0x00,0x00,0x00,0x00,
    0x00,0x00,0x00,0x00,0x00,0x00,0x00,0x00,0x00,0x00,0x00,0x00,0x00,0x00,0x00,0x00,
    0x00,0x00,0x00,0x00,0x6D,0xB6,0xDB,0x6D,0xB6,0xDB,0x6D,0xB6,0x00,0x00,0x00,0x00,
    0x00,0x00,0x00,0x00,0x6D,0xB6,0xDB,0x6D,0xB6,0xDB,0x6D,0xB6,0x00,0x00,0x00,0x00,
    0x00,0x00,0x00,0x00,0x00,0x00,0x00,0x00,0x00,0x00,0x00,0x00,0x00,0x00,0x00,0x00,
    0x00,0x00,0x00,0x03,0x6D,0xB0,0x00,0x6D,0xB6,0xC0,0x6D,0xB6,0xC0,0x00,0x00,0x00,
    0x00,0x00,0x00,0x03,0x6D,0xB0,0x00,0x6D,0xB6,0xC0,0x6D,0xB6,0xC0,0x00,0x00,0x00,
    0x00,0x00,0x00,0x00,0x00,0x00,0x00,0x00,0x00,0x00,0x00,0x00,0x00,0x00,0x00,0x00,
    0x00,0x00,0x00,0x18,0x00,0x00,0x00,0x0D,0xB0,0x00,0x00,0x00,0xD8,0x00,0x00,0x00,
    0x00,0x00,0x00,0x18,0x00,0x00,0x00,0x0D,0xB0,0x00,0x00,0x00,0xD8,0x00,0x00,0x00,
    0x00,0x00,0x00,0x00,0x00,0x00,0x00,0x00,0x00,0x00,0x00,0x00,0x00,0x00,0x00,0x00,
    0x00,0x00,0x06,0x00,0x00,0x00,0x00,0x00,0x00,0x00,0x00,0x00,0x00,0x60,0x00,0x00,
    0x00,0x00,0x06,0x00,0x00,0x00,0x00,0x00,0x00,0x00,0x00,0x00,0x00,0x60,0x00,0x00,
    0x00,0x00,0x00,0x00,0x00,0x00,0x00,0x00,0x00,0x00,0x00,0x00,0x00,0x00,0x00,0x00,
    0x00,0x00,0x00,0x00,0x00,0x00,0x00,0x00,0x00,0x00,0x00,0x00,0x00,0x0C,0x00,0x00,
    0x00,0x00,0x00,0x00,0x00,0x00,0x00,0x00,0x00,0x00,0x00,0x00,0x00,0x0C,0x00,0x00,
    0x00,0x00,0x00,0x00,0x00,0x00,0x00,0x00,0x00,0x00,0x00,0x00,0x00,0x00,0x00,0x00,
    0x00,0x00,0x00,0x00,0x00,0x00,0x00,0x00,0x00,0x00,0x00,0x00,0x00,0x00,0x00,0x00,
    0x00,0x00,0x00,0x00,0x00,0x00,0x00,0x00,0x00,0x00,0x00,0x00,0x00,0x00,0x00,0x00,
    0x00,0x00,0x00,0x00,0x00,0x00,0x00,0x00,0x00,0x00,0x00,0x00,0x00,0x00,0x00,0x00,
    0x00,0x00,0x30,0x00,0x00,0x00,0x00,0x00,0x00,0x00,0x00,0x00,0x00,0x00,0x00,0x00,
    0x00,0x00,0x30,0x00,0x00,0x00,0x00,0x00,0x00,0x00,0x00,0x00,0x00,0x00,0x00,0x00,
    0x00,0x00,0x00,0x00,0x00,0x00,0x00,0x00,0x00,0x00,0x00,0x00,0x00,0x00,0x00,0x00,
    0x00,0x00,0x36,0x00,0x00,0x00,0x00,0x00,0x00,0x00,0x00,0x00,0x00,0x6C,0x00,0x00,
    0x00,0x00,0x36,0x00,0x00,0x00,0x00,0x00,0x00,0x00,0x00,0x00,0x00,0x6C,0x00,0x00,
    0x00,0x00,0x00,0x00,0x00,0x00,0x00,0x00,0x00,0x00,0x00,0x00,0x00,0x00,0x00,0x00,
    0x00,0x00,0x06,0xC0,0x00,0x00,0x00,0x00,0x00,0x00,0x00,0x00,0x03,0x60,0x00,0x00,
    0x00,0x00,0x06,0xC0,0x00,0x00,0x00,0x00,0x00,0x00,0x00,0x00,0x03,0x60,0x00,0x00,
    0x00,0x00,0x00,0x00,0x00,0x00,0x00,0x00,0x00,0x00,0x00,0x00,0x00,0x00,0x00,0x00,
    0x00,0x00,0x06,0xDB,0x00,0x00,0x00,0x00,0x00,0x00,0x00,0x00,0xDB,0x60,0x00,0x00,
    0x00,0x00,0x06,0xDB,0x00,0x00,0x00,0x00,0x00,0x00,0x00,0x00,0xDB,0x60,0x00,0x00,
    0x00,0x00,0x00,0x00,0x00,0x00,0x00,0x00,0x00,0x00,0x00,0x00,0x00,0x00,0x00,0x00,
    0x00,0x00,0x00,0xDB,0x6D,0x80,0x00,0x00,0x00,0x00,0x00,0x36,0xDB,0x00,0x00,0x00,
    0x00,0x00,0x00,0xDB,0x6D,0x80,0x00,0x00,0x00,0x00,0x00,0x36,0xDB,0x00,0x00,0x00,
    0x00,0x00,0x00,0x00,0x00,0x00,0x00,0x00,0x00,0x00,0x00,0x00,0x00,0x00,0x00,0x00,
    0x00,0x00,0x00,0xDB,0x6D,0xB6,0x00,0x00,0x00,0x00,0x6D,0xB6,0xDB,0x00,0x00,0x00,
    0x00,0x00,0x00,0xDB,0x6D,0xB6,0x00,0x00,0x00,0x00,0x6D,0xB6,0xDB,0x00,0x00,0x00,
    0x00,0x00,0x00,0x00,0x00,0x00,0x00,0x00,0x00,0x00,0x00,0x00,0x00,0x00,0x00,0x00,
    0x00,0x00,0x00,0x1B,0x6D,0xB6,0xD8,0x00,0x00,0x1B,0x6D,0xB6,0xD8,0x00,0x00,0x00,
    0x00,0x00,0x00,0x1B,0x6D,0xB6,0xD8,0x00,0x00,0x1B,0x6D,0xB6,0xD8,0x00,0x00,0x00,
    0x00,0x00,0x00,0x00,0x00,0x00,0x00,0x00,0x00,0x00,0x00,0x00,0x00,0x00,0x00,0x00,
    0x00,0x00,0x00,0x03,0x6D,0xB6,0xDB,0x6D,0xB6,0xDB,0x6D,0xB6,0xC0,0x00,0x00,0x00,
    0x00,0x00,0x00,0x03,0x6D,0xB6,0xDB,0x6D,0xB6,0xDB,0x6D,0xB6,0xC0,0x00,0x00,0x00,
    0x00,0x00,0x00,0x00,0x00,0x00,0x00,0x00,0x00,0x00,0x00,0x00,0x00,0x00,0x00,0x00,
    0x00,0x00,0x00,0x00,0x6D,0xB6,0xDB,0x6D,0xB6,0xDB,0x6D,0xB6,0xC0,0x00,0x00,0x00,
    0x00,0x00,0x00,0x00,0x6D,0xB6,0xDB,0x6D,0xB6,0xDB,0x6D,0xB6,0xC0,0x00,0x00,0x00,
    0x00,0x00,0x00,0x00,0x00,0x00,0x00,0x00,0x00,0x00,0x00,0x00,0x00,0x00,0x00,0x00,
    0x00,0x00,0x00,0x00,0x0D,0xB6,0xDB,0x6D,0xB6,0xDB,0x6D,0xB6,0x00,0x00,0x00,0x00,
    0x00,0x00,0x00,0x00,0x0D,0xB6,0xDB,0x6D,0xB6,0xDB,0x6D,0xB6,0x00,0x00,0x00,0x00,
    0x00,0x00,0x00,0x00,0x00,0x00,0x00,0x00,0x00,0x00,0x00,0x00,0x00,0x00,0x00,0x00,
    0x00,0x00,0x00,0x00,0x0D,0xB6,0xDB,0x6D,0xB6,0xDB,0x6D,0xB0,0x00,0x00,0x00,0x00,
    0x00,0x00,0x00,0x00,0x0D,0xB6,0xDB,0x6D,0xB6,0xDB,0x6D,0xB0,0x00,0x00,0x00,0x00,
    0x00,0x00,0x00,0x00,0x00,0x00,0x00,0x00,0x00,0x00,0x00,0x00,0x00,0x00,0x00,0x00,
  },
  {  // 42: V2_SIDE_L
    0x00,0x00,0x00,0x00,0x00,0x00,0x00,0x00,0x00,0x00,0x00,0x00,0x00,0x00,0x00,0x00,
    0x00,0x00,0x00,0x00,0x00,0x00,0x00,0x00,0x00,0x1B,0x60,0x00,0x00,0x00,0x00,0x00,
    0x00,0x00,0x00,0x00,0x00,0x00,0x00,0x00,0x00,0x1B,0x60,0x00,0x00,0x00,0x00,0x00,
    0x00,0x00,0x00,0x00,0x00,0x00,0x00,0x00,0x00,0x00,0x00,0x00,0x00,0x00,0x00,0x00,
    0x00,0x00,0x00,0x00,0x00,0x36,0xD8,0x00,0x00,0xDB,0x6C,0x00,0x00,0x00,0x00,0x00,
    0x00,0x00,0x00,0x00,0x00,0x36,0xD8,0x00,0x00,0xDB,0x6C,0x00,0x00,0x00,0x00,0x00,
    0x00,0x00,0x00,0x00,0x00,0x00,0x00,0x00,0x00,0x00,0x00,0x00,0x00,0x00,0x00,0x00,
    0x00,0x00,0x00,0x00,0x01,0xB6,0xDB,0x60,0x06,0xDB,0x6D,0x80,0x00,0x00,0x00,0x00,
    0x00,0x00,0x00,0x00,0x01,0xB6,0xDB,0x60,0x06,0xDB,0x6D,0x80,0x00,0x00,0x00,0x00,
    0x00,0x00,0x00,0x00,0x00,0x00,0x00,0x00,0x00,0x00,0x00,0x00,0x00,0x00,0x00,0x00,
    0x00,0x00,0x00,0x00,0x01,0xB6,0xDB,0x6D,0xB6,0xDB,0x6D,0xB0,0x00,0x00,0x00,0x00,
    0x00,0x00,0x00,0x00,0x01,0xB6,0xDB,0x6D,0xB6,0xDB,0x6D,0xB0,0x00,0x00,0x00,0x00,
    0x00,0x00,0x00,0x00,0x00,0x00,0x00,0x00,0x00,0x00,0x00,0x00,0x00,0x00,0x00,0x00,
    0x00,0x00,0x00,0x00,0x0D,0xB6,0xDB,0x6D,0xB6,0xDB,0x6D,0xB6,0x00,0x00,0x00,0x00,
    0x00,0x00,0x00,0x00,0x0D,0xB6,0xDB,0x6D,0xB6,0xDB,0x6D,0xB6,0x00,0x00,0x00,0x00,
    0x00,0x00,0x00,0x00,0x00,0x00,0x00,0x00,0x00,0x00,0x00,0x00,0x00,0x00,0x00,0x00,
    0x00,0x00,0x00,0x00,0x6D,0xB6,0xDB,0x6D,0xB6,0xDB,0x6D,0xB6,0xC0,0x00,0x00,0x00,
    0x00,0x00,0x00,0x00,0x6D,0xB6,0xDB,0x6D,0xB6,0xDB,0x6D,0xB6,0xC0,0x00,0x00,0x00,
    0x00,0x00,0x00,0x00,0x00,0x00,0x00,0x00,0x00,0x00,0x00,0x00,0x00,0x00,0x00,0x00,
    0x00,0x00,0x00,0x1B,0x6D,0xB6,0xDB,0x6D,0xB6,0xDB,0x6D,0xB6,0xDB,0x00,0x00,0x00,
    0x00,0x00,0x00,0x1B,0x6D,0xB6,0xDB,0x6D,0xB6,0xDB,0x6D,0xB6,0xDB,0x00,0x00,0x00,
    0x00,0x00,0x00,0x00,0x00,0x00,0x00,0x00,0x00,0x00,0x00,0x00,0x00,0x00,0x00,0x00,
    0x00,0x00,0x00,0xDB,0x6D,0xB0,0x03,0x6D,0xB6,0x00,0x00,0x00,0x00,0x6C,0x00,0x00,
    0x00,0x00,0x00,0xDB,0x6D,0xB0,0x03,0x6D,0xB6,0x00,0x00,0x00,0x00,0x6C,0x00,0x00,
    0x00,0x00,0x00,0x00,0x00,0x00,0x00,0x00,0x00,0x00,0x00,0x00,0x00,0x00,0x00,0x00,
    0x00,0x00,0x36,0xC0,0x00,0x00,0x00,0x0D,0x80,0x00,0x00,0x00,0x00,0x01,0xB0,0x00,
    0x00,0x00,0x36,0xC0,0x00,0x00,0x00,0x0D,0x80,0x00,0x00,0x00,0x00,0x01,0xB0,0x00,
    0x00,0x00,0x00,0x00,0x00,0x00,0x00,0x00,0x00,0x00,0x00,0x00,0x00,0x00,0x00,0x00,
    0x00,0x0C,0x00,0x00,0x00,0x00,0x00,0x00,0x00,0x00,0x00,0x00,0x00,0x01,0x80,0x00,
    0x00,0x0C,0x00,0x00,0x00,0x00,0x00,0x00,0x00,0x00,0x00,0x00,0x00,0x01,0x80,0x00,
    0x00,0x00,0x00,0x00,0x00,0x00,0x00,0x00,0x00,0x00,0x00,0x00,0x00,0x00,0x00,0x00,
    0x00,0x0D,0x80,0x00,0x00,0x00,0x00,0x00,0x00,0x00,0x00,0x00,0x03,0x6C,0x00,0x00,
    0x00,0x0D,0x80,0x00,0x00,0x00,0x00,0x00,0x00,0x00,0x00,0x00,0x03,0x6C,0x00,0x00,
    0x00,0x00,0x00,0x00,0x00,0x00,0x00,0x00,0x00,0x00,0x00,0x00,0x00,0x00,0x00,0x00,
    0x00,0x01,0xB6,0x00,0x00,0x00,0x00,0x00,0x00,0x00,0x00,0x06,0xDB,0x6C,0x00,0x00,
    0x00,0x01,0xB6,0x00,0x00,0x00,0x00,0x00,0x00,0x00,0x00,0x06,0xDB,0x6C,0x00,0x00,
    0x00,0x00,0x00,0x00,0x00,0x00,0x00,0x00,0x00,0x00,0x00,0x00,0x00,0x00,0x00,0x00,
    0x00,0x01,0xB6,0xDB,0x00,0x00,0x00,0x00,0x00,0x00,0x01,0xB6,0xDB,0x60,0x00,0x00,
    0x00,0x01,0xB6,0xDB,0x00,0x00,0x00,0x00,0x00,0x00,0x01,0xB6,0xDB,0x60,0x00,0x00,
    0x00,0x00,0x00,0x00,0x00,0x00,0x00,0x00,0x00,0x00,0x00,0x00,0x00,0x00,0x00,0x00,
    0x00,0x00,0x36,0xDB,0x6D,0xB0,0x00,0x00,0x00,0x03,0x6D,0xB6,0xDB,0x00,0x00,0x00,
    0x00,0x00,0x36,0xDB,0x6D,0xB0,0x00,0x00,0x00,0x03,0x6D,0xB6,0xDB,0x00,0x00,0x00,
    0x00,0x00,0x00,0x00,0x00,0x00,0x00,0x00,0x00,0x00,0x00,0x00,0x00,0x00,0x00,0x00,
    0x00,0x00,0x06,0xDB,0x6D,0xB6,0xDB,0x00,0x06,0xDB,0x6D,0xB6,0xD8,0x00,0x00,0x00,
    0x00,0x00,0x06,0xDB,0x6D,0xB6,0xDB,0x00,0x06,0xDB,0x6D,0xB6,0xD8,0x00,0x00,0x00,
    0x00,0x00,0x00,0x00,0x00,0x00,0x00,0x00,0x00,0x00,0x00,0x00,0x00,0x00,0x00,0x00,
    0x00,0x00,0x00,0xDB,0x6D,0xB6,0xDB,0x6D,0xB6,0xDB,0x6D,0xB6,0xC0,0x00,0x00,0x00,
    0x00,0x00,0x00,0xDB,0x6D,0xB6,0xDB,0x6D,0xB6,0xDB,0x6D,0xB6,0xC0,0x00,0x00,0x00,
    0x00,0x00,0x00,0x00,0x00,0x00,0x00,0x00,0x00,0x00,0x00,0x00,0x00,0x00,0x00,0x00,
    0x00,0x00,0x00,0x1B,0x6D,0xB6,0xDB,0x6D,0xB6,0xDB,0x6D,0xB6,0x00,0x00,0x00,0x00,
    0x00,0x00,0x00,0x1B,0x6D,0xB6,0xDB,0x6D,0xB6,0xDB,0x6D,0xB6,0x00,0x00,0x00,0x00,
    0x00,0x00,0x00,0x00,0x00,0x00,0x00,0x00,0x00,0x00,0x00,0x00,0x00,0x00,0x00,0x00,
    0x00,0x00,0x00,0x03,0x6D,0xB6,0xDB,0x6D,0xB6,0xDB,0x6D,0xB0,0x00,0x00,0x00,0x00,
    0x00,0x00,0x00,0x03,0x6D,0xB6,0xDB,0x6D,0xB6,0xDB,0x6D,0xB0,0x00,0x00,0x00,0x00,
    0x00,0x00,0x00,0x00,0x00,0x00,0x00,0x00,0x00,0x00,0x00,0x00,0x00,0x00,0x00,0x00,
    0x00,0x00,0x00,0x00,0x0D,0xB6,0xDB,0x6D,0xB6,0xDB,0x6D,0x80,0x00,0x00,0x00,0x00,
    0x00,0x00,0x00,0x00,0x0D,0xB6,0xDB,0x6D,0xB6,0xDB,0x6D,0x80,0x00,0x00,0x00,0x00,
    0x00,0x00,0x00,0x00,0x00,0x00,0x00,0x00,0x00,0x00,0x00,0x00,0x00,0x00,0x00,0x00,
    0x00,0x00,0x00,0x00,0x01,0xB6,0xDB,0x6D,0xB6,0xDB,0x60,0x00,0x00,0x00,0x00,0x00,
    0x00,0x00,0x00,0x00,0x01,0xB6,0xDB,0x6D,0xB6,0xDB,0x60,0x00,0x00,0x00,0x00,0x00,
    0x00,0x00,0x00,0x00,0x00,0x00,0x00,0x00,0x00,0x00,0x00,0x00,0x00,0x00,0x00,0x00,
    0x00,0x00,0x00,0x00,0x00,0x06,0xDB,0x6D,0xB6,0xD8,0x00,0x00,0x00,0x00,0x00,0x00,
    0x00,0x00,0x00,0x00,0x00,0x06,0xDB,0x6D,0xB6,0xD8,0x00,0x00,0x00,0x00,0x00,0x00,
    0x00,0x00,0x00,0x00,0x00,0x00,0x00,0x00,0x00,0x00,0x00,0x00,0x00,0x00,0x00,0x00,
  },
  {  // 43: V2_SIDE_SH
    0x00,0x00,0x00,0x00,0x00,0x00,0x00,0x00,0x00,0x00,0x00,0x00,0x00,0x00,0x00,0x00,
    0x00,0x00,0x00,0x00,0x00,0x00,0xDB,0x00,0x00,0x1B,0x00,0x00,0x00,0x00,0x00,0x00,
    0x00,0x00,0x00,0x00,0x00,0x00,0xDB,0x00,0x00,0x1B,0x00,0x00,0x00,0x00,0x00,0x00,
    0x00,0x00,0x00,0x00,0x00,0x00,0x00,0x00,0x00,0x00,0x00,0x00,0x00,0x00,0x00,0x00,
    0x00,0x00,0x00,0x00,0x00,0x06,0xDB,0x60,0x06,0xDB,0x60,0x00,0x00,0x00,0x00,0x00,
    0x00,0x00,0x00,0x00,0x00,0x06,0xDB,0x60,0x06,0xDB,0x60,0x00,0x00,0x00,0x00,0x00,
    0x00,0x00,0x00,0x00,0x00,0x00,0x00,0x00,0x00,0x00,0x00,0x00,0x00,0x00,0x00,0x00,
    0x00,0x00,0x00,0x00,0x00,0x36,0xDB,0x6C,0x36,0xDB,0x6C,0x00,0x00,0x00,0x00,0x00,
    0x00,0x00,0x00,0x00,0x00,0x36,0xDB,0x6C,0x36,0xDB,0x6C,0x00,0x00,0x00,0x00,0x00,
    0x00,0x00,0x00,0x00,0x00,0x00,0x00,0x00,0x00,0x00,0x00,0x00,0x00,0x00,0x00,0x00,
    0x00,0x00,0x00,0x00,0x00,0x36,0xDB,0x6D,0xB6,0xDB,0x6D,0x80,0x00,0x00,0x00,0x00,
    0x00,0x00,0x00,0x00,0x00,0x36,0xDB,0x6D,0xB6,0xDB,0x6D,0x80,0x00,0x00,0x00,0x00,
    0x00,0x00,0x00,0x00,0x00,0x00,0x00,0x00,0x00,0x00,0x00,0x00,0x00,0x00,0x00,0x00,
    0x00,0x00,0x00,0x00,0x01,0xB6,0xDB,0x6D,0xB6,0xDB,0x6D,0x80,0x00,0x00,0x00,0x00,
    0x00,0x00,0x00,0x00,0x01,0xB6,0xDB,0x6D,0xB6,0xDB,0x6D,0x80,0x00,0x00,0x00,0x00,
    0x00,0x00,0x00,0x00,0x00,0x00,0x00,0x00,0x00,0x00,0x00,0x00,0x00,0x00,0x00,0x00,
    0x00,0x00,0x00,0x00,0x0D,0xB6,0xDB,0x6D,0xB6,0xDB,0x6D,0xB0,0x00,0x00,0x00,0x00,
    0x00,0x00,0x00,0x00,0x0D,0xB6,0xDB,0x6D,0xB6,0xDB,0x6D,0xB0,0x00,0x00,0x00,0x00,
    0x00,0x00,0x00,0x00,0x00,0x00,0x00,0x00,0x00,0x00,0x00,0x00,0x00,0x00,0x00,0x00,
    0x00,0x00,0x00,0x03,0x6D,0xB6,0xDB,0x6D,0xB6,0xDB,0x6D,0xB6,0x00,0x00,0x00,0x00,
    0x00,0x00,0x00,0x03,0x6D,0xB6,0xDB,0x6D,0xB6,0xDB,0x6D,0xB6,0x00,0x00,0x00,0x00,
    0x00,0x00,0x00,0x00,0x00,0x00,0x00,0x00,0x00,0x00,0x00,0x00,0x00,0x00,0x00,0x00,
    0x00,0x00,0x00,0x1B,0x6C,0x00,0x00,0x6D,0xB6,0x00,0x0D,0xB6,0xC0,0x00,0x00,0x00,
    0x00,0x00,0x00,0x1B,0x6C,0x00,0x00,0x6D,0xB6,0x00,0x0D,0xB6,0xC0,0x00,0x00,0x00,
    0x00,0x00,0x00,0x00,0x00,0x00,0x00,0x00,0x00,0x00,0x00,0x00,0x00,0x00,0x00,0x00,
    0x00,0x00,0x06,0x00,0x00,0x00,0x00,0x01,0xB0,0x00,0x00,0x00,0x1B,0x00,0x00,0x00,
    0x00,0x00,0x06,0x00,0x00,0x00,0x00,0x01,0xB0,0x00,0x00,0x00,0x1B,0x00,0x00,0x00,
    0x00,0x00,0x00,0x00,0x00,0x00,0x00,0x00,0x00,0x00,0x00,0x00,0x00,0x00,0x00,0x00,
    0x00,0x00,0x06,0xC0,0x00,0x00,0x00,0x00,0x00,0x00,0x00,0x00,0x00,0x6C,0x00,0x00,
    0x00,0x00,0x06,0xC0,0x00,0x00,0x00,0x00,0x00,0x00,0x00,0x00,0x00,0x6C,0x00,0x00,
    0x00,0x00,0x00,0x00,0x00,0x00,0x00,0x00,0x00,0x00,0x00,0x00,0x00,0x00,0x00,0x00,
    0x00,0x00,0x00,0xD8,0x00,0x00,0x00,0x00,0x00,0x00,0x00,0x00,0x00,0x60,0x00,0x00,
    0x00,0x00,0x00,0xD8,0x00,0x00,0x00,0x00,0x00,0x00,0x00,0x00,0x00,0x60,0x00,0x00,
    0x00,0x00,0x00,0x00,0x00,0x00,0x00,0x00,0x00,0x00,0x00,0x00,0x00,0x00,0x00,0x00,
    0x00,0x00,0x00,0xDB,0x60,0x00,0x00,0x00,0x00,0x00,0x00,0x00,0x1B,0x60,0x00,0x00,
    0x00,0x00,0x00,0xDB,0x60,0x00,0x00,0x00,0x00,0x00,0x00,0x00,0x1B,0x60,0x00,0x00,
    0x00,0x00,0x00,0x00,0x00,0x00,0x00,0x00,0x00,0x00,0x00,0x00,0x00,0x00,0x00,0x00,
    0x00,0x00,0x00,0x1B,0x6D,0x80,0x00,0x00,0x00,0x00,0x00,0x36,0xDB,0x00,0x00,0x00,
    0x00,0x00,0x00,0x1B,0x6D,0x80,0x00,0x00,0x00,0x00,0x00,0x36,0xDB,0x00,0x00,0x00,
    0x00,0x00,0x00,0x00,0x00,0x00,0x00,0x00,0x00,0x00,0x00,0x00,0x00,0x00,0x00,0x00,
    0x00,0x00,0x00,0x1B,0x6D,0xB6,0x00,0x00,0x00,0x00,0x6D,0xB6,0xD8,0x00,0x00,0x00,
    0x00,0x00,0x00,0x1B,0x6D,0xB6,0x00,0x00,0x00,0x00,0x6D,0xB6,0xD8,0x00,0x00,0x00,
    0x00,0x00,0x00,0x00,0x00,0x00,0x00,0x00,0x00,0x00,0x00,0x00,0x00,0x00,0x00,0x00,
    0x00,0x00,0x00,0x03,0x6D,0xB6,0xDB,0x00,0x00,0x1B,0x6D,0xB6,0xD8,0x00,0x00,0x00,
    0x00,0x00,0x00,0x03,0x6D,0xB6,0xDB,0x00,0x00,0x1B,0x6D,0xB6,0xD8,0x00,0x00,0x00,
    0x00,0x00,0x00,0x00,0x00,0x00,0x00,0x00,0x00,0x00,0x00,0x00,0x00,0x00,0x00,0x00,
    0x00,0x00,0x00,0x00,0x6D,0xB6,0xDB,0x6D,0xB6,0xDB,0x6D,0xB6,0xC0,0x00,0x00,0x00,
    0x00,0x00,0x00,0x00,0x6D,0xB6,0xDB,0x6D,0xB6,0xDB,0x6D,0xB6,0xC0,0x00,0x00,0x00,
    0x00,0x00,0x00,0x00,0x00,0x00,0x00,0x00,0x00,0x00,0x00,0x00,0x00,0x00,0x00,0x00,
    0x00,0x00,0x00,0x00,0x6D,0xB6,0xDB,0x6D,0xB6,0xDB,0x6D,0xB6,0x00,0x00,0x00,0x00,
    0x00,0x00,0x00,0x00,0x6D,0xB6,0xDB,0x6D,0xB6,0xDB,0x6D,0xB6,0x00,0x00,0x00,0x00,
    0x00,0x00,0x00,0x00,0x00,0x00,0x00,0x00,0x00,0x00,0x00,0x00,0x00,0x00,0x00,0x00,
    0x00,0x00,0x00,0x00,0x0D,0xB6,0xDB,0x6D,0xB6,0xDB,0x6D,0xB0,0x00,0x00,0x00,0x00,
    0x00,0x00,0x00,0x00,0x0D,0xB6,0xDB,0x6D,0xB6,0xDB,0x6D,0xB0,0x00,0x00,0x00,0x00,
    0x00,0x00,0x00,0x00,0x00,0x00,0x00,0x00,0x00,0x00,0x00,0x00,0x00,0x00,0x00,0x00,
    0x00,0x00,0x00,0x00,0x00,0x36,0xDB,0x6D,0xB6,0xDB,0x6D,0x80,0x00,0x00,0x00,0x00,
    0x00,0x00,0x00,0x00,0x00,0x36,0xDB,0x6D,0xB6,0xDB,0x6D,0x80,0x00,0x00,0x00,0x00,
    0x00,0x00,0x00,0x00,0x00,0x00,0x00,0x00,0x00,0x00,0x00,0x00,0x00,0x00,0x00,0x00,
    0x00,0x00,0x00,0x00,0x00,0x06,0xDB,0x6D,0xB6,0xDB,0x6C,0x00,0x00,0x00,0x00,0x00,
    0x00,0x00,0x00,0x00,0x00,0x06,0xDB,0x6D,0xB6,0xDB,0x6C,0x00,0x00,0x00,0x00,0x00,
    0x00,0x00,0x00,0x00,0x00,0x00,0x00,0x00,0x00,0x00,0x00,0x00,0x00,0x00,0x00,0x00,
    0x00,0x00,0x00,0x00,0x00,0x00,0xDB,0x6D,0xB6,0xDB,0x60,0x00,0x00,0x00,0x00,0x00,
    0x00,0x00,0x00,0x00,0x00,0x00,0xDB,0x6D,0xB6,0xDB,0x60,0x00,0x00,0x00,0x00,0x00,
    0x00,0x00,0x00,0x00,0x00,0x00,0x00,0x00,0x00,0x00,0x00,0x00,0x00,0x00,0x00,0x00,
  },
};
